{
  "type": "FeatureCollection",
  "generator": "overpass-turbo",
  "copyright": "The data included in this document is from www.openstreetmap.org. The data is made available under ODbL.",
  "timestamp": "2026-05-09T18:48:28Z",
  "features": [
    {
      "type": "Feature",
      "properties": {
        "@id": "relation/2025893",
        "addr:district": "Bengaluru Urban",
        "addr:postcode": "560002",
        "addr:state": "Karnataka",
        "amenity": "hospital",
        "building": "yes",
        "emergency": "yes",
        "healthcare": "hospital",
        "heritage": "2",
        "heritage:operator": "nmma",
        "heritage:website": "https://nmma.nic.in/nmma/exploreBuiltState.do?state=29",
        "name": "Vanivilas Women and Children Hospital",
        "name:kn": "ವಾಣಿ ವಿಲಾಸ ಮಹಿಳೆ ಮತ್ತು ಮಕ್ಕಳ ಆಸ್ಪತ್ರೆ",
        "ref:nmma": "KR20010691",
        "source": "OpenGovernmentData",
        "type": "multipolygon",
        "@geometry": "center"
      },
      "geometry": {
        "type": "Point",
        "coordinates": [
          77.5736889,
          12.9614692
        ]
      },
      "id": "relation/2025893"
    },
    {
      "type": "Feature",
      "properties": {
        "@id": "relation/2025895",
        "alt_name": "Minto Opthalmic Hospital",
        "amenity": "hospital",
        "building": "yes",
        "emergency": "yes",
        "heritage": "2",
        "heritage:operator": "nmma",
        "heritage:website": "https://nmma.nic.in/nmma/exploreBuiltState.do?state=29",
        "name": "Minto Eye Hospital",
        "name:kn": "ಮಿಂಟೋ ಕಣ್ಣಿನ ಆಸ್ಪತ್ರೆ",
        "ref:nmma": "KR20010694",
        "type": "multipolygon",
        "wikidata": "Q6869655",
        "@geometry": "center"
      },
      "geometry": {
        "type": "Point",
        "coordinates": [
          77.572289,
          12.9610731
        ]
      },
      "id": "relation/2025895"
    },
    {
      "type": "Feature",
      "properties": {
        "@id": "relation/2187206",
        "alt_name": "M S Ramaiah Teaching Hospital",
        "amenity": "hospital",
        "building": "yes",
        "emergency": "yes",
        "name": "M S Ramaiah Hospital",
        "name:etymology:wikidata": "Q6713104",
        "name:kn": "ರಾಮಯ್ಯ ಆಸ್ಪತ್ರೆ",
        "type": "multipolygon",
        "@geometry": "center"
      },
      "geometry": {
        "type": "Point",
        "coordinates": [
          77.5685912,
          13.0297293
        ]
      },
      "id": "relation/2187206"
    },
    {
      "type": "Feature",
      "properties": {
        "@id": "relation/2215604",
        "amenity": "hospital",
        "building": "yes",
        "emergency": "yes",
        "name": "Faculty Of Dental Sciences",
        "type": "multipolygon",
        "@geometry": "center"
      },
      "geometry": {
        "type": "Point",
        "coordinates": [
          77.5693751,
          13.0292222
        ]
      },
      "id": "relation/2215604"
    },
    {
      "type": "Feature",
      "properties": {
        "@id": "relation/4497967",
        "addr:district": "Bengaluru Urban",
        "addr:full": "82, Epip Area Nellurahalli White Field Road",
        "addr:postcode": "560066",
        "addr:state": "Karnataka",
        "amenity": "hospital",
        "building": "hospital",
        "building:colour": "#eecfaf",
        "building:levels": "4",
        "check_date": "2025-06-24",
        "emergency": "yes",
        "layer": "1",
        "min_level": "-1",
        "name": "Vydehi Institute Of Medical Sciences And Research Centre",
        "opening_hours": "24/7",
        "payment:cash": "yes",
        "payment:credit_cards": "yes",
        "payment:debit_cards": "yes",
        "roof:levels": "1",
        "roof:shape": "flat",
        "source": "OpenGovernmentData;local knowledge",
        "toilets:wheelchair": "yes",
        "type": "multipolygon",
        "wheelchair": "yes",
        "@geometry": "center"
      },
      "geometry": {
        "type": "Point",
        "coordinates": [
          77.7293535,
          12.9754934
        ]
      },
      "id": "relation/4497967"
    },
    {
      "type": "Feature",
      "properties": {
        "@id": "relation/5397008",
        "addr:district": "Bengaluru Rural",
        "addr:full": "#15, Chikkasandra, Hesaraghatta Main Road",
        "addr:postcode": "560090",
        "addr:state": "Karnataka",
        "amenity": "hospital",
        "building": "hospital",
        "healthcare": "hospital",
        "name": "Sapthagiri Hospital",
        "name:kn": "ಸಪ್ತಗಿರಿ ಆಸ್ಪತ್ರೆ",
        "source": "OpenGovernmentData",
        "type": "multipolygon",
        "@geometry": "center"
      },
      "geometry": {
        "type": "Point",
        "coordinates": [
          77.5023526,
          13.0705768
        ]
      },
      "id": "relation/5397008"
    },
    {
      "type": "Feature",
      "properties": {
        "@id": "relation/17069662",
        "addr:city": "Bangalore",
        "addr:district": "Bengaluru Urban",
        "addr:full": "Sarjapur Road, John Nagar, Koramangala",
        "addr:postcode": "560034",
        "addr:state": "Karnataka",
        "addr:street": "Sarjapur Road",
        "amenity": "hospital",
        "building": "yes",
        "email": "sjmcbng@rguhs.nic.in",
        "emergency": "yes",
        "healthcare": "hospital",
        "healthcare:speciality": "multi speciality",
        "name": "St.John's Medical College Hospital",
        "name:kn": "ಸೆಂಟ್ ಜಾನ್ಸ್ ವೈದ್ಯಕೀಯ ಕಾಲೇಜು ಮತ್ತು ಆಸ್ಪತ್ರೆ",
        "operator:type": "private",
        "source": "OpenGovernmentData",
        "type": "multipolygon",
        "website": "http://www.stjohns.in/hospital/#sthash.1e07FWcp.dpuf",
        "@geometry": "center"
      },
      "geometry": {
        "type": "Point",
        "coordinates": [
          77.6185932,
          12.929648
        ]
      },
      "id": "relation/17069662"
    },
    {
      "type": "Feature",
      "properties": {
        "@id": "way/35133587",
        "amenity": "hospital",
        "emergency": "yes",
        "healthcare": "hospital",
        "name": "Chinmaya Mission Hospital",
        "name:kn": "ಚಿನ್ಮಯ ಮಿಷನ್ ಆಸ್ಪತ್ರೆ",
        "phone": "+91 80 2502 6100",
        "toilets:wheelchair": "yes",
        "website": "https://www.chinmayamission.com/what-we-do/institutes/chinmaya-mission-hospital-chinmaya-mission-of-nursing/",
        "wheelchair": "yes",
        "@geometry": "center"
      },
      "geometry": {
        "type": "Point",
        "coordinates": [
          77.6461885,
          12.9779337
        ]
      },
      "id": "way/35133587"
    },
    {
      "type": "Feature",
      "properties": {
        "@id": "way/36676436",
        "amenity": "hospital",
        "name": "KLE Dental College",
        "@geometry": "center"
      },
      "geometry": {
        "type": "Point",
        "coordinates": [
          77.535667,
          13.0305079
        ]
      },
      "id": "way/36676436"
    },
    {
      "type": "Feature",
      "properties": {
        "@id": "way/37976777",
        "amenity": "hospital",
        "building": "university",
        "name": "Health Centre",
        "name:kn": "ಆರೋಗ್ಯ ಕೇಂದ್ರ",
        "@geometry": "center"
      },
      "geometry": {
        "type": "Point",
        "coordinates": [
          77.5638038,
          13.0157723
        ]
      },
      "id": "way/37976777"
    },
    {
      "type": "Feature",
      "properties": {
        "@id": "way/38536360",
        "addr:district": "Bengaluru Urban",
        "addr:full": "Malleswaran",
        "addr:postcode": "560003",
        "addr:state": "Karnataka",
        "amenity": "hospital",
        "healthcare": "hospital",
        "name": "K C General Hospital",
        "name:kn": "ಕೆ ಸಿ ಜನರಲ್ ಆಸ್ಪತ್ರೆ",
        "source": "OpenGovernmentData",
        "wheelchair": "limited",
        "@geometry": "center"
      },
      "geometry": {
        "type": "Point",
        "coordinates": [
          77.5697431,
          12.9950532
        ]
      },
      "id": "way/38536360"
    },
    {
      "type": "Feature",
      "properties": {
        "@id": "way/38542913",
        "addr:district": "Bengaluru Urban",
        "addr:full": "Office No-05, Nrupathunga Road",
        "addr:postcode": "560001",
        "addr:state": "Karnataka",
        "amenity": "hospital",
        "email": "info.sm@nhhospitals.org",
        "emergency": "yes",
        "healthcare": "hospital",
        "name": "St Marthas Hospital",
        "name:kn": "ಸೆಂಟ್ ಮಾರ್ಥ ಆಸ್ಪತ್ರೆ",
        "operator:type": "private",
        "source": "OpenGovernmentData",
        "website": "https://www.narayanahealth.org/",
        "wheelchair": "yes",
        "@geometry": "center"
      },
      "geometry": {
        "type": "Point",
        "coordinates": [
          77.5857431,
          12.9708175
        ]
      },
      "id": "way/38542913"
    },
    {
      "type": "Feature",
      "properties": {
        "@id": "way/38750705",
        "addr:city": "Bengaluru",
        "addr:district": "Bengaluru Urban",
        "addr:full": "No.2 Vittal Mallya Road",
        "addr:housenumber": "2",
        "addr:postcode": "560001",
        "addr:state": "Karnataka",
        "addr:street": "Vittal Mallya Road",
        "amenity": "hospital",
        "check_date": "2024-08-18",
        "email": "info@vsshospital.com",
        "healthcare": "hospital",
        "healthcare:speciality": "multi speciality",
        "name": "Vydehi Superspeciality Hospital",
        "name:kn": "ವೈದೇಹಿ ಆಸ್ಪತ್ರೆ",
        "note": "Changed from Mallya Hospital to Vydehi Superspeciality Hospital in Q2 2022",
        "old_name": "Mallya Hospital",
        "operator:type": "private",
        "phone": "+9180 2227 7979",
        "source": "OpenGovernmentData",
        "website": "http://www.vsshospital.com/",
        "@geometry": "center"
      },
      "geometry": {
        "type": "Point",
        "coordinates": [
          77.5950421,
          12.9681553
        ]
      },
      "id": "way/38750705"
    },
    {
      "type": "Feature",
      "properties": {
        "@id": "way/40631131",
        "addr:district": "Mysore",
        "addr:full": "Near Balodhyana school Mysore, Jayanagara town Mysore, Jayanagara Main Road Mysore",
        "addr:postcode": "570014",
        "addr:state": "Karnataka",
        "amenity": "hospital",
        "contact:phone": "0821-2461158",
        "healthcare": "hospital",
        "name": "Jayanagar General Hospital",
        "name:kn": "ಸಂಜಯ್ ಗಾಂಧಿ ಆಸ್ಪತ್ರೆ",
        "operator:type": "government",
        "source": "OpenGovernmentData",
        "@geometry": "center"
      },
      "geometry": {
        "type": "Point",
        "coordinates": [
          77.592549,
          12.9261175
        ]
      },
      "id": "way/40631131"
    },
    {
      "type": "Feature",
      "properties": {
        "@id": "way/40631657",
        "amenity": "hospital",
        "comment": "land reserved for building hospitals",
        "healthcare": "hospital",
        "name": "Hospital Complex",
        "@geometry": "center"
      },
      "geometry": {
        "type": "Point",
        "coordinates": [
          77.5899069,
          12.9383683
        ]
      },
      "id": "way/40631657"
    },
    {
      "type": "Feature",
      "properties": {
        "@id": "way/40678727",
        "addr:district": "Bengaluru Urban",
        "addr:full": "Jayanagar 9Th Block, B.G. Road, Banglore",
        "addr:postcode": "560041",
        "addr:state": "Karnataka",
        "addr:street": "Bannerghatta Road",
        "amenity": "hospital",
        "emergency": "yes",
        "healthcare": "hospital",
        "healthcare:speciality": "cardiology",
        "name": "Sri Jayadeva Institute Of Cardiology",
        "name:kn": "ಜಯದೇವ ಹೃದ್ರೋಗ ಸಂಸ್ಥೆ",
        "name:ta": "ஸ்ரீ ஜெயதேவா இருதய மருத்துவமனை",
        "source": "OpenGovernmentData",
        "@geometry": "center"
      },
      "geometry": {
        "type": "Point",
        "coordinates": [
          77.599254,
          12.918526
        ]
      },
      "id": "way/40678727"
    },
    {
      "type": "Feature",
      "properties": {
        "@id": "way/42014454",
        "amenity": "hospital",
        "name": "HMT Hospital",
        "name:kn": "ಎಚ್ಎಂಟಿ ಆಸ್ಪತ್ರೆ",
        "wheelchair": "limited",
        "@geometry": "center"
      },
      "geometry": {
        "type": "Point",
        "coordinates": [
          77.5509219,
          13.04958
        ]
      },
      "id": "way/42014454"
    },
    {
      "type": "Feature",
      "properties": {
        "@id": "way/42407828",
        "addr:district": "Bengaluru Urban",
        "addr:full": "Jalahalli Post",
        "addr:postcode": "560013",
        "addr:state": "Karnataka",
        "amenity": "hospital",
        "name": "BEL Hospital",
        "name:etymology:wikidata": "Q3630918",
        "name:kn": "ಬೀ ಈ ಎಲ್ ಆಸ್ಪತ್ರೆ",
        "source": "OpenGovernmentData",
        "wheelchair": "limited",
        "@geometry": "center"
      },
      "geometry": {
        "type": "Point",
        "coordinates": [
          77.5567647,
          13.0503387
        ]
      },
      "id": "way/42407828"
    },
    {
      "type": "Feature",
      "properties": {
        "@id": "way/44091443",
        "addr:district": "Bengaluru Urban",
        "addr:full": "154/9, Bannerghatta Road, OppositeIIM-B",
        "addr:postcode": "560076",
        "addr:state": "Karnataka",
        "amenity": "hospital",
        "email": "enquiries@fortishospitals.in",
        "emergency": "yes",
        "healthcare": "hospital",
        "healthcare:speciality": "multi speciality",
        "name": "Fortis Hospitals, Bannerghatta Road",
        "name:kn": "ಫೋರ್ಟಿಸ್ ಆಸ್ಪತ್ರೆ",
        "operator:type": "private",
        "source": "OpenGovernmentData",
        "website": "www.fortishospitals.com",
        "wheelchair": "yes",
        "@geometry": "center"
      },
      "geometry": {
        "type": "Point",
        "coordinates": [
          77.5985816,
          12.8947511
        ]
      },
      "id": "way/44091443"
    },
    {
      "type": "Feature",
      "properties": {
        "@id": "way/44091445",
        "addr:city": "Bangalore",
        "addr:district": "Bengaluru Urban",
        "addr:full": "154/11, Opp, I.I.M, Bannerghatta Road",
        "addr:postcode": "560076",
        "addr:state": "Karnataka",
        "addr:street": "Bannerghatta Road",
        "amenity": "hospital",
        "email": "customercarebangalore@apollohospitals.com",
        "emergency": "yes",
        "healthcare": "hospital",
        "healthcare:speciality": "multi speciality",
        "name": "Apollo Hospital",
        "name:kn": "ಅಪೋಲೋ ಆಸ್ಪತ್ರೆ",
        "operator:type": "private",
        "source": "OpenGovernmentData",
        "website": "www.apollohospitalsbangalore.com",
        "wheelchair": "yes",
        "@geometry": "center"
      },
      "geometry": {
        "type": "Point",
        "coordinates": [
          77.5983495,
          12.89632
        ]
      },
      "id": "way/44091445"
    },
    {
      "type": "Feature",
      "properties": {
        "@id": "way/45185764",
        "amenity": "hospital",
        "emergency": "yes",
        "healthcare": "hospital",
        "name": "Bhagwan Mahaveer Jain Hospital",
        "name:etymology:wikidata": "Q9422",
        "name:kn": "ಭಗವಾನ್ ಮಹಾವೀರ ಜೈನ ಆಸ್ಪತ್ರೆ",
        "toilets:wheelchair": "yes",
        "wheelchair": "yes",
        "@geometry": "center"
      },
      "geometry": {
        "type": "Point",
        "coordinates": [
          77.5952993,
          12.9914884
        ]
      },
      "id": "way/45185764"
    },
    {
      "type": "Feature",
      "properties": {
        "@id": "way/45444044",
        "addr:city": "Shivaji Nagar, Bangalore",
        "addr:district": "Bengaluru Urban",
        "addr:full": "Lady Curzon Road, Shivaji Nagar",
        "addr:postcode": "560001",
        "addr:state": "Karnataka",
        "addr:street": "Lady Curzon Road",
        "amenity": "hospital",
        "fax": "+91-80-25591325",
        "healthcare": "hospital",
        "healthcare:speciality": "Bio-Chemistry; Cardiology; Cardiothoracic Surgery; Dermatology; ENT; General Medicine; General Surgery; Micro-Biology; Neurology; Ophthalmology; Orthopedics Pathology; Pediatric Surgery; Plastic Surgery; Psychiatry; Pulmonology; Radio-Diagnosis;",
        "name": "Bowring and Lady Curzon Hospitals",
        "name:kn": "ಬೌರಿಂಗ್ ಆಸ್ಪತ್ರೆ",
        "official_name": "Shri Atal Bihari Vajpayee Medical College and Research Institution",
        "operator:type": "government",
        "phone": "+91-80-25591325",
        "source": "OpenGovernmentData",
        "website": "https://sabvmcri.karnataka.gov.in/",
        "@geometry": "center"
      },
      "geometry": {
        "type": "Point",
        "coordinates": [
          77.6047116,
          12.9830115
        ]
      },
      "id": "way/45444044"
    },
    {
      "type": "Feature",
      "properties": {
        "@id": "way/52063534",
        "addr:city": "Shivaji Nagar, Bangalore",
        "addr:street": "Venkataswamy Naidu Road",
        "amenity": "hospital",
        "healthcare": "hospital",
        "heritage": "2",
        "heritage:operator": "nmma",
        "heritage:website": "https://nmma.nic.in/nmma/exploreBuiltState.do?state=29",
        "name": "Sir Haji Ismail Gosha Sait Hospital",
        "name:etymology:wikidata": "Q6084847",
        "name:kn": "ಸರ್ ಹಾಜಿ ಇಸ್ಮೈಲ್ ಗೊಶ ಸೈಟ್ ಆಸ್ಪತ್ರೆ",
        "ref:nmma": "KR20010684",
        "@geometry": "center"
      },
      "geometry": {
        "type": "Point",
        "coordinates": [
          77.599792,
          12.9837175
        ]
      },
      "id": "way/52063534"
    },
    {
      "type": "Feature",
      "properties": {
        "@id": "way/53849361",
        "amenity": "hospital",
        "healthcare": "hospital",
        "name": "Government Veterinary Hospital",
        "name:kn": "ಸರ್ಕಾರಿ ಪಶುವೈದ್ಯ ಆಸ್ಪತ್ರೆ",
        "@geometry": "center"
      },
      "geometry": {
        "type": "Point",
        "coordinates": [
          77.5676947,
          12.9641529
        ]
      },
      "id": "way/53849361"
    },
    {
      "type": "Feature",
      "properties": {
        "@id": "way/53859295",
        "amenity": "hospital",
        "name": "Railways Hospital",
        "name:kn": "ರೈಲ್ವೇ ಆಸ್ಪತ್ರೆ",
        "@geometry": "center"
      },
      "geometry": {
        "type": "Point",
        "coordinates": [
          77.5651105,
          12.9798353
        ]
      },
      "id": "way/53859295"
    },
    {
      "type": "Feature",
      "properties": {
        "@id": "way/54963084",
        "addr:city": "Bangalore",
        "addr:district": "Bengaluru Urban",
        "addr:full": "138/1, Srinivasa Nagar, Devara Jeevanahalli, Bengaluru, Karnataka",
        "addr:postcode": "560024",
        "addr:state": "Karnataka",
        "addr:street": "Bellary Road",
        "amenity": "hospital",
        "emergency": "yes",
        "healthcare": "hospital",
        "name": "Baptist Hospital",
        "name:kn": "ಬೆಂಗಳೂರು ಬಾಪ್ಟಿಸ್ಟ್ ಆಸ್ಪತ್ರೆ",
        "phone": "08022024700",
        "source": "OpenGovernmentData",
        "website": "https://www.bbh.org.in/",
        "wheelchair": "limited",
        "@geometry": "center"
      },
      "geometry": {
        "type": "Point",
        "coordinates": [
          77.5901708,
          13.0347249
        ]
      },
      "id": "way/54963084"
    },
    {
      "type": "Feature",
      "properties": {
        "@id": "way/59358741",
        "amenity": "hospital",
        "healthcare": "hospital",
        "name": "ESI Hospital",
        "name:kn": "ಇಎಸ್ಐ ಆಸ್ಪತ್ರೆ",
        "operator": "Employees' State Insurance",
        "operator:short": "ESI",
        "operator:wikidata": "Q3595726",
        "@geometry": "center"
      },
      "geometry": {
        "type": "Point",
        "coordinates": [
          77.6367243,
          12.9713479
        ]
      },
      "id": "way/59358741"
    },
    {
      "type": "Feature",
      "properties": {
        "@id": "way/82432632",
        "addr:district": "Bengaluru Urban",
        "addr:full": "Yelahanka",
        "addr:postcode": "560064",
        "addr:state": "Karnataka",
        "amenity": "hospital",
        "healthcare": "hospital",
        "name": "Railways Hospital",
        "name:kn": "ರೈಲ್ವೇ ಆಸ್ಪತ್ರೆ",
        "source": "OpenGovernmentData",
        "@geometry": "center"
      },
      "geometry": {
        "type": "Point",
        "coordinates": [
          77.5829963,
          13.1041114
        ]
      },
      "id": "way/82432632"
    },
    {
      "type": "Feature",
      "properties": {
        "@id": "way/82494617",
        "addr:district": "Bengaluru Urban",
        "addr:full": "No: 9, A1, A2, Opp. MEC School, A-Sector Yelahanka",
        "addr:postcode": "560064",
        "addr:state": "Karnataka",
        "amenity": "hospital",
        "check_date": "2024-09-27",
        "healthcare": "hospital",
        "name": "KK Hospital",
        "source": "OpenGovernmentData",
        "@geometry": "center"
      },
      "geometry": {
        "type": "Point",
        "coordinates": [
          77.5893851,
          13.0971434
        ]
      },
      "id": "way/82494617"
    },
    {
      "type": "Feature",
      "properties": {
        "@id": "way/89781247",
        "addr:city": "Hudi, Bangalore",
        "addr:street": "Graphite India Road",
        "amenity": "hospital",
        "healthcare": "hospital",
        "name": "ESI Dispensary",
        "operator": "Employees' State Insurance",
        "operator:short": "ESI",
        "operator:type": "private",
        "operator:wikidata": "Q3595726",
        "phone": "080 28524261",
        "@geometry": "center"
      },
      "geometry": {
        "type": "Point",
        "coordinates": [
          77.7062224,
          12.992488
        ]
      },
      "id": "way/89781247"
    },
    {
      "type": "Feature",
      "properties": {
        "@id": "way/118411722",
        "addr:city": "bangalore",
        "addr:district": "Bengaluru Urban",
        "addr:full": "No 21, 9Th Cross, B-78 Jp Nagar",
        "addr:housenumber": "21",
        "addr:postcode": "560078",
        "addr:state": "Karnataka",
        "addr:street": "9th Cross Road, Phase 1, Sarakki Layout, JP Nagar",
        "amenity": "hospital",
        "emergency": "yes",
        "healthcare": "hospital",
        "name": "Rajshekhar Hospital",
        "name:kn": "ರಾಜಶೇಖರ ಆಸ್ಪತ್ರೆ",
        "phone": "080 4252 7555",
        "source": "OpenGovernmentData",
        "website": "https://www.rajshekarhospital.com/",
        "@geometry": "center"
      },
      "geometry": {
        "type": "Point",
        "coordinates": [
          77.5797725,
          12.9110143
        ]
      },
      "id": "way/118411722"
    },
    {
      "type": "Feature",
      "properties": {
        "@id": "way/122157597",
        "amenity": "hospital",
        "healthcare": "hospital",
        "name": "Karunashraya",
        "name:kn": "ಕರುಣಾಶ್ರಯ",
        "website": "https://www.karunashraya.org/",
        "@geometry": "center"
      },
      "geometry": {
        "type": "Point",
        "coordinates": [
          77.7134875,
          12.9574104
        ]
      },
      "id": "way/122157597"
    },
    {
      "type": "Feature",
      "properties": {
        "@id": "way/124013168",
        "addr:city": "Bengaluru",
        "addr:district": "Bengaluru Urban",
        "addr:full": "Varthur Main Road, Kundalahalli Gate, Marahahalli-White Field Road",
        "addr:postcode": "560037",
        "addr:state": "Karnataka",
        "addr:street": "Varthur Road",
        "amenity": "hospital",
        "boundary": "wall",
        "check_date": "2025-09-03",
        "email": "bangalore@sankaraeye.com",
        "healthcare": "hospital",
        "healthcare:speciality": "ophthalmology",
        "name": "Sankara Eye Hospital",
        "name:kn": "ಶಂಕರ ನೇತ್ರಾಲಯ",
        "website": "https://www.sankaraeye.com",
        "@geometry": "center"
      },
      "geometry": {
        "type": "Point",
        "coordinates": [
          77.7128215,
          12.9571436
        ]
      },
      "id": "way/124013168"
    },
    {
      "type": "Feature",
      "properties": {
        "@id": "way/124760551",
        "addr:city": "Bangalore",
        "addr:district": "Bengaluru Urban",
        "addr:full": "# 146, Infantry Road, Prestige Opal Building, Opp Police Commissioners Office",
        "addr:postcode": "560001",
        "addr:state": "Karnataka",
        "addr:street": "Infantry Road",
        "amenity": "hospital",
        "name": "Sparsh Hospital For Advanced Surgeries, Bengaluru Urban",
        "name:kn": "ಸ್ಪರ್ಶ್ ಆಸ್ಪತ್ರೆ",
        "source": "OpenGovernmentData",
        "website": "https://www.sparshhospital.com/",
        "wheelchair": "yes",
        "@geometry": "center"
      },
      "geometry": {
        "type": "Point",
        "coordinates": [
          77.5945358,
          12.9833345
        ]
      },
      "id": "way/124760551"
    },
    {
      "type": "Feature",
      "properties": {
        "@id": "way/124782791",
        "amenity": "hospital",
        "barrier": "wall",
        "healthcare": "hospital",
        "name": "Sri Sathya Sai Institute of Higher Medical Sciences",
        "name:etymology:wikidata": "Q483931",
        "wikidata": "Q11308041",
        "@geometry": "center"
      },
      "geometry": {
        "type": "Point",
        "coordinates": [
          77.7303132,
          12.9808814
        ]
      },
      "id": "way/124782791"
    },
    {
      "type": "Feature",
      "properties": {
        "@id": "way/132913842",
        "alt_name": "Jayadev Memorial Rashtrotthana Hospital and Research Centre",
        "amenity": "hospital",
        "healthcare": "hospital",
        "name": "Manipal Speciality Hospital",
        "website": "https://www.rashtrotthanahospital.com/",
        "@geometry": "center"
      },
      "geometry": {
        "type": "Point",
        "coordinates": [
          77.5136186,
          12.908884
        ]
      },
      "id": "way/132913842"
    },
    {
      "type": "Feature",
      "properties": {
        "@id": "way/133061664",
        "addr:district": "Bengaluru Urban",
        "addr:full": "No. 98, Rusthom Bhag, Airport Road",
        "addr:postcode": "560017",
        "addr:state": "Karnataka",
        "amenity": "hospital",
        "building": "hospital",
        "emergency": "yes",
        "healthcare": "hospital",
        "name": "Manipal Hospital, Bengaluru Urban",
        "name:kn": "ಮಣಿಪಾಲ ಆಸ್ಪತ್ರೆ ಬೆಂಗಳೂರು",
        "source": "OpenGovernmentData",
        "wheelchair": "yes",
        "@geometry": "center"
      },
      "geometry": {
        "type": "Point",
        "coordinates": [
          77.6490296,
          12.9587074
        ]
      },
      "id": "way/133061664"
    },
    {
      "type": "Feature",
      "properties": {
        "@id": "way/133352357",
        "amenity": "hospital",
        "name": "Chaitanya Nursing Home",
        "@geometry": "center"
      },
      "geometry": {
        "type": "Point",
        "coordinates": [
          77.5861467,
          13.0990774
        ]
      },
      "id": "way/133352357"
    },
    {
      "type": "Feature",
      "properties": {
        "@id": "way/133379520",
        "addr:city": "bangalore",
        "addr:district": "Bengaluru Urban",
        "addr:full": "3/4, Sunrise Tower, J.P. Road, Girinagar",
        "addr:housenumber": "3-4",
        "addr:postcode": "560085",
        "addr:state": "Karnataka",
        "addr:street": "Sunrise Towers, 30th crs JP Rd. Girinagar.,opp Canara Bank",
        "amenity": "hospital",
        "emergency": "yes",
        "name": "Radhakrishna Multispeciality Hospital",
        "name:kn": "ರಾಧಾಕೃಷ್ಣ ಆಸ್ಪತ್ರೆ",
        "phone": "080 2642 2977",
        "source": "OpenGovernmentData",
        "@geometry": "center"
      },
      "geometry": {
        "type": "Point",
        "coordinates": [
          77.5455617,
          12.9409612
        ]
      },
      "id": "way/133379520"
    },
    {
      "type": "Feature",
      "properties": {
        "@id": "way/133951786",
        "addr:district": "Bengaluru Urban",
        "addr:full": "VR Layout, J. P. Nagar, Bengaluru",
        "addr:postcode": "560078",
        "addr:state": "Karnataka",
        "amenity": "hospital",
        "healthcare": "hospital",
        "name": "Rajalakshmi Multispeciality Hospital",
        "name:kn": "ರಾಜಾಜಿನಗರ ಆಸ್ಪತ್ರೆ",
        "@geometry": "center"
      },
      "geometry": {
        "type": "Point",
        "coordinates": [
          77.5796155,
          12.9164637
        ]
      },
      "id": "way/133951786"
    },
    {
      "type": "Feature",
      "properties": {
        "@id": "way/135262255",
        "amenity": "hospital",
        "healthcare": "hospital",
        "name": "Manipal Hospital",
        "name:kn": "ಮಣಿಪಾಲ ಆಸ್ಪತ್ರೆ",
        "start_date": "1991",
        "wheelchair": "yes",
        "@geometry": "center"
      },
      "geometry": {
        "type": "Point",
        "coordinates": [
          77.6481409,
          12.9585777
        ]
      },
      "id": "way/135262255"
    },
    {
      "type": "Feature",
      "properties": {
        "@id": "way/135266042",
        "amenity": "hospital",
        "healthcare": "hospital",
        "name": "Indiranagar Government Hospital",
        "name:kn": "ಇಂದಿರಾನಗರ ಸರ್ಕಾರಿ ಆಸ್ಪತ್ರೆ",
        "@geometry": "center"
      },
      "geometry": {
        "type": "Point",
        "coordinates": [
          77.6446972,
          12.9829238
        ]
      },
      "id": "way/135266042"
    },
    {
      "type": "Feature",
      "properties": {
        "@id": "way/135266057",
        "amenity": "hospital",
        "healthcare": "hospital",
        "name": "Isolation Hospital",
        "name:kn": "ಐಸೊಲೇಶನ್ ಆಸ್ಪತ್ರೆ",
        "@geometry": "center"
      },
      "geometry": {
        "type": "Point",
        "coordinates": [
          77.6436191,
          12.9839262
        ]
      },
      "id": "way/135266057"
    },
    {
      "type": "Feature",
      "properties": {
        "@id": "way/135270813",
        "addr:district": "Bengaluru Urban",
        "addr:full": "Old Madras Road",
        "addr:postcode": "560002",
        "addr:state": "Karnataka",
        "amenity": "hospital",
        "name": "Epidemic Disesase Hospital",
        "source": "OpenGovernmentData",
        "@geometry": "center"
      },
      "geometry": {
        "type": "Point",
        "coordinates": [
          77.6437586,
          12.9864155
        ]
      },
      "id": "way/135270813"
    },
    {
      "type": "Feature",
      "properties": {
        "@id": "way/138697265",
        "alt_name": "ESI Hospital",
        "amenity": "hospital",
        "emergency": "yes",
        "healthcare": "hospital",
        "int_name": "ESICMH",
        "name": "Employees' State Insurance Corporation Model Hospital",
        "operator": "Employees' State Insurance",
        "operator:short": "ESI",
        "operator:wikidata": "Q3595726",
        "wheelchair": "yes",
        "@geometry": "center"
      },
      "geometry": {
        "type": "Point",
        "coordinates": [
          77.5534579,
          12.9909528
        ]
      },
      "id": "way/138697265"
    },
    {
      "type": "Feature",
      "properties": {
        "@id": "way/141791769",
        "addr:district": "Bengaluru Urban",
        "addr:full": "#1,2nd Cross, 2nd Main,7Th Block, Banashankari 3Road Stage, Hosakerehalli",
        "addr:postcode": "560085",
        "addr:state": "Karnataka",
        "amenity": "hospital",
        "emergency": "yes",
        "name": "Vittala International Institute Of Ophthalmology, Hosakerehalli",
        "source": "OpenGovernmentData",
        "@geometry": "center"
      },
      "geometry": {
        "type": "Point",
        "coordinates": [
          77.5412224,
          12.9308127
        ]
      },
      "id": "way/141791769"
    },
    {
      "type": "Feature",
      "properties": {
        "@id": "way/146204781",
        "amenity": "hospital",
        "name": "ISRO Employees Hospital",
        "name:kn": "ಇಸ್ರೋ ಆಸ್ಪತ್ರೆ",
        "@geometry": "center"
      },
      "geometry": {
        "type": "Point",
        "coordinates": [
          77.656317,
          12.966082
        ]
      },
      "id": "way/146204781"
    },
    {
      "type": "Feature",
      "properties": {
        "@id": "way/148032600",
        "addr:district": "Bengaluru Urban",
        "addr:full": "M S R I T Nagar, New Bel Road",
        "addr:postcode": "560054",
        "addr:state": "Karnataka",
        "amenity": "hospital",
        "building": "yes",
        "building:levels": "2",
        "email": "contact@msrmh.com",
        "emergency": "yes",
        "healthcare": "hospital",
        "name": "Ramaiah Memorial Hospital",
        "name:etymology:wikidata": "Q6713104",
        "name:kn": "ರಾಮಯ್ಯ ಆಸ್ಪತ್ರೆ",
        "operator": "GEF",
        "operator:type": "private",
        "source": "OpenGovernmentData",
        "website": "https://msrmh.com/",
        "@geometry": "center"
      },
      "geometry": {
        "type": "Point",
        "coordinates": [
          77.569775,
          13.0282176
        ]
      },
      "id": "way/148032600"
    },
    {
      "type": "Feature",
      "properties": {
        "@id": "way/148065730",
        "addr:district": "Bengaluru Urban",
        "addr:full": "45 Magrath Road, Off Richmond Road",
        "addr:postcode": "560025",
        "addr:state": "Karnataka",
        "amenity": "hospital",
        "emergency": "yes",
        "healthcare": "hospital",
        "name": "Hosmat Hospital",
        "name:kn": "ಹೊಸ್ಮತ್ ಆಸ್ಪತ್ರೆ",
        "source": "OpenGovernmentData",
        "wheelchair": "yes",
        "wikidata": "Q5635474",
        "wikipedia": "en:HOSMAT",
        "@geometry": "center"
      },
      "geometry": {
        "type": "Point",
        "coordinates": [
          77.6133228,
          12.9691251
        ]
      },
      "id": "way/148065730"
    },
    {
      "type": "Feature",
      "properties": {
        "@id": "way/150350476",
        "amenity": "hospital",
        "building": "hospital",
        "emergency": "yes",
        "healthcare": "hospital",
        "heritage": "2",
        "heritage:operator": "nmma",
        "heritage:website": "https://nmma.nic.in/nmma/exploreBuiltState.do?state=29",
        "name": "Victoria Hospital",
        "name:etymology:wikidata": "Q9439",
        "name:kn": "ವಿಕ್ಟೋರಿಯಾ ಆಸ್ಪತ್ರೆ",
        "ref:nmma": "KR20011022",
        "wheelchair": "yes",
        "wikidata": "Q7926782",
        "wikimedia_commons": "Category:Victoria Hospital, Bangalore",
        "wikipedia": "en:Victoria Hospital (Bangalore Medical College)",
        "@geometry": "center"
      },
      "geometry": {
        "type": "Point",
        "coordinates": [
          77.5736948,
          12.9634957
        ]
      },
      "id": "way/150350476"
    },
    {
      "type": "Feature",
      "properties": {
        "@id": "way/160906231",
        "addr:district": "Bengaluru Urban",
        "addr:full": "Kirloskar Business Park, Bellary Road Hebbal",
        "addr:postcode": "560024",
        "addr:state": "Karnataka",
        "alt_name": "Columbia Asia Hospital",
        "amenity": "hospital",
        "emergency": "yes",
        "healthcare": "hospital",
        "name": "Manipal Hospital",
        "name:kn": "ಕೊಲಂಬಿಯ ಏಷ್ಯಾ ಆಸ್ಪತ್ರೆ",
        "source": "OpenGovernmentData",
        "@geometry": "center"
      },
      "geometry": {
        "type": "Point",
        "coordinates": [
          77.5938654,
          13.050953
        ]
      },
      "id": "way/160906231"
    },
    {
      "type": "Feature",
      "properties": {
        "@id": "way/161984945",
        "addr:district": "Bengaluru Urban",
        "addr:full": "Near Town Hall, Sjp Road , South",
        "addr:postcode": "560002",
        "addr:state": "Karnataka",
        "amenity": "hospital",
        "emergency": "yes",
        "healthcare": "hospital",
        "name": "Dasappa Maternity Hospital",
        "name:kn": "ದಾಸಪ್ಪ ತಿರುಮಲಮ್ಮ ಆಸ್ಪತ್ರೆ",
        "source": "OpenGovernmentData",
        "@geometry": "center"
      },
      "geometry": {
        "type": "Point",
        "coordinates": [
          77.5845256,
          12.9643477
        ]
      },
      "id": "way/161984945"
    },
    {
      "type": "Feature",
      "properties": {
        "@id": "way/164048206",
        "amenity": "hospital",
        "check_date": "2025-12-10",
        "emergency": "no",
        "name": "Isolation Hospital",
        "name:kn": "ಐಸೊಲೇಶನ್ ಆಸ್ಪತ್ರೆ",
        "@geometry": "center"
      },
      "geometry": {
        "type": "Point",
        "coordinates": [
          77.6429649,
          12.9858278
        ]
      },
      "id": "way/164048206"
    },
    {
      "type": "Feature",
      "properties": {
        "@id": "way/169801514",
        "addr:district": "Bengaluru Urban",
        "addr:full": "#11/2, Magadi Main Road ,Agrahara , Dasarahalli,Next To Raheja Park",
        "addr:postcode": "560079",
        "addr:state": "Karnataka",
        "amenity": "hospital",
        "emergency": "yes",
        "name": "Sarvodaya Hospital",
        "name:kn": "ಸರ್ವೋದಯ ಆಸ್ಪತ್ರೆ",
        "source": "OpenGovernmentData",
        "@geometry": "center"
      },
      "geometry": {
        "type": "Point",
        "coordinates": [
          77.5390159,
          12.9803669
        ]
      },
      "id": "way/169801514"
    },
    {
      "type": "Feature",
      "properties": {
        "@id": "way/169801520",
        "addr:district": "Bengaluru Urban",
        "addr:full": "5th Main Road, 7th Cross Road, MC Layout, Vijaynagar",
        "addr:postcode": "560040",
        "addr:state": "Karnataka",
        "amenity": "hospital",
        "name": "Dasarahalli Referral Hospital",
        "name:kn": "ಸರ್ಕಾರಿ ಆಸ್ಪತ್ರೆ",
        "source": "OpenGovernmentData",
        "@geometry": "center"
      },
      "geometry": {
        "type": "Point",
        "coordinates": [
          77.5428202,
          12.9773598
        ]
      },
      "id": "way/169801520"
    },
    {
      "type": "Feature",
      "properties": {
        "@id": "way/175880547",
        "addr:district": "Bengaluru Urban",
        "addr:full": "8, Poojary Layout, 80Ft. Road, Rmv Iind Stage,Sanjaynagar",
        "addr:postcode": "560094",
        "addr:state": "Karnataka",
        "amenity": "hospital",
        "building": "yes",
        "name": "Nethra Eye Hospital",
        "source": "OpenGovernmentData",
        "wheelchair": "no",
        "@geometry": "center"
      },
      "geometry": {
        "type": "Point",
        "coordinates": [
          77.5768623,
          13.0271503
        ]
      },
      "id": "way/175880547"
    },
    {
      "type": "Feature",
      "properties": {
        "@id": "way/239738408",
        "addr:district": "Bengaluru Urban",
        "addr:full": "Dr.M.H Marigowda Road",
        "addr:postcode": "560 029",
        "addr:state": "Karnataka",
        "amenity": "hospital",
        "check_date": "2026-04-08",
        "emergency": "yes",
        "healthcare": "hospital",
        "healthcare:speciality": "oncology",
        "name": "Kidwai Memorial Institute of Oncology",
        "name:etymology:wikidata": "Q7282619",
        "operator:type": "private",
        "source": "OpenGovernmentData",
        "website": "https://www.kidwai.kar.nic.in/",
        "wikidata": "Q6405058",
        "wikipedia": "en:Kidwai Memorial Institute of Oncology",
        "@geometry": "center"
      },
      "geometry": {
        "type": "Point",
        "coordinates": [
          77.5981388,
          12.936526
        ]
      },
      "id": "way/239738408"
    },
    {
      "type": "Feature",
      "properties": {
        "@id": "way/240898429",
        "addr:housenumber": "Plot No. 3 & 4",
        "addr:postcode": "560066",
        "addr:street": "Sadarmangala Road",
        "alt_name": "Narayana Hrudayalaya",
        "amenity": "hospital",
        "emergency": "yes",
        "name": "Narayana Health",
        "name:en": "Narayana Multispeciality Hospital",
        "name:kn": "ನಾರಾಯಣ ಹೃದಯಾಲಯ ಆಸ್ಪತ್ರೆ",
        "@geometry": "center"
      },
      "geometry": {
        "type": "Point",
        "coordinates": [
          77.7335762,
          12.9904017
        ]
      },
      "id": "way/240898429"
    },
    {
      "type": "Feature",
      "properties": {
        "@id": "way/256703169",
        "addr:district": "Bengaluru Urban",
        "addr:full": "1215 A Cross Sindhi Hospital Road, Sampangiramnagar",
        "addr:postcode": "560027",
        "addr:state": "Karnataka",
        "amenity": "hospital",
        "emergency": "yes",
        "name": "P.D. Hinduja Sindhi Hospital",
        "name:kn": "ಸಿಂಧಿ ಆಸ್ಪತ್ರೆ",
        "operator:type": "private",
        "source": "OpenGovernmentData",
        "website": "https://www.hindujasindhihospital.com/",
        "@geometry": "center"
      },
      "geometry": {
        "type": "Point",
        "coordinates": [
          77.5926745,
          12.9644407
        ]
      },
      "id": "way/256703169"
    },
    {
      "type": "Feature",
      "properties": {
        "@id": "way/256940540",
        "addr:district": "Bengaluru Urban",
        "addr:full": "No. 66, 9Th Main , Horamavu Post Horamavu Main Road Banaswadi",
        "addr:postcode": "560043",
        "addr:state": "Karnataka",
        "amenity": "hospital",
        "building": "yes",
        "emergency": "yes",
        "name": "Nmpc Hospital",
        "source": "OpenGovernmentData",
        "@geometry": "center"
      },
      "geometry": {
        "type": "Point",
        "coordinates": [
          77.6580401,
          13.0224158
        ]
      },
      "id": "way/256940540"
    },
    {
      "type": "Feature",
      "properties": {
        "@id": "way/259487871",
        "addr:city": "Bangalore",
        "addr:district": "Bengaluru Urban",
        "addr:full": "#523, 10th Main,45th Cross, 5th Block, Jayanagar",
        "addr:housename": "523",
        "addr:postcode": "560041",
        "addr:state": "Karnataka",
        "amenity": "hospital",
        "building": "yes",
        "email": "admin@sksh.com",
        "healthcare": "hospital",
        "name": "Shri Krishna Sevashrama Hospital",
        "name:kn": "ಶ್ರೀಕ್ಷೇತ್ರ ಸೇವಾಶ್ರಮ ಆಸ್ಪತ್ರೆ",
        "operator:type": "private",
        "phone": "+918022441631",
        "source": "OpenGovernmentData",
        "website": "http://www.sks-hospital.org/",
        "wheelchair": "yes",
        "@geometry": "center"
      },
      "geometry": {
        "type": "Point",
        "coordinates": [
          77.5851028,
          12.9173301
        ]
      },
      "id": "way/259487871"
    },
    {
      "type": "Feature",
      "properties": {
        "@id": "way/262198741",
        "amenity": "hospital",
        "building": "yes",
        "healthcare": "hospital",
        "name": "Lions Seva Hospital",
        "@geometry": "center"
      },
      "geometry": {
        "type": "Point",
        "coordinates": [
          77.7053083,
          12.9555043
        ]
      },
      "id": "way/262198741"
    },
    {
      "type": "Feature",
      "properties": {
        "@id": "node/267214379",
        "amenity": "hospital",
        "healthcare": "hospital",
        "name": "Clinic"
      },
      "geometry": {
        "type": "Point",
        "coordinates": [
          77.6774852,
          12.9134182
        ]
      },
      "id": "node/267214379"
    },
    {
      "type": "Feature",
      "properties": {
        "@id": "way/271786067",
        "addr:district": "Bengaluru Urban",
        "addr:full": "Bhashyam Circle,Rajajinagar 5Th Block",
        "addr:postcode": "560010",
        "addr:state": "Karnataka",
        "amenity": "hospital",
        "healthcare": "hospital",
        "name": "Sreerampura Referal Hospital",
        "name:kn": "ಶ್ರೀರಂಪುರ ರೆಫರಲ್ ಆಸ್ಪತ್ರೆ",
        "source": "OpenGovernmentData",
        "@geometry": "center"
      },
      "geometry": {
        "type": "Point",
        "coordinates": [
          77.5649082,
          12.9907432
        ]
      },
      "id": "way/271786067"
    },
    {
      "type": "Feature",
      "properties": {
        "@id": "way/290187542",
        "alt_name": "Hindustan Aeronautics Limited Hospital",
        "amenity": "hospital",
        "emergency": "yes",
        "name": "HAL Hospital",
        "name:kn": "ಎಚ್ಎಎಲ್ ಆಸ್ಪತ್ರೆ",
        "wheelchair": "yes",
        "@geometry": "center"
      },
      "geometry": {
        "type": "Point",
        "coordinates": [
          77.6664034,
          12.9623685
        ]
      },
      "id": "way/290187542"
    },
    {
      "type": "Feature",
      "properties": {
        "@id": "node/303924572",
        "amenity": "hospital",
        "name": "Shanti Hospital",
        "name:kn": "ಶಾಂತಿ ಆಸ್ಪತ್ರೆ"
      },
      "geometry": {
        "type": "Point",
        "coordinates": [
          77.5857517,
          12.9235041
        ]
      },
      "id": "node/303924572"
    },
    {
      "type": "Feature",
      "properties": {
        "@id": "way/306826547",
        "addr:district": "Bengaluru Urban",
        "addr:full": "Banashankari, Bengaluru",
        "addr:postcode": "560070",
        "addr:state": "Karnataka",
        "amenity": "hospital",
        "building": "hospital",
        "name": "Pro MED Hospital",
        "name:kn": "ಪ್ರೋಮೆಡ್‌ ಆಸ್ಪತ್ರೆ",
        "source": "Local Knowledge",
        "@geometry": "center"
      },
      "geometry": {
        "type": "Point",
        "coordinates": [
          77.564005,
          12.9294355
        ]
      },
      "id": "way/306826547"
    },
    {
      "type": "Feature",
      "properties": {
        "@id": "way/306861065",
        "addr:district": "Bengaluru Urban",
        "addr:full": "21/2, 14th Cross, 3rd Block, Jayanagar",
        "addr:postcode": "560011",
        "addr:state": "Karnataka",
        "amenity": "hospital",
        "building": "yes",
        "building:levels": "6",
        "email": "customercarebengaluru@apollohospitals.com",
        "healthcare": "hospital",
        "healthcare:speciality": "Cardiac surgery; General and Gastro-intestinal surgery; Gynecology; Pediatric surgery; Thoracic surgery; Urology; Colorectal surgery; Cancer surgery; Orthopedics; Neurosurgery and Ear; Nose and Throat surgery",
        "name": "Apollo Speciality Hospital",
        "name:kn": "ಅಪೋಲೋ ಆಸ್ಪತ್ರೆ",
        "operator:type": "private",
        "source": "OpenGovernmentData",
        "website": "https://www.apollohospitals.com/",
        "@geometry": "center"
      },
      "geometry": {
        "type": "Point",
        "coordinates": [
          77.5843424,
          12.9362818
        ]
      },
      "id": "way/306861065"
    },
    {
      "type": "Feature",
      "properties": {
        "@id": "way/307097150",
        "addr:city": "Bangalore",
        "addr:district": "Bengaluru Urban",
        "addr:full": "B 70, 27Th Cross Banashankari 2nd Stage Banashankari",
        "addr:postcode": "560070",
        "addr:state": "Karnataka",
        "addr:street": "27th Cross",
        "amenity": "hospital",
        "emergency": "yes",
        "healthcare": "hospital",
        "name": "Sevakshetra Hospital, Bengaluru Urban",
        "name:kn": "ಸೇವಾಕ್ಷೇತ್ರ ಆಸ್ಪತ್ರೆ",
        "source": "OpenGovernmentData",
        "@geometry": "center"
      },
      "geometry": {
        "type": "Point",
        "coordinates": [
          77.5721649,
          12.9216723
        ]
      },
      "id": "way/307097150"
    },
    {
      "type": "Feature",
      "properties": {
        "@id": "way/307098232",
        "addr:street": "Kanakapura Road",
        "amenity": "hospital",
        "emergency": "yes",
        "name": "Netradhama Hospital",
        "name:kn": "ನೇತ್ರಧಾಮ ಆಸ್ಪತ್ರೆ",
        "@geometry": "center"
      },
      "geometry": {
        "type": "Point",
        "coordinates": [
          77.5774064,
          12.9253024
        ]
      },
      "id": "way/307098232"
    },
    {
      "type": "Feature",
      "properties": {
        "@id": "node/307401529",
        "addr:city": "Belandur, Bangalore",
        "addr:full": "74/1, Bellandur, Ring Road, Varthur",
        "addr:housenumber": "74/1",
        "addr:postcode": "560037",
        "addr:state": "Karnataka",
        "addr:street": "Outer Ring Road",
        "amenity": "hospital",
        "email": "whitefield@theapolloclinic.com",
        "healthcare": "hospital",
        "name": "Apollo Hospital",
        "name:kn": "ಅಪೊಲೋ ಆಸ್ಪತ್ರೆ",
        "phone": "+91-80-40222555",
        "website": "http://www.apolloclinicbangalore.com/",
        "wheelchair": "yes"
      },
      "geometry": {
        "type": "Point",
        "coordinates": [
          77.6765455,
          12.9263714
        ]
      },
      "id": "node/307401529"
    },
    {
      "type": "Feature",
      "properties": {
        "@id": "node/308866071",
        "addr:street": "Outer Ring Road",
        "amenity": "hospital",
        "name": "Narayana Hrudayalaya Dental Clinic",
        "name:kn": "ನಾರಾಯಣ ಹೃದಯಾಲಯ ದಂತ ಆಸ್ಪತ್ರೆ"
      },
      "geometry": {
        "type": "Point",
        "coordinates": [
          77.6349897,
          12.9155759
        ]
      },
      "id": "node/308866071"
    },
    {
      "type": "Feature",
      "properties": {
        "@id": "node/310393723",
        "amenity": "hospital",
        "healthcare": "hospital",
        "name": "Dr Ganesh Medical and Diabetic Clinic",
        "name:kn": "ಡಾ ಗಣೇಶ್ ಮೆಡಿಕಲ್ ಮತ್ತು ಮಧುಮೇಹ ಆಸ್ಪತ್ರೆ"
      },
      "geometry": {
        "type": "Point",
        "coordinates": [
          77.6419101,
          12.9129006
        ]
      },
      "id": "node/310393723"
    },
    {
      "type": "Feature",
      "properties": {
        "@id": "way/312368010",
        "addr:city": "Mathikere",
        "addr:district": "Bengaluru Urban",
        "addr:full": "No. 31, M. S. Ramaiah Road, Mathikere",
        "addr:postcode": "560054",
        "addr:state": "Karnataka",
        "addr:street": "MS Ramaiah Road",
        "amenity": "hospital",
        "emergency": "yes",
        "name": "Subbaiah Hospital",
        "name:kn": "ಸುಬ್ಬಯ್ಯ ಆಸ್ಪತ್ರೆ",
        "operator": "Subbaiah hospital",
        "source": "OpenGovernmentData",
        "wheelchair": "limited",
        "@geometry": "center"
      },
      "geometry": {
        "type": "Point",
        "coordinates": [
          77.560704,
          13.0302068
        ]
      },
      "id": "way/312368010"
    },
    {
      "type": "Feature",
      "properties": {
        "@id": "way/325436710",
        "addr:city": "Bengaluru",
        "addr:district": "Bengaluru Urban",
        "addr:full": "14, Cunningham Road",
        "addr:postcode": "560052",
        "addr:state": "Karnataka",
        "addr:street": "Cunningham Road",
        "amenity": "hospital",
        "emergency": "yes",
        "healthcare": "hospital",
        "name": "Fortis Hospitals Limited, Bengaluru Urban",
        "name:kn": "ಫೋರ್ಟಿಸ್ ಆಸ್ಪತ್ರೆ",
        "operator": "Fortis",
        "operator:type": "private",
        "source": "OpenGovernmentData",
        "website": "https://www.fortishealthcare.com/",
        "@geometry": "center"
      },
      "geometry": {
        "type": "Point",
        "coordinates": [
          77.5945504,
          12.9884932
        ]
      },
      "id": "way/325436710"
    },
    {
      "type": "Feature",
      "properties": {
        "@id": "way/328758432",
        "amenity": "hospital",
        "name": "ESI Hospital",
        "name:kn": "ಇಎಸ್ಐ ಆಸ್ಪತ್ರೆ",
        "@geometry": "center"
      },
      "geometry": {
        "type": "Point",
        "coordinates": [
          77.6527138,
          12.9952564
        ]
      },
      "id": "way/328758432"
    },
    {
      "type": "Feature",
      "properties": {
        "@id": "way/331365081",
        "addr:housenumber": "4",
        "addr:street": "12th Cross",
        "amenity": "hospital",
        "building": "yes",
        "healthcare": "hospital",
        "name": "Milann Fertility Center",
        "@geometry": "center"
      },
      "geometry": {
        "type": "Point",
        "coordinates": [
          77.6380849,
          12.9788013
        ]
      },
      "id": "way/331365081"
    },
    {
      "type": "Feature",
      "properties": {
        "@id": "way/332071569",
        "addr:district": "Bengaluru Urban",
        "addr:full": "#761, 7th Main, Last Bus Stop, Near Swimming pool, Mahalakshmi Layout",
        "addr:postcode": "560086",
        "addr:state": "Karnataka",
        "amenity": "hospital",
        "building": "yes",
        "healthcare": "hospital",
        "name": "Sanjeevani Hospital",
        "name:kn": "ಸಂಜೀವನಿ ಆಸ್ಪತ್ರೆ",
        "operator:type": "private",
        "source": "OpenGovernmentData",
        "website": "https://www.sanjeevinihospital.com/",
        "@geometry": "center"
      },
      "geometry": {
        "type": "Point",
        "coordinates": [
          77.5438731,
          13.0116917
        ]
      },
      "id": "way/332071569"
    },
    {
      "type": "Feature",
      "properties": {
        "@id": "way/333052556",
        "amenity": "hospital",
        "building": "yes",
        "healthcare": "hospital",
        "name": "Dr. Agarwal's Eye Hospital",
        "operator": "Dr. Agarwal's Eye Hospital",
        "operator:type": "private",
        "operator:wikidata": "Q17052044",
        "@geometry": "center"
      },
      "geometry": {
        "type": "Point",
        "coordinates": [
          77.600474,
          12.9103586
        ]
      },
      "id": "way/333052556"
    },
    {
      "type": "Feature",
      "properties": {
        "@id": "way/334493050",
        "amenity": "hospital",
        "emergency": "yes",
        "healthcare": "hospital",
        "name": "Sanjay Gandhi Accident and Trauma Hospital",
        "name:etymology:wikidata": "Q730045",
        "name:kn": "ಸಂಜಯ ಗಾಂಧಿ ಆಸ್ಪತ್ರೆ",
        "@geometry": "center"
      },
      "geometry": {
        "type": "Point",
        "coordinates": [
          77.5935945,
          12.9356389
        ]
      },
      "id": "way/334493050"
    },
    {
      "type": "Feature",
      "properties": {
        "@id": "way/334493056",
        "amenity": "hospital",
        "building": "yes",
        "emergency": "yes",
        "healthcare": "hospital",
        "name": "Sanjay Gandhi Accident and Trauma Hospital",
        "name:etymology:wikidata": "Q730045",
        "name:kn": "ಸಂಜಯ ಗಾಂಧಿ ಆಸ್ಪತ್ರೆ",
        "@geometry": "center"
      },
      "geometry": {
        "type": "Point",
        "coordinates": [
          77.5939433,
          12.9357711
        ]
      },
      "id": "way/334493056"
    },
    {
      "type": "Feature",
      "properties": {
        "@id": "way/335043199",
        "amenity": "hospital",
        "healthcare": "hospital",
        "name": "Greenview Hospital",
        "wheelchair": "yes",
        "@geometry": "center"
      },
      "geometry": {
        "type": "Point",
        "coordinates": [
          77.6381223,
          12.9191928
        ]
      },
      "id": "way/335043199"
    },
    {
      "type": "Feature",
      "properties": {
        "@id": "way/337987686",
        "amenity": "hospital",
        "healthcare": "hospital",
        "name": "Leprosy Hospital",
        "@geometry": "center"
      },
      "geometry": {
        "type": "Point",
        "coordinates": [
          77.5640222,
          12.9744546
        ]
      },
      "id": "way/337987686"
    },
    {
      "type": "Feature",
      "properties": {
        "@id": "way/339095607",
        "addr:district": "Bengaluru Urban",
        "addr:full": "19, 2nd Main Road, 1st Phase Peenya Industrial Area",
        "addr:postcode": "560058",
        "addr:state": "Karnataka",
        "amenity": "hospital",
        "building": "hospital",
        "emergency": "yes",
        "healthcare": "hospital",
        "name": "Ravi Kirloskar Memorial Hospital",
        "name:kn": "ರವಿ ಕಿರ್ಲೊಸ್ಕರ್ ಆಸ್ಪತ್ರೆ",
        "source": "OpenGovernmentData",
        "@geometry": "center"
      },
      "geometry": {
        "type": "Point",
        "coordinates": [
          77.527802,
          13.0384676
        ]
      },
      "id": "way/339095607"
    },
    {
      "type": "Feature",
      "properties": {
        "@id": "way/345926542",
        "amenity": "hospital",
        "building": "hospital",
        "check_date": "2024-07-16",
        "name": "Dr. Agarwal Eye Hospital",
        "@geometry": "center"
      },
      "geometry": {
        "type": "Point",
        "coordinates": [
          77.58071,
          13.0943148
        ]
      },
      "id": "way/345926542"
    },
    {
      "type": "Feature",
      "properties": {
        "@id": "way/345954862",
        "addr:district": "Bengaluru Urban",
        "addr:full": "No 1 Moore Market Square, Bourdillon Road, Fraser Town",
        "addr:postcode": "560005",
        "addr:state": "Karnataka",
        "amenity": "hospital",
        "building": "yes",
        "name": "Annasawmy Mudaliar General Hospital",
        "name:kn": "ಅಣ್ಣಸ್ವಾಮಿ ಮೊದಲಿಯಾರ್",
        "source": "OpenGovernmentData",
        "@geometry": "center"
      },
      "geometry": {
        "type": "Point",
        "coordinates": [
          77.6144986,
          12.9999803
        ]
      },
      "id": "way/345954862"
    },
    {
      "type": "Feature",
      "properties": {
        "@id": "way/345964025",
        "addr:city": "Bangalore",
        "addr:district": "Bengaluru Urban",
        "addr:housenumber": "3367/A",
        "addr:neighborhood": "HAL 2nd Stage",
        "addr:postcode": "560008",
        "addr:street": "13th Main Road",
        "amenity": "hospital",
        "building": "yes",
        "building:levels": "3",
        "healthcare": "alternative",
        "healthcare:speciality": "ayurveda",
        "image": "https://arthayurvedaworld.com/cdn/shop/files/Arth_Ayurveda.jpg?v=1679538247&width=750",
        "name": "Arth Ayurveda World",
        "operator": "Private",
        "@geometry": "center"
      },
      "geometry": {
        "type": "Point",
        "coordinates": [
          77.6457748,
          12.9685282
        ]
      },
      "id": "way/345964025"
    },
    {
      "type": "Feature",
      "properties": {
        "@id": "way/346156811",
        "addr:district": "Bengaluru Urban",
        "addr:full": "# 8, V Phase, 6th Cross, New Town",
        "addr:postcode": "560064",
        "addr:state": "Karnataka",
        "addr:subdistrict": "Yelahanka",
        "amenity": "hospital",
        "building": "hospital",
        "email": "shobha217@gmail.com",
        "name": "Neha Prakash Hospital, Bengaluru Urban",
        "name:kn": "ನೇಹಾ ಪ್ರಕಾಶ್ ಆಸ್ಪತ್ರೆ",
        "operator:type": "private",
        "source": "OpenGovernmentData",
        "website": "https://www.nehaprakashhospital.com/",
        "@geometry": "center"
      },
      "geometry": {
        "type": "Point",
        "coordinates": [
          77.5717299,
          13.1077314
        ]
      },
      "id": "way/346156811"
    },
    {
      "type": "Feature",
      "properties": {
        "@id": "way/346190765",
        "alt_name": "SLV Prasad Hospital (A Unit of Sri Lakshmi Venkateshwara Hospitals Pvt Ltd)",
        "amenity": "hospital",
        "building": "yes",
        "healthcare": "hospital",
        "name": "Sri Lakshmi Venkateshwara Hospital",
        "name:kn": "ಶ್ರೀ ಲಕ್ಷ್ಮೀ ವೆಂಕಟೇಶ್ವರ ಆಸ್ಪತ್ರೆ",
        "@geometry": "center"
      },
      "geometry": {
        "type": "Point",
        "coordinates": [
          77.5772997,
          13.1056278
        ]
      },
      "id": "way/346190765"
    },
    {
      "type": "Feature",
      "properties": {
        "@id": "way/346195951",
        "addr:district": "Bengaluru Urban",
        "addr:full": "Byatarayanapura, Bengaluru",
        "addr:postcode": "560092",
        "addr:state": "Karnataka",
        "amenity": "hospital",
        "building": "hospital",
        "healthcare": "hospital",
        "name": "Prolife Hospital",
        "source": "Local Knowledge",
        "@geometry": "center"
      },
      "geometry": {
        "type": "Point",
        "coordinates": [
          77.5936343,
          13.065084
        ]
      },
      "id": "way/346195951"
    },
    {
      "type": "Feature",
      "properties": {
        "@id": "way/346449367",
        "amenity": "hospital",
        "building": "yes",
        "emergency": "no",
        "healthcare": "hospital",
        "name": "Amrik Hospital",
        "@geometry": "center"
      },
      "geometry": {
        "type": "Point",
        "coordinates": [
          77.7478126,
          12.9828993
        ]
      },
      "id": "way/346449367"
    },
    {
      "type": "Feature",
      "properties": {
        "@id": "way/346521829",
        "addr:postcode": "560043",
        "addr:street": "2nd Cross Road",
        "amenity": "hospital",
        "building:levels": "2",
        "healthcare": "hospital",
        "name": "Indicus",
        "@geometry": "center"
      },
      "geometry": {
        "type": "Point",
        "coordinates": [
          77.6464563,
          13.0146094
        ]
      },
      "id": "way/346521829"
    },
    {
      "type": "Feature",
      "properties": {
        "@id": "way/346537092",
        "addr:district": "Bengaluru Urban",
        "addr:full": "Richmond Town, Bengaluru",
        "addr:postcode": "560025",
        "addr:state": "Karnataka",
        "amenity": "hospital",
        "building": "hospital",
        "name": "Fortis La Femme Hospital",
        "source": "Local Knowledge",
        "@geometry": "center"
      },
      "geometry": {
        "type": "Point",
        "coordinates": [
          77.6097161,
          12.9657452
        ]
      },
      "id": "way/346537092"
    },
    {
      "type": "Feature",
      "properties": {
        "@id": "way/346711854",
        "addr:city": "Bangalore",
        "addr:district": "Bengaluru Urban",
        "addr:full": "17/4, Cambridge Road, Ulsoor",
        "addr:housenumber": "17/4",
        "addr:postcode": "560008",
        "addr:state": "Karnataka",
        "addr:street": "Cambridge Road",
        "amenity": "hospital",
        "emergency": "no",
        "healthcare": "hospital",
        "name": "Shyamala Hospital",
        "name:kn": "ಶ್ಯಾಮಲಾ ಆಸ್ಪತ್ರೆ",
        "source": "OpenGovernmentData",
        "@geometry": "center"
      },
      "geometry": {
        "type": "Point",
        "coordinates": [
          77.627494,
          12.9714272
        ]
      },
      "id": "way/346711854"
    },
    {
      "type": "Feature",
      "properties": {
        "@id": "way/346714039",
        "addr:city": "Bangalore",
        "addr:district": "Bengaluru Urban",
        "addr:housenumber": "15",
        "addr:postcode": "560037",
        "addr:street": "3rd Cross Road, Vaikuntam Layout",
        "amenity": "hospital",
        "building:levels": "1",
        "description": "Speech Therapy Center",
        "healthcare": "hospital",
        "name": "Ways2Guide Speech Therapy Center",
        "wheelchair": "limited",
        "@geometry": "center"
      },
      "geometry": {
        "type": "Point",
        "coordinates": [
          77.7126304,
          12.9599619
        ]
      },
      "id": "way/346714039"
    },
    {
      "type": "Feature",
      "properties": {
        "@id": "way/346722362",
        "addr:district": "Bangalore",
        "addr:full": "Vibhutipura Extension, Doddanekundi",
        "addr:postcode": "560037",
        "addr:state": "Karnataka",
        "addr:subdistrict": "Bangalore East",
        "amenity": "hospital",
        "building": "yes",
        "building:levels": "1",
        "check_date": "2024-04-01",
        "healthcare": "hospital",
        "name": "Government Primary Health Centre",
        "name:kn": "ಸರ್ಕಾರಿ ಪ್ರಾಥಮಿಕ ಆರೋಗ್ಯ ಕೇಂದ್ರ",
        "source": "OpenGovernmentData",
        "@geometry": "center"
      },
      "geometry": {
        "type": "Point",
        "coordinates": [
          77.693776,
          12.9718119
        ]
      },
      "id": "way/346722362"
    },
    {
      "type": "Feature",
      "properties": {
        "@id": "way/346842857",
        "amenity": "hospital",
        "email": "contactus.blr@kinderhospitals.com",
        "emergency": "yes",
        "healthcare": "hospital",
        "healthcare:speciality": "gynaecology;urology;neonatology;paediatrics;plastic_surgery;anaesthetics;surgery;general;dermatology",
        "name": "Kinder Women's Hospital & Fertility Center",
        "phone": "+91 80 2888 8880",
        "website": "https://kinderhospitals.com/",
        "wheelchair": "yes",
        "@geometry": "center"
      },
      "geometry": {
        "type": "Point",
        "coordinates": [
          77.7064747,
          12.9920515
        ]
      },
      "id": "way/346842857"
    },
    {
      "type": "Feature",
      "properties": {
        "@id": "way/347071790",
        "amenity": "hospital",
        "healthcare": "hospital",
        "name": "Medicare Diagnostics",
        "@geometry": "center"
      },
      "geometry": {
        "type": "Point",
        "coordinates": [
          77.5587301,
          13.0285228
        ]
      },
      "id": "way/347071790"
    },
    {
      "type": "Feature",
      "properties": {
        "@id": "way/347074890",
        "addr:district": "Bengaluru Urban",
        "addr:full": "17, Dr.M.H.Mari Gowda Road, Opp Wilson Garden",
        "addr:postcode": "560027",
        "addr:state": "Karnataka",
        "amenity": "hospital",
        "healthcare": "hospital",
        "healthcare:speciality": "Neuro Psychiatry; Neuro Surgery; Oncology; Orthopaedics; Joint Replacements; General Surgery",
        "name": "Abhaya Hospital",
        "name:kn": "ಅಭಯ ಆಸ್ಪತ್ರೆ",
        "operator:type": "private",
        "source": "OpenGovernmentData",
        "website": "https://www.abhayahospital.org/",
        "wheelchair": "yes",
        "@geometry": "center"
      },
      "geometry": {
        "type": "Point",
        "coordinates": [
          77.5947839,
          12.9462798
        ]
      },
      "id": "way/347074890"
    },
    {
      "type": "Feature",
      "properties": {
        "@id": "way/347120731",
        "amenity": "hospital",
        "building": "yes",
        "healthcare": "hospital",
        "name": "MS Diabetes Speciality Center",
        "@geometry": "center"
      },
      "geometry": {
        "type": "Point",
        "coordinates": [
          77.646011,
          12.9807106
        ]
      },
      "id": "way/347120731"
    },
    {
      "type": "Feature",
      "properties": {
        "@id": "way/347120748",
        "addr:city": "Bengaluru",
        "addr:district": "Bengaluru Urban",
        "addr:housenumber": "175",
        "addr:postcode": "560011",
        "addr:street": "5th Main Road",
        "amenity": "hospital",
        "healthcare": "hospital",
        "healthcare:speciality": "general;emergency",
        "name": "Shashank Clinic",
        "operator": "Dr. Satish",
        "operator:type": "public",
        "@geometry": "center"
      },
      "geometry": {
        "type": "Point",
        "coordinates": [
          77.5808392,
          12.9265095
        ]
      },
      "id": "way/347120748"
    },
    {
      "type": "Feature",
      "properties": {
        "@id": "way/347167749",
        "amenity": "hospital",
        "healthcare": "hospital",
        "name": "BBMP Maternity Hospital",
        "name:kn": "ಸರಕಾರಿ ಹೆರಿಗೆ ಆಸ್ಪತ್ರೆ",
        "@geometry": "center"
      },
      "geometry": {
        "type": "Point",
        "coordinates": [
          77.596808,
          12.9491979
        ]
      },
      "id": "way/347167749"
    },
    {
      "type": "Feature",
      "properties": {
        "@id": "way/347175871",
        "addr:city": "Gandhi Nagar, Bangalore",
        "addr:housename": "Near Gandhrava Uapahara",
        "addr:street": "4th Cross",
        "amenity": "hospital",
        "building": "yes",
        "emergency": "no",
        "healthcare": "hospital",
        "name": "Ramakrishna Clinic",
        "@geometry": "center"
      },
      "geometry": {
        "type": "Point",
        "coordinates": [
          77.5744614,
          12.978694
        ]
      },
      "id": "way/347175871"
    },
    {
      "type": "Feature",
      "properties": {
        "@id": "way/347187836",
        "amenity": "hospital",
        "building": "yes",
        "name": "ESI Hospital",
        "name:kn": "ಇಎಸ್ಐ ಆಸ್ಪತ್ರೆ",
        "@geometry": "center"
      },
      "geometry": {
        "type": "Point",
        "coordinates": [
          77.5894064,
          12.9279948
        ]
      },
      "id": "way/347187836"
    },
    {
      "type": "Feature",
      "properties": {
        "@id": "way/347236390",
        "amenity": "hospital",
        "healthcare": "hospital",
        "@geometry": "center"
      },
      "geometry": {
        "type": "Point",
        "coordinates": [
          77.6287815,
          12.9346732
        ]
      },
      "id": "way/347236390"
    },
    {
      "type": "Feature",
      "properties": {
        "@id": "way/347236718",
        "addr:city": "Bangalore",
        "addr:district": "Bengaluru Urban",
        "addr:housenumber": "224",
        "addr:postcode": "560034",
        "addr:street": "5th Cross Road, 4th block",
        "amenity": "hospital",
        "building:levels": "2",
        "healthcare": "hospital",
        "healthcare:speciality": "dentistry;prosthodontist;pediatric_dentist",
        "name": "Proteeth Dental",
        "@geometry": "center"
      },
      "geometry": {
        "type": "Point",
        "coordinates": [
          77.6284672,
          12.9346254
        ]
      },
      "id": "way/347236718"
    },
    {
      "type": "Feature",
      "properties": {
        "@id": "way/347485349",
        "amenity": "hospital",
        "building": "commercial",
        "building:levels": "5",
        "name": "Apollo Hospital",
        "name:kn": "ಅಪೋಲೋ ಆಸ್ಪತ್ರೆ",
        "@geometry": "center"
      },
      "geometry": {
        "type": "Point",
        "coordinates": [
          77.5726976,
          12.9883419
        ]
      },
      "id": "way/347485349"
    },
    {
      "type": "Feature",
      "properties": {
        "@id": "way/347497660",
        "addr:district": "Bengaluru Urban",
        "addr:full": "334, 3rd Stage, 4th Block, Basaveshwaranagar",
        "addr:postcode": "560079",
        "addr:state": "Karnataka",
        "amenity": "hospital",
        "building": "hospital",
        "healthcare": "hospital",
        "name": "Supra Hospital",
        "operator:type": "private",
        "website": "http://www.panaceahospital.com/",
        "@geometry": "center"
      },
      "geometry": {
        "type": "Point",
        "coordinates": [
          77.5386455,
          12.9928137
        ]
      },
      "id": "way/347497660"
    },
    {
      "type": "Feature",
      "properties": {
        "@id": "way/347497848",
        "addr:city": "Basaveshwara Nagar, Bangalore",
        "addr:housenumber": "334",
        "addr:postcode": "560079",
        "addr:street": "8th Main, 3rd Stage",
        "amenity": "hospital",
        "building": "yes",
        "emergency": "yes",
        "healthcare": "hospital",
        "name": "GM Hospital",
        "wheelchair": "yes",
        "@geometry": "center"
      },
      "geometry": {
        "type": "Point",
        "coordinates": [
          77.5386927,
          12.9929463
        ]
      },
      "id": "way/347497848"
    },
    {
      "type": "Feature",
      "properties": {
        "@id": "way/348229715",
        "addr:district": "Bengaluru Urban",
        "addr:full": "123, 7 Th Cross Dollas Colony,Billekhalli,Off Bannerghatta Road,Btm Stage Ii",
        "addr:postcode": "560076",
        "addr:state": "Karnataka",
        "amenity": "hospital",
        "building": "yes",
        "healthcare": "hospital",
        "healthcare:speciality": "gynaecology",
        "name": "Sakhi Hospital (A Unit Of Prasad Healthcare Services)",
        "source": "OpenGovernmentData",
        "wheelchair": "yes",
        "@geometry": "center"
      },
      "geometry": {
        "type": "Point",
        "coordinates": [
          77.6031945,
          12.9052747
        ]
      },
      "id": "way/348229715"
    },
    {
      "type": "Feature",
      "properties": {
        "@id": "way/348287598",
        "addr:district": "Bengaluru Urban",
        "addr:full": "SBM Colony, Banashankari, Bengaluru",
        "addr:state": "Karnataka",
        "amenity": "hospital",
        "building": "yes",
        "name": "Prashanth Hospitals",
        "name:kn": "ಪಿಇಎಸ್ ವಿಶ್ವವಿದ್ಯಾಲಯ ಕ್ರಿಕೆಟ್ ಮೈದಾನ",
        "source": "Local Knowledge",
        "@geometry": "center"
      },
      "geometry": {
        "type": "Point",
        "coordinates": [
          77.5513126,
          12.9391883
        ]
      },
      "id": "way/348287598"
    },
    {
      "type": "Feature",
      "properties": {
        "@id": "way/348827364",
        "addr:city": "Bengaluru",
        "addr:district": "Bengaluru Urban",
        "addr:full": "6/7/8, 4th Main, 18th Cross, Chitrashilpi Venkatappa Road, Malleshwaram",
        "addr:housenumber": "6,7,8",
        "addr:postcode": "560003",
        "addr:state": "Karnataka",
        "addr:street": "18th Cross Road",
        "addr:unit": "Chitrashilpi Venkatappa Road",
        "amenity": "hospital",
        "building": "hospital",
        "email": "info@vagushospital.com",
        "healthcare": "hospital",
        "healthcare:speciality": "multi speciality",
        "name": "Vagus Super Speciality Hospital",
        "operator:type": "private",
        "phone": "080-23569970",
        "source": "OpenGovernmentData",
        "website": "https://www.vagushospital.com/",
        "@geometry": "center"
      },
      "geometry": {
        "type": "Point",
        "coordinates": [
          77.5684217,
          13.0084773
        ]
      },
      "id": "way/348827364"
    },
    {
      "type": "Feature",
      "properties": {
        "@id": "way/350750824",
        "addr:postcode": "560043,",
        "addr:street": "8th Main Road (west)",
        "amenity": "hospital",
        "check_date": "2024-09-18",
        "name": "Ovum Hospitals",
        "@geometry": "center"
      },
      "geometry": {
        "type": "Point",
        "coordinates": [
          77.6432944,
          13.0171298
        ]
      },
      "id": "way/350750824"
    },
    {
      "type": "Feature",
      "properties": {
        "@id": "way/351121389",
        "amenity": "hospital",
        "building": "yes",
        "@geometry": "center"
      },
      "geometry": {
        "type": "Point",
        "coordinates": [
          77.5915016,
          13.0546111
        ]
      },
      "id": "way/351121389"
    },
    {
      "type": "Feature",
      "properties": {
        "@id": "way/351326759",
        "amenity": "hospital",
        "building": "yes",
        "name": "Deepak Hospital",
        "@geometry": "center"
      },
      "geometry": {
        "type": "Point",
        "coordinates": [
          77.5775108,
          12.9262236
        ]
      },
      "id": "way/351326759"
    },
    {
      "type": "Feature",
      "properties": {
        "@id": "way/354497944",
        "amenity": "hospital",
        "healthcare": "hospital",
        "name": "ChanRe Rheumatology And Immunology Center And Research",
        "@geometry": "center"
      },
      "geometry": {
        "type": "Point",
        "coordinates": [
          77.5354224,
          12.9955667
        ]
      },
      "id": "way/354497944"
    },
    {
      "type": "Feature",
      "properties": {
        "@id": "way/354557914",
        "amenity": "hospital",
        "building": "yes",
        "name": "Gopala Eye Care Centre",
        "@geometry": "center"
      },
      "geometry": {
        "type": "Point",
        "coordinates": [
          77.5343261,
          12.9883622
        ]
      },
      "id": "way/354557914"
    },
    {
      "type": "Feature",
      "properties": {
        "@id": "way/360342803",
        "amenity": "hospital",
        "check_date": "2025-06-03",
        "emergency": "yes",
        "healthcare": "hospital",
        "healthcare:speciality": "general;paediatrics;emergency;gynaecology",
        "name": "Manipal Hospitals",
        "name:kn": "ಮಣಿಪಾಲ ಆಸ್ಪತ್ರೆ",
        "old_name": "Columbia Asia Whitefield",
        "@geometry": "center"
      },
      "geometry": {
        "type": "Point",
        "coordinates": [
          77.7454332,
          12.9583496
        ]
      },
      "id": "way/360342803"
    },
    {
      "type": "Feature",
      "properties": {
        "@id": "way/360347699",
        "amenity": "hospital",
        "building": "yes",
        "check_date": "2025-05-31",
        "emergency": "yes",
        "name": "Jeevika Hospital",
        "name:kn": "ಜೀವಿಕ ಆಸ್ಪತ್ರೆ",
        "payment:cash": "yes",
        "payment:credit_cards": "yes",
        "payment:debit_cards": "yes",
        "source": "survey",
        "wheelchair": "yes",
        "@geometry": "center"
      },
      "geometry": {
        "type": "Point",
        "coordinates": [
          77.7025531,
          12.9659074
        ]
      },
      "id": "way/360347699"
    },
    {
      "type": "Feature",
      "properties": {
        "@id": "way/363870191",
        "addr:postcode": "560043",
        "addr:street": "8th E Main Road",
        "amenity": "hospital",
        "healthcare": "hospital",
        "healthcare:speciality": "general",
        "name": "Sharada Medicals",
        "@geometry": "center"
      },
      "geometry": {
        "type": "Point",
        "coordinates": [
          77.6467105,
          13.0152635
        ]
      },
      "id": "way/363870191"
    },
    {
      "type": "Feature",
      "properties": {
        "@id": "node/364629422",
        "addr:street": "Kanakapura Road",
        "amenity": "hospital",
        "name": "JBS Hospital",
        "name:kn": "ಜೆ ಬಿ ಎಸ್ ಆಸ್ಪತ್ರೆ"
      },
      "geometry": {
        "type": "Point",
        "coordinates": [
          77.5745968,
          12.9207173
        ]
      },
      "id": "node/364629422"
    },
    {
      "type": "Feature",
      "properties": {
        "@id": "node/364629734",
        "amenity": "hospital",
        "check_date": "2025-01-11",
        "healthcare": "hospital",
        "name": "Jayanagar heart Centre"
      },
      "geometry": {
        "type": "Point",
        "coordinates": [
          77.584433,
          12.9231684
        ]
      },
      "id": "node/364629734"
    },
    {
      "type": "Feature",
      "properties": {
        "@id": "way/369295552",
        "addr:district": "Bengaluru Urban",
        "addr:full": "Kembridge Road, Near Police Station",
        "addr:postcode": "560008",
        "addr:state": "Karnataka",
        "amenity": "hospital",
        "healthcare": "hospital",
        "name": "Halasuru Referal Hospital",
        "operator": "BBMP",
        "source": "OpenGovernmentData",
        "@geometry": "center"
      },
      "geometry": {
        "type": "Point",
        "coordinates": [
          77.6266773,
          12.973692
        ]
      },
      "id": "way/369295552"
    },
    {
      "type": "Feature",
      "properties": {
        "@id": "way/371602983",
        "addr:district": "Bengaluru Urban",
        "addr:full": "No.71/1, Millers Road, Opp. St. Anne's College, Bengaluru",
        "addr:postcode": "560052",
        "addr:state": "Karnataka",
        "amenity": "hospital",
        "healthcare": "hospital",
        "name": "Manipal Hospital",
        "name:kn": "ಮಣಿಪಾಲ ಆಸ್ಪತ್ರೆ",
        "old_name": "Vikram Hospital",
        "old_name:kn": "ವಿಕ್ರಮ್ ಆಸ್ಪತ್ರೆ",
        "source": "OpenGovernmentData",
        "website": "https://www.vikramhospital.com/",
        "@geometry": "center"
      },
      "geometry": {
        "type": "Point",
        "coordinates": [
          77.5921572,
          12.9882084
        ]
      },
      "id": "way/371602983"
    },
    {
      "type": "Feature",
      "properties": {
        "@id": "way/372545827",
        "amenity": "hospital",
        "name": "BBMP Primary Health Center",
        "name:kn": "ಪ್ರಾಥಮಿಕ ಆರೋಗ್ಯ ಕೇಂದ್ರ",
        "@geometry": "center"
      },
      "geometry": {
        "type": "Point",
        "coordinates": [
          77.6464476,
          12.9591543
        ]
      },
      "id": "way/372545827"
    },
    {
      "type": "Feature",
      "properties": {
        "@id": "way/398113412",
        "amenity": "hospital",
        "name": "The Fracture and Orthopaedic Clinic",
        "@geometry": "center"
      },
      "geometry": {
        "type": "Point",
        "coordinates": [
          77.5634644,
          13.0081737
        ]
      },
      "id": "way/398113412"
    },
    {
      "type": "Feature",
      "properties": {
        "@id": "way/400480962",
        "addr:district": "Bengaluru Urban",
        "addr:full": "Post Bag No.4, No.2, Hazarat Kambal Posh Road",
        "addr:postcode": "560051",
        "addr:state": "Karnataka",
        "amenity": "hospital",
        "contact:email": "info@csihospitalblr.org",
        "contact:phone": "080 22861103",
        "healthcare": "hospital",
        "name": "CSI Hospital",
        "name:kn": "ಸಿ ಎಸ್ ಐ ಆಸ್ಪತ್ರೆ",
        "source": "OpenGovernmentData",
        "website": "http://csihospitalblr.org",
        "@geometry": "center"
      },
      "geometry": {
        "type": "Point",
        "coordinates": [
          77.6011314,
          12.991305
        ]
      },
      "id": "way/400480962"
    },
    {
      "type": "Feature",
      "properties": {
        "@id": "way/401993917",
        "amenity": "hospital",
        "name": "Government Hospital",
        "name:kn": "ಸರ್ಕಾರಿ ಆಸ್ಪತ್ರೆ",
        "ups_hospital": "general hospital",
        "@geometry": "center"
      },
      "geometry": {
        "type": "Point",
        "coordinates": [
          77.6199247,
          12.9490229
        ]
      },
      "id": "way/401993917"
    },
    {
      "type": "Feature",
      "properties": {
        "@id": "way/442048030",
        "addr:district": "Bengaluru Urban",
        "addr:full": "#44, 54, 30th Cross Rd, Bannerughatta Approach Road Layout, 4th T Block East, Tilak Nagar, Jayanagar,",
        "addr:postcode": "560041",
        "addr:state": "Karnataka",
        "amenity": "hospital",
        "email": "infojnr@sagarhospitals.in",
        "emergency": "yes",
        "healthcare": "hospital",
        "name": "Sagar Hospitals",
        "name:kn": "ಸಾಗರ್ ಆಸ್ಪತ್ರೆ",
        "operator:type": "private",
        "phone": "08042888888",
        "source": "OpenGovernmentData",
        "website": "http://www.sagarhospitals.in/",
        "@geometry": "center"
      },
      "geometry": {
        "type": "Point",
        "coordinates": [
          77.5998446,
          12.9279005
        ]
      },
      "id": "way/442048030"
    },
    {
      "type": "Feature",
      "properties": {
        "@id": "way/442048031",
        "amenity": "hospital",
        "building": "hospital",
        "name": "Sagar Hospital",
        "name:kn": "ಸಾಗರ ಆಸ್ಪತ್ರೆ",
        "opening_hours": "Mo-Su 00:00-23:00",
        "@geometry": "center"
      },
      "geometry": {
        "type": "Point",
        "coordinates": [
          77.5651623,
          12.9078674
        ]
      },
      "id": "way/442048031"
    },
    {
      "type": "Feature",
      "properties": {
        "@id": "node/443612463",
        "amenity": "hospital",
        "name": "Sri Vijayalakshmi Pragathi Hospital",
        "name:kn": "ಶ್ರೀ ವಿಜಯಲಕ್ಷ್ಮೀ ಪ್ರಗತಿ ಆಸ್ಪತ್ರೆ"
      },
      "geometry": {
        "type": "Point",
        "coordinates": [
          77.6409543,
          13.0371728
        ]
      },
      "id": "node/443612463"
    },
    {
      "type": "Feature",
      "properties": {
        "@id": "node/454142398",
        "amenity": "hospital",
        "name": "Sathya Hospital",
        "name:kn": "ಸತ್ಯ ಆಸ್ಪತ್ರೆ"
      },
      "geometry": {
        "type": "Point",
        "coordinates": [
          77.6364728,
          13.0185503
        ]
      },
      "id": "node/454142398"
    },
    {
      "type": "Feature",
      "properties": {
        "@id": "way/478206073",
        "addr:district": "Bengaluru Urban",
        "addr:full": "Air Force",
        "addr:postcode": "560007",
        "addr:state": "Karnataka",
        "amenity": "hospital",
        "healthcare": "hospital",
        "name": "Command Hospital (Air Force)",
        "source": "OpenGovernmentData",
        "@geometry": "center"
      },
      "geometry": {
        "type": "Point",
        "coordinates": [
          77.6279636,
          12.9638649
        ]
      },
      "id": "way/478206073"
    },
    {
      "type": "Feature",
      "properties": {
        "@id": "way/487591672",
        "addr:district": "Bangalore",
        "addr:full": "Bagaluru Cross, Yelahanka, Armed Police Training School",
        "addr:postcode": "560063",
        "addr:state": "Karnataka",
        "addr:subdistrict": "Bangalore North",
        "amenity": "hospital",
        "healthcare": "hospital",
        "name": "Yelahanka Government Hospital",
        "name:kn": "ಯಲಹಂಕ ಸರ್ಕಾರಿ ಆಸ್ಪತ್ರೆ",
        "source": "OpenGovernmentData",
        "@geometry": "center"
      },
      "geometry": {
        "type": "Point",
        "coordinates": [
          77.5962927,
          13.0995716
        ]
      },
      "id": "way/487591672"
    },
    {
      "type": "Feature",
      "properties": {
        "@id": "way/487956103",
        "addr:city": "bangalore",
        "addr:district": "Bengaluru Urban",
        "addr:full": "No. 4, Mother Theresa Road, Campbell Road",
        "addr:housenumber": "4",
        "addr:postcode": "560047",
        "addr:state": "Karnataka",
        "addr:street": "Mother Theresa Rd, Vivek Nagar Post, Near Life Style, Xavier Layout, Victoria Layout",
        "amenity": "hospital",
        "name": "St. Philomena's Hospital",
        "name:kn": "ಸೇಂಟ್ ಫಿಲೋಮೇನ ಆಸ್ಪತ್ರೆ",
        "phone": "080 4016 4433",
        "source": "OpenGovernmentData",
        "website": "stphilomenashospital.org",
        "wheelchair": "yes",
        "@geometry": "center"
      },
      "geometry": {
        "type": "Point",
        "coordinates": [
          77.6111375,
          12.9649568
        ]
      },
      "id": "way/487956103"
    },
    {
      "type": "Feature",
      "properties": {
        "@id": "way/496821816",
        "amenity": "hospital",
        "building": "yes",
        "healthcare": "hospital",
        "name": "Government Maternity Hospital",
        "name:kn": "ಸರಕಾರಿ ಹೆರಿಗೆ ಆಸ್ಪತ್ರೆ",
        "@geometry": "center"
      },
      "geometry": {
        "type": "Point",
        "coordinates": [
          77.5697859,
          12.9377267
        ]
      },
      "id": "way/496821816"
    },
    {
      "type": "Feature",
      "properties": {
        "@id": "way/509638758",
        "addr:city": "Bengaluru",
        "addr:country": "IN",
        "addr:district": "Bengaluru Urban",
        "addr:full": "No 8, HCG Towers, P. Kalinga Rao Road, Sampangi Ram Nagar, Bengaluru",
        "addr:hamlet": "Sampangi Ram Nagar",
        "addr:housenumber": "8",
        "addr:postcode": "560027",
        "addr:state": "Karnataka",
        "addr:street": "P. Kalinga Rao Road",
        "amenity": "hospital",
        "fax": "+918022485962",
        "name": "HCG Cancer Hospital",
        "name:bn": "এইচসিজি ক্যান্সার হাসপাতাল",
        "name:en": "HealthCare Global Enterprises Ltd",
        "operator:type": "private",
        "phone": "+918040206000",
        "source": "OpenGovernmentData",
        "website": "https://www.hcgoncology.com/",
        "@geometry": "center"
      },
      "geometry": {
        "type": "Point",
        "coordinates": [
          77.5896796,
          12.9637737
        ]
      },
      "id": "way/509638758"
    },
    {
      "type": "Feature",
      "properties": {
        "@id": "way/512626192",
        "addr:district": "Bengaluru Urban",
        "addr:full": "Cunnigham Road, 2nd Cross No:3",
        "addr:postcode": "560001",
        "addr:state": "Karnataka",
        "amenity": "hospital",
        "name": "Al-Ameen Hospital",
        "name:kn": "ಆಲ್-ಆಮೀನ್ ಆಸ್ಪತ್ರೆ",
        "source": "OpenGovernmentData",
        "@geometry": "center"
      },
      "geometry": {
        "type": "Point",
        "coordinates": [
          77.5942601,
          12.9898869
        ]
      },
      "id": "way/512626192"
    },
    {
      "type": "Feature",
      "properties": {
        "@id": "way/513532062",
        "addr:district": "Bengaluru Urban",
        "addr:full": "#1, Dr. Rajkumar Road, I Block,Rajajinagar,Near Vivekananda College",
        "addr:postcode": "560010",
        "addr:state": "Karnataka",
        "addr:street": "Dr Rajkumar Road",
        "alt_name": "Gudde Hospital",
        "amenity": "hospital",
        "healthcare": "hospital",
        "name": "St. Theresa's Hospital",
        "name:kn": "ಸೈಂಟ್ ತೆರೇಸ ಆಸ್ಪತ್ರೆ",
        "old_name": "St Theresa's Tuberculosis Sanatorium",
        "source": "OpenGovernmentData",
        "@geometry": "center"
      },
      "geometry": {
        "type": "Point",
        "coordinates": [
          77.5529489,
          13.0067504
        ]
      },
      "id": "way/513532062"
    },
    {
      "type": "Feature",
      "properties": {
        "@id": "node/519549595",
        "addr:city": "Basaveshwara Nagar, Bangalore",
        "addr:district": "Bengaluru Urban",
        "addr:full": "#100/101, Lic Colony West Of Chord, Basaveshwaranagar",
        "addr:housenumber": "100",
        "addr:postcode": "560079",
        "addr:state": "Karnataka",
        "addr:street": "West of Chord Road (LIC Colony)",
        "amenity": "hospital",
        "email": "chordroadhospital100@yahoo.co.in",
        "healthcare:speciality": "multi speciality",
        "name": "Chord Road Hospital Pvt Ltd",
        "name:kn": "ಕೊರ್ಡ್ ರಸ್ತೆ ಆಸ್ಪತ್ರೆ",
        "operator:type": "private",
        "phone": "+91-80-23225858;+91-80-23225868;+91-80-23225878",
        "source": "OpenGovernmentData",
        "website": "http://www.chordroadhospitalent.com/",
        "wheelchair": "yes"
      },
      "geometry": {
        "type": "Point",
        "coordinates": [
          77.5404836,
          12.9981215
        ]
      },
      "id": "node/519549595"
    },
    {
      "type": "Feature",
      "properties": {
        "@id": "way/525508983",
        "amenity": "hospital",
        "emergency": "yes",
        "name": "Shirdi Sai Hospital",
        "name:kn": "ಶಿರಡಿ ಸಾಯಿ ಆಸ್ಪತ್ರೆ",
        "@geometry": "center"
      },
      "geometry": {
        "type": "Point",
        "coordinates": [
          77.6394164,
          13.0668492
        ]
      },
      "id": "way/525508983"
    },
    {
      "type": "Feature",
      "properties": {
        "@id": "node/530353033",
        "addr:city": "Basaveshwara Nagar, Bangalore",
        "addr:housenumber": "877",
        "addr:postcode": "560079",
        "addr:street": "Modi Hospital Road (West of Chord Road)",
        "amenity": "hospital",
        "email": "pristinehospitals@pristinehospitals.com",
        "fax": "+91-80-41354455",
        "healthcare": "hospital",
        "name": "Pristline Hospital",
        "name:kn": "ಪ್ರಿಸ್ಟೀನ್ ಆಸ್ಪತ್ರೆ",
        "phone": "+91-80-41354444;+91-80-51270776",
        "website": "http://www.pristinehospitals.com/"
      },
      "geometry": {
        "type": "Point",
        "coordinates": [
          77.5436127,
          12.9978931
        ]
      },
      "id": "node/530353033"
    },
    {
      "type": "Feature",
      "properties": {
        "@id": "way/535587224",
        "amenity": "hospital",
        "building": "yes",
        "building:levels": "6",
        "healthcare": "hospital",
        "name": "Life Hospital",
        "@geometry": "center"
      },
      "geometry": {
        "type": "Point",
        "coordinates": [
          77.6470614,
          12.9756177
        ]
      },
      "id": "way/535587224"
    },
    {
      "type": "Feature",
      "properties": {
        "@id": "way/549373054",
        "amenity": "hospital",
        "building": "yes",
        "healthcare": "hospital",
        "name": "South City Hospital",
        "@geometry": "center"
      },
      "geometry": {
        "type": "Point",
        "coordinates": [
          77.5803074,
          12.9496516
        ]
      },
      "id": "way/549373054"
    },
    {
      "type": "Feature",
      "properties": {
        "@id": "node/582384953",
        "addr:district": "Bengaluru Urban",
        "addr:full": "202, R.V.Road",
        "addr:postcode": "560001",
        "addr:state": "Karnataka",
        "addr:street": "Rashtriya Vidyalaya Road",
        "amenity": "hospital",
        "email": "info@Bengaluruhospital.co.in",
        "healthcare": "hospital",
        "name": "Bengaluru Hospital, Susruta Medical Aid AndResearch Home Limited",
        "name:kn": "ಬೆಂಗಳೂರು ಆಸ್ಪತ್ರೆ",
        "operator:type": "private",
        "source": "OpenGovernmentData",
        "website": "http://dpal.kar.nic.in/Kanunu%20padakosha%20PDF%20Files/Recognised%20Hospitals.pdf"
      },
      "geometry": {
        "type": "Point",
        "coordinates": [
          77.5802836,
          12.9376734
        ]
      },
      "id": "node/582384953"
    },
    {
      "type": "Feature",
      "properties": {
        "@id": "way/598030834",
        "addr:city": "Bangalore",
        "addr:housenumber": "Manipal Hospitals Whitefield #143, 212-2015",
        "addr:postcode": "560048",
        "addr:street": "Whitefield Main Road",
        "amenity": "hospital",
        "emergency": "yes",
        "healthcare": "hospital",
        "healthcare:speciality": "general;paediatrics;orthopaedics;rheumatology;urology;radiology;gynaecology;endocrinology",
        "name": "Manipal Hospitals Whitefield",
        "name:kn": "ಮಣಿಪಾಲ ಆಸ್ಪತ್ರೆ",
        "phone": "1800 3001 4000",
        "website": "https://www.manipalhospitals.com/whitefield/",
        "wheelchair": "yes",
        "@geometry": "center"
      },
      "geometry": {
        "type": "Point",
        "coordinates": [
          77.7286414,
          12.9880712
        ]
      },
      "id": "way/598030834"
    },
    {
      "type": "Feature",
      "properties": {
        "@id": "way/610471335",
        "amenity": "hospital",
        "healthcare": "hospital",
        "healthcare:speciality": "gynaecology",
        "name": "Motherhood",
        "@geometry": "center"
      },
      "geometry": {
        "type": "Point",
        "coordinates": [
          77.6722553,
          12.9179135
        ]
      },
      "id": "way/610471335"
    },
    {
      "type": "Feature",
      "properties": {
        "@id": "way/611385979",
        "amenity": "hospital",
        "check_date": "2025-02-12",
        "emergency": "yes",
        "healthcare": "hospital",
        "name": "Manipal Hospitals",
        "name:kn": "ಮಣಿಪಾಲ ಆಸ್ಪತ್ರೆ",
        "payment:cash": "yes",
        "payment:mastercard": "yes",
        "payment:visa": "yes",
        "source": "survey",
        "wheelchair": "yes",
        "@geometry": "center"
      },
      "geometry": {
        "type": "Point",
        "coordinates": [
          77.6652549,
          12.9199685
        ]
      },
      "id": "way/611385979"
    },
    {
      "type": "Feature",
      "properties": {
        "@id": "way/611698410",
        "addr:housenumber": "1587",
        "amenity": "hospital",
        "healthcare": "hospital",
        "mobile": "+917022351555",
        "name": "touchwood",
        "source": "GEPTIS",
        "@geometry": "center"
      },
      "geometry": {
        "type": "Point",
        "coordinates": [
          77.6511229,
          12.9059995
        ]
      },
      "id": "way/611698410"
    },
    {
      "type": "Feature",
      "properties": {
        "@id": "way/613474107",
        "addr:city": "Bengaluru",
        "addr:housenumber": "66",
        "addr:postcode": "560034",
        "addr:street": "Kaikondrahalli, Sarjapur Road",
        "amenity": "hospital",
        "emergency": "yes",
        "healthcare": "hospital",
        "name": "Suvarnamukhi",
        "name:kn": "ಸುವರ್ಣಮುಖಿ ಆಸ್ಪತ್ರೆ",
        "phone": "+91 98451 26869",
        "@geometry": "center"
      },
      "geometry": {
        "type": "Point",
        "coordinates": [
          77.6795552,
          12.9135595
        ]
      },
      "id": "way/613474107"
    },
    {
      "type": "Feature",
      "properties": {
        "@id": "node/625856709",
        "addr:city": "bangalore",
        "addr:district": "Bengaluru Urban",
        "addr:full": "71, 11Th Main Road, Opposite Malleshwaram Railway Station, Malleshwaram",
        "addr:housenumber": "71",
        "addr:postcode": "560003",
        "addr:state": "Karnataka",
        "addr:street": "11th Main Road, Opp Railway Station, Malleswaram",
        "amenity": "hospital",
        "name": "Manipal Northside Hospital",
        "phone": "080 2222 1111",
        "source": "OpenGovernmentData",
        "wheelchair": "yes"
      },
      "geometry": {
        "type": "Point",
        "coordinates": [
          77.5639285,
          13.0011275
        ]
      },
      "id": "node/625856709"
    },
    {
      "type": "Feature",
      "properties": {
        "@id": "way/631580848",
        "addr:housenumber": "52/2, 52/3",
        "addr:street": "Kariammana Agrahara Road",
        "amenity": "hospital",
        "check_date": "2025-09-03",
        "contact:phone": "080 4962 4962",
        "contact:website": "https://www.sakraworldhospital.com/",
        "emergency": "yes",
        "healthcare": "hospital",
        "healthcare:speciality": "dermatology;otolaryngology;urology;blood_check;cardiology;intensive;diabetology;orthopaedics;cardiothoracic_surgery;gynaecology;paediatrics;emergency;general;dentistry;dental_oral_maxillo_facial_surgery;rheumatology;anaesthetics;plastic_surgery;dialysis",
        "name": "Sakra World",
        "opening_hours": "24/7",
        "operator:type": "private",
        "payment:cash": "yes",
        "payment:credit_cards": "yes",
        "payment:debit_cards": "yes",
        "payment:qr_code": "yes",
        "payment:upi": "yes",
        "wheelchair": "yes",
        "wikidata": "Q134999916",
        "@geometry": "center"
      },
      "geometry": {
        "type": "Point",
        "coordinates": [
          77.6853258,
          12.9322182
        ]
      },
      "id": "way/631580848"
    },
    {
      "type": "Feature",
      "properties": {
        "@id": "way/632111019",
        "amenity": "hospital",
        "check_date": "2025-08-16",
        "emergency": "yes",
        "healthcare": "hospital",
        "name": "Rainbow Children's Hospital",
        "operator:type": "private",
        "payment:mastercard": "yes",
        "payment:visa": "yes",
        "wheelchair": "yes",
        "@geometry": "center"
      },
      "geometry": {
        "type": "Point",
        "coordinates": [
          77.697834,
          12.9753078
        ]
      },
      "id": "way/632111019"
    },
    {
      "type": "Feature",
      "properties": {
        "@id": "way/639010019",
        "addr:district": "Bengaluru Urban",
        "addr:full": "35, Siddiah Road, Wilson Garden",
        "addr:postcode": "560027",
        "addr:state": "Karnataka",
        "amenity": "hospital",
        "building": "hospital",
        "healthcare": "hospital",
        "name": "Agadi Hospital",
        "name:kn": "ಅಗಡಿ ಆಸ್ಪತ್ರೆ",
        "source": "OpenGovernmentData",
        "@geometry": "center"
      },
      "geometry": {
        "type": "Point",
        "coordinates": [
          77.5977936,
          12.9492019
        ]
      },
      "id": "way/639010019"
    },
    {
      "type": "Feature",
      "properties": {
        "@id": "node/663604723",
        "amenity": "hospital",
        "healthcare": "hospital",
        "name": "Government Primary Health Centre",
        "name:kn": "ಸರ್ಕಾರಿ ಪ್ರಾಥಮಿಕ ಆರೋಗ್ಯ ಕೇಂದ್ರ",
        "ups_hospital": "hospital"
      },
      "geometry": {
        "type": "Point",
        "coordinates": [
          77.6162619,
          12.9503234
        ]
      },
      "id": "node/663604723"
    },
    {
      "type": "Feature",
      "properties": {
        "@id": "node/665727326",
        "addr:district": "Bengaluru Urban",
        "addr:full": "220, 2nd phase, JP Nagar,Next to Nilgiris",
        "addr:postcode": "560078",
        "addr:state": "Karnataka",
        "amenity": "hospital",
        "check_date": "2025-06-21",
        "healthcare:speciality": "General Gynecology; Obstetrics; Prenatal Care; nulife clinic; Laboratory Testing and In-Office Surgery; Medical Spa for Women; Ophthalmology",
        "name": "Divakars speciality Hospital",
        "operator:type": "private",
        "source": "OpenGovernmentData",
        "website": "http://www.healthforher.in/"
      },
      "geometry": {
        "type": "Point",
        "coordinates": [
          77.5924585,
          12.9100629
        ]
      },
      "id": "node/665727326"
    },
    {
      "type": "Feature",
      "properties": {
        "@id": "node/671185206",
        "amenity": "hospital",
        "name": "Hema Poly Clinic"
      },
      "geometry": {
        "type": "Point",
        "coordinates": [
          77.7137961,
          12.960765
        ]
      },
      "id": "node/671185206"
    },
    {
      "type": "Feature",
      "properties": {
        "@id": "way/674106057",
        "addr:street": "Whitefield Main Road",
        "amenity": "hospital",
        "building": "yes",
        "building:levels": "3",
        "check_date": "2025-07-12",
        "emergency": "yes",
        "healthcare": "hospital",
        "healthcare:speciality": "neurology;dermatology;cardiology;pulmonology;plastic_surgery;physiatry;urology;fertility;internal;paediatrics;otolaryngology",
        "name": "Svastha Hospital",
        "roof:levels": "0",
        "roof:shape": "flat",
        "toilets:wheelchair": "yes",
        "wheelchair": "yes",
        "@geometry": "center"
      },
      "geometry": {
        "type": "Point",
        "coordinates": [
          77.7494061,
          12.9659234
        ]
      },
      "id": "way/674106057"
    },
    {
      "type": "Feature",
      "properties": {
        "@id": "way/674362377",
        "addr:city": "Bengaluru",
        "addr:postcode": "560022",
        "addr:street": "Tumkur Road",
        "amenity": "hospital",
        "name": "Sparsh Hospital",
        "name:kn": "ಸ್ಪರ್ಶ್ ಆಸ್ಪತ್ರೆ",
        "phone": "00919019108108",
        "website": "https://www.sparshhospital.com/",
        "@geometry": "center"
      },
      "geometry": {
        "type": "Point",
        "coordinates": [
          77.5429924,
          13.0277509
        ]
      },
      "id": "way/674362377"
    },
    {
      "type": "Feature",
      "properties": {
        "@id": "way/678066777",
        "amenity": "hospital",
        "healthcare": "hospital",
        "@geometry": "center"
      },
      "geometry": {
        "type": "Point",
        "coordinates": [
          77.6338265,
          12.8980981
        ]
      },
      "id": "way/678066777"
    },
    {
      "type": "Feature",
      "properties": {
        "@id": "way/687319732",
        "addr:district": "Bengaluru Urban",
        "addr:full": "618, Sri Mallikarjuna Swamy Temple St, N.R. Colony",
        "addr:postcode": "560019",
        "addr:state": "Karnataka",
        "amenity": "hospital",
        "name": "BMS Hospital",
        "source": "OpenGovernmentData",
        "@geometry": "center"
      },
      "geometry": {
        "type": "Point",
        "coordinates": [
          77.5674679,
          12.9413364
        ]
      },
      "id": "way/687319732"
    },
    {
      "type": "Feature",
      "properties": {
        "@id": "node/691930445",
        "amenity": "hospital",
        "check_date": "2024-08-18",
        "name": "BMTC Hospital",
        "name:kn": "ಬಿಎಂಟಿಸಿ ಆಸ್ಪತ್ರೆ",
        "wheelchair": "yes"
      },
      "geometry": {
        "type": "Point",
        "coordinates": [
          77.5923374,
          12.9234317
        ]
      },
      "id": "node/691930445"
    },
    {
      "type": "Feature",
      "properties": {
        "@id": "way/695545711",
        "amenity": "hospital",
        "healthcare": "hospital",
        "name": "Medical Centre",
        "@geometry": "center"
      },
      "geometry": {
        "type": "Point",
        "coordinates": [
          77.5006239,
          12.9246391
        ]
      },
      "id": "way/695545711"
    },
    {
      "type": "Feature",
      "properties": {
        "@id": "way/697081723",
        "addr:district": "Bengaluru Urban",
        "addr:full": "Modi Hospital Road, Mahalakshmipuram",
        "addr:postcode": "560086",
        "addr:state": "Karnataka",
        "amenity": "hospital",
        "email": "modihospital@hotmail.com",
        "healthcare": "hospital",
        "name": "M C Modi Eye Hospital",
        "name:etymology:wikidata": "Q1880759",
        "name:kn": "ಮೋದಿ ಕಣ್ಣಿನ ಆಸ್ಪತ್ರೆ",
        "operator:type": "private",
        "source": "OpenGovernmentData",
        "website": "http://www.modieyehospital.com/",
        "wheelchair": "yes",
        "@geometry": "center"
      },
      "geometry": {
        "type": "Point",
        "coordinates": [
          77.5459005,
          12.9980069
        ]
      },
      "id": "way/697081723"
    },
    {
      "type": "Feature",
      "properties": {
        "@id": "way/704936395",
        "addr:city": "Bangalore",
        "addr:housenumber": "284",
        "addr:postcode": "560066",
        "addr:street": "Whitefield Main road",
        "amenity": "hospital",
        "healthcare": "hospital",
        "name": "Pushpa Nursing Home",
        "phone": "+917676548532",
        "website": "https://www.pushpanursinghome.com/",
        "@geometry": "center"
      },
      "geometry": {
        "type": "Point",
        "coordinates": [
          77.7494952,
          12.9689004
        ]
      },
      "id": "way/704936395"
    },
    {
      "type": "Feature",
      "properties": {
        "@id": "way/726095464",
        "amenity": "hospital",
        "healthcare": "hospital",
        "@geometry": "center"
      },
      "geometry": {
        "type": "Point",
        "coordinates": [
          77.5417058,
          13.0177672
        ]
      },
      "id": "way/726095464"
    },
    {
      "type": "Feature",
      "properties": {
        "@id": "way/726119799",
        "addr:district": "Bengaluru Rural",
        "addr:full": "No.3 & 3A, Hesarghatta Main Road,Chikkasandra,Next To Janapriya Apartment,Near Chikkabanavara Railway Station",
        "addr:postcode": "560090",
        "addr:state": "Karnataka",
        "amenity": "hospital",
        "healthcare": "hospital",
        "name": "Nrr Hospital",
        "source": "OpenGovernmentData",
        "@geometry": "center"
      },
      "geometry": {
        "type": "Point",
        "coordinates": [
          77.5035875,
          13.0725243
        ]
      },
      "id": "way/726119799"
    },
    {
      "type": "Feature",
      "properties": {
        "@id": "way/726190880",
        "addr:district": "Bengaluru Urban",
        "addr:full": "#18-23, Maliasandra Main Road,4Th & 5Th Cross, Bagalagunte,Hesaraghatta Road",
        "addr:postcode": "560057",
        "addr:state": "Karnataka",
        "amenity": "hospital",
        "building": "commercial",
        "name": "Arunodaya Hospitals",
        "name:kn": "ಅರುಣೋದಯ ಆಸ್ಪತ್ರೆ",
        "source": "OpenGovernmentData",
        "@geometry": "center"
      },
      "geometry": {
        "type": "Point",
        "coordinates": [
          77.508511,
          13.057066
        ]
      },
      "id": "way/726190880"
    },
    {
      "type": "Feature",
      "properties": {
        "@id": "way/726342145",
        "addr:district": "Bengaluru Urban",
        "addr:full": "No.30 Hesaraghatta Road , T Dasarahalli",
        "addr:postcode": "560057",
        "addr:state": "Karnataka",
        "amenity": "hospital",
        "building": "commercial",
        "name": "Dr Ramachandra Hospital",
        "name:kn": "ರಾಮಚಂದ್ರ ಆಸ್ಪತ್ರೆ",
        "source": "OpenGovernmentData",
        "@geometry": "center"
      },
      "geometry": {
        "type": "Point",
        "coordinates": [
          77.5080361,
          13.048319
        ]
      },
      "id": "way/726342145"
    },
    {
      "type": "Feature",
      "properties": {
        "@id": "way/726497370",
        "amenity": "hospital",
        "healthcare": "hospital",
        "name": "Government Hospital",
        "name:kn": "ಸರ್ಕಾರಿ ಆಸ್ಪತ್ರೆ",
        "@geometry": "center"
      },
      "geometry": {
        "type": "Point",
        "coordinates": [
          77.5968656,
          13.0991845
        ]
      },
      "id": "way/726497370"
    },
    {
      "type": "Feature",
      "properties": {
        "@id": "way/726506664",
        "addr:district": "Bengaluru Urban",
        "addr:full": "387/347, Next To Post Office, B.B.Road Nehru Nagar, Yehlanka Old Town",
        "addr:postcode": "560064",
        "addr:state": "Karnataka",
        "amenity": "hospital",
        "healthcare": "hospital",
        "name": "Deeksha Hospital",
        "name:kn": "ದೀಕ್ಷ ಆಸ್ಪತ್ರೆ",
        "source": "OpenGovernmentData",
        "@geometry": "center"
      },
      "geometry": {
        "type": "Point",
        "coordinates": [
          77.5970471,
          13.0982401
        ]
      },
      "id": "way/726506664"
    },
    {
      "type": "Feature",
      "properties": {
        "@id": "way/742634558",
        "amenity": "hospital",
        "name": "Puneeth Rajkumar Multispeciality Hospital",
        "name:etymology:wikidata": "Q3351697",
        "operator": "BBMP",
        "@geometry": "center"
      },
      "geometry": {
        "type": "Point",
        "coordinates": [
          77.5226387,
          12.9414292
        ]
      },
      "id": "way/742634558"
    },
    {
      "type": "Feature",
      "properties": {
        "@id": "way/766720021",
        "amenity": "hospital",
        "name": "CRPF Hospital",
        "name:kn": "ಕೇಂದ್ರ ಮೀಸಲು ಪಡೆ ಆಸ್ಪತ್ರೆ",
        "wheelchair": "yes",
        "@geometry": "center"
      },
      "geometry": {
        "type": "Point",
        "coordinates": [
          77.5764128,
          13.1247842
        ]
      },
      "id": "way/766720021"
    },
    {
      "type": "Feature",
      "properties": {
        "@id": "node/769216417",
        "amenity": "hospital",
        "healthcare": "hospital",
        "name": "Ramakrishna Nursing Home and Hospital"
      },
      "geometry": {
        "type": "Point",
        "coordinates": [
          77.583477,
          12.9364329
        ]
      },
      "id": "node/769216417"
    },
    {
      "type": "Feature",
      "properties": {
        "@id": "way/772203209",
        "addr:city": "Bangalore",
        "addr:country": "IN",
        "addr:hamlet": "Grace Town",
        "addr:housenumber": "1",
        "addr:postcode": "560043",
        "addr:street": "Hennur Main Road",
        "addr:suburb": "Kalyan Nagar",
        "alt_name": "People Tree Hospitals@chris",
        "amenity": "hospital",
        "building": "hospital",
        "email": "info@chrishospital.com",
        "healthcare": "hospital",
        "name": "HOSMAT Hospital, Kalyan Nagar",
        "old_name": "Hosmat Hospital",
        "website": "https://hosmathospitals.com",
        "wheelchair": "yes",
        "@geometry": "center"
      },
      "geometry": {
        "type": "Point",
        "coordinates": [
          77.6325562,
          13.028489
        ]
      },
      "id": "way/772203209"
    },
    {
      "type": "Feature",
      "properties": {
        "@id": "way/773577275",
        "addr:postcode": "560064",
        "addr:state": "Karnataka",
        "addr:street": "3rd B Cross Road",
        "amenity": "hospital",
        "building": "hospital",
        "check_date": "2024-12-25",
        "name": "Navachethana Hospital",
        "source": "local knowledge",
        "wheelchair": "yes",
        "@geometry": "center"
      },
      "geometry": {
        "type": "Point",
        "coordinates": [
          77.5837987,
          13.1036126
        ]
      },
      "id": "way/773577275"
    },
    {
      "type": "Feature",
      "properties": {
        "@id": "way/774947265",
        "amenity": "hospital",
        "name": "Natus Woman and Children Hospital",
        "@geometry": "center"
      },
      "geometry": {
        "type": "Point",
        "coordinates": [
          77.525514,
          12.9427199
        ]
      },
      "id": "way/774947265"
    },
    {
      "type": "Feature",
      "properties": {
        "@id": "way/785273431",
        "addr:district": "Bengaluru Urban",
        "addr:full": "Jindal Nagar Tumkur Road",
        "addr:postcode": "560073",
        "addr:state": "Karnataka",
        "amenity": "hospital",
        "fixme": "Boundaries and Size of polygon",
        "name": "Jindal Naturecure Institute hospital",
        "source": "OpenGovernmentData",
        "@geometry": "center"
      },
      "geometry": {
        "type": "Point",
        "coordinates": [
          77.4832827,
          13.0507482
        ]
      },
      "id": "way/785273431"
    },
    {
      "type": "Feature",
      "properties": {
        "@id": "way/796370470",
        "amenity": "hospital",
        "name": "ITI General Hospital",
        "@geometry": "center"
      },
      "geometry": {
        "type": "Point",
        "coordinates": [
          77.6823567,
          13.0046358
        ]
      },
      "id": "way/796370470"
    },
    {
      "type": "Feature",
      "properties": {
        "@id": "way/796374051",
        "addr:district": "Bengaluru",
        "addr:full": "Munireddypalya, J.C.Nagar, Bengaluru",
        "addr:postcode": "560006",
        "addr:state": "Karnataka",
        "amenity": "hospital",
        "name": "JC Nagar Municipal Hospital",
        "source": "OpenGovernmentData",
        "@geometry": "center"
      },
      "geometry": {
        "type": "Point",
        "coordinates": [
          77.5941222,
          13.0099309
        ]
      },
      "id": "way/796374051"
    },
    {
      "type": "Feature",
      "properties": {
        "@id": "node/954623054",
        "addr:city": "bangalore",
        "addr:housenumber": "8/45",
        "addr:postcode": "560050",
        "addr:street": "80 Feet Road, SBM Colony, Near-Bank Colony Bus Stop, Banashankari 1st Stage",
        "amenity": "hospital",
        "name": "Sri Vinayaka Poly Clinic",
        "phone": "080 2672 8455",
        "source": "justdial"
      },
      "geometry": {
        "type": "Point",
        "coordinates": [
          77.5510802,
          12.939058
        ]
      },
      "id": "node/954623054"
    },
    {
      "type": "Feature",
      "properties": {
        "@id": "node/966863252",
        "amenity": "hospital",
        "emergency": "yes",
        "healthcare": "hospital",
        "name": "RMV Hospital"
      },
      "geometry": {
        "type": "Point",
        "coordinates": [
          77.576876,
          13.0322788
        ]
      },
      "id": "node/966863252"
    },
    {
      "type": "Feature",
      "properties": {
        "@id": "node/975680681",
        "addr:city": "Bangalore",
        "addr:street": "Varthur Road",
        "amenity": "hospital",
        "emergency": "yes",
        "healthcare": "hospital",
        "name": "Yashomathi Hospitals"
      },
      "geometry": {
        "type": "Point",
        "coordinates": [
          77.7112689,
          12.9559302
        ]
      },
      "id": "node/975680681"
    },
    {
      "type": "Feature",
      "properties": {
        "@id": "way/991531036",
        "addr:full": "Stage 1, KHB Colony, Basaveshwar Nagar, Bengaluru, Karnataka",
        "addr:state": "Karnataka",
        "amenity": "hospital",
        "healthcare": "hospital",
        "name": "Government Homeopathic Hospital",
        "@geometry": "center"
      },
      "geometry": {
        "type": "Point",
        "coordinates": [
          77.5365274,
          12.9830337
        ]
      },
      "id": "way/991531036"
    },
    {
      "type": "Feature",
      "properties": {
        "@id": "way/997923996",
        "addr:district": "Bengaluru Urban",
        "addr:full": "6/6 Kumarakrupa Road OppositeShivananda Circle , High Grounds",
        "addr:postcode": "560001",
        "addr:state": "Karnataka",
        "amenity": "hospital",
        "name": "Dr. P.R. Desai Hospital Pvt Ltd",
        "source": "OpenGovernmentData",
        "@geometry": "center"
      },
      "geometry": {
        "type": "Point",
        "coordinates": [
          77.5792111,
          12.9863583
        ]
      },
      "id": "way/997923996"
    },
    {
      "type": "Feature",
      "properties": {
        "@id": "node/1005544881",
        "addr:city": "Bangalore",
        "addr:housenumber": "55",
        "addr:postcode": "560001",
        "addr:street": "Infantry Road",
        "amenity": "hospital",
        "email": "bengaluru@medinovaindia.com",
        "fax": "+918022867244",
        "name": "Mallya Audikesh Diagnostics Center",
        "phone": "+918022868423",
        "website": "http://www.medinovaindia.com"
      },
      "geometry": {
        "type": "Point",
        "coordinates": [
          77.6011944,
          12.9815051
        ]
      },
      "id": "node/1005544881"
    },
    {
      "type": "Feature",
      "properties": {
        "@id": "node/1006462338",
        "addr:city": "Bangalore",
        "addr:housenumber": "31/32",
        "addr:postcode": "560001",
        "addr:street": "Crescent Rd,Nehru Nagar,Gandhi Nagar",
        "amenity": "hospital",
        "name": "Mallige Medical Centre",
        "phone": "080 2220 3333",
        "website": "https://www.mallige.com/"
      },
      "geometry": {
        "type": "Point",
        "coordinates": [
          77.5803846,
          12.985247
        ]
      },
      "id": "node/1006462338"
    },
    {
      "type": "Feature",
      "properties": {
        "@id": "way/1013443903",
        "addr:city": "Bengaluru",
        "addr:district": "Bengaluru Urban",
        "addr:full": "26/4, Brigade Gateway, Beside Metro Cash and Carry, Malleshwaram",
        "addr:housenumber": "26/4",
        "addr:postcode": "560020",
        "addr:state": "Karnataka",
        "addr:street": "Brigade Gateway, Beside Metro Cash and Carry West, Malleshwaram",
        "amenity": "hospital",
        "emergency": "yes",
        "name": "Manipal Hospital Yeshwantpur",
        "name:kn": "ಮಣಿಪಾಲ ಆಸ್ಪತ್ರೆ ಯಶ್ವಾಂತಪುರ",
        "old_name": "Columbia Asia Referral Hospital",
        "old_name:kn": "ಕೊಲಂಬಿಯ ಏಷ್ಯಾ ಆಸ್ಪತ್ರೆ",
        "phone": "080 3989 8969",
        "source": "OpenGovernmentData",
        "website": "https://www.columbiaasia.com/",
        "@geometry": "center"
      },
      "geometry": {
        "type": "Point",
        "coordinates": [
          77.5560784,
          13.0142942
        ]
      },
      "id": "way/1013443903"
    },
    {
      "type": "Feature",
      "properties": {
        "@id": "way/1039668732",
        "addr:district": "Bengaluru Urban",
        "addr:full": "Queens Road",
        "addr:state": "Karnataka",
        "addr:street": "Queen's Road",
        "amenity": "hospital",
        "name": "Shifa Hospital, Bengaluru Urban",
        "name:kn": "ಶಿಫಾ ಆಸ್ಪತ್ರೆ",
        "operator:type": "private",
        "source": "OpenGovernmentData",
        "website": "http://dpal.kar.nic.in/Kanunu%20padakosha%20PDF%20Files/Recognised%20Hospitals.pdf",
        "@geometry": "center"
      },
      "geometry": {
        "type": "Point",
        "coordinates": [
          77.5989675,
          12.9900045
        ]
      },
      "id": "way/1039668732"
    },
    {
      "type": "Feature",
      "properties": {
        "@id": "way/1039760096",
        "addr:district": "Bengaluru Urban",
        "addr:full": "359 / 360, 19Th Main 1 St Block Rajajinagar Near Indian Bank",
        "addr:postcode": "560010",
        "addr:state": "Karnataka",
        "amenity": "hospital",
        "healthcare": "hospital",
        "name": "Diacon Hospital",
        "source": "OpenGovernmentData",
        "wheelchair": "yes",
        "@geometry": "center"
      },
      "geometry": {
        "type": "Point",
        "coordinates": [
          77.5498305,
          13.0037443
        ]
      },
      "id": "way/1039760096"
    },
    {
      "type": "Feature",
      "properties": {
        "@id": "way/1039760097",
        "addr:city": "mumbai",
        "addr:district": "mumbai city",
        "addr:full": "111, West Of Chord Road, Mahalakshmipuram, Rajajinagar I Block",
        "addr:housenumber": "123",
        "addr:postcode": "400080",
        "alt_name": "Fortis Hospitals Limited, Rajajinagar",
        "amenity": "hospital",
        "emergency": "yes",
        "healthcare": "hospital",
        "healthcare:speciality": "emergency",
        "name": "Fortis Hospital",
        "name:kn": "ಫೋರ್ಟಿಸ್ ಆಸ್ಪತ್ರೆ",
        "source": "OpenGovernmentData",
        "@geometry": "center"
      },
      "geometry": {
        "type": "Point",
        "coordinates": [
          77.5491011,
          13.0022012
        ]
      },
      "id": "way/1039760097"
    },
    {
      "type": "Feature",
      "properties": {
        "@id": "way/1040899005",
        "amenity": "hospital",
        "name": "Aster CMI Hospital",
        "wheelchair": "yes",
        "@geometry": "center"
      },
      "geometry": {
        "type": "Point",
        "coordinates": [
          77.5918707,
          13.0545318
        ]
      },
      "id": "way/1040899005"
    },
    {
      "type": "Feature",
      "properties": {
        "@id": "way/1040899015",
        "amenity": "hospital",
        "name": "Rainbow Children's Hospital",
        "name:kn": "ರೈನ್ಬೋ ಮಕ್ಕಳ ಆಸ್ಪತ್ರೆ",
        "@geometry": "center"
      },
      "geometry": {
        "type": "Point",
        "coordinates": [
          77.5937383,
          13.0655778
        ]
      },
      "id": "way/1040899015"
    },
    {
      "type": "Feature",
      "properties": {
        "@id": "node/1067181192",
        "addr:district": "Bengaluru Urban",
        "addr:full": "110,6Th Main Iti Layout Benson Town Post",
        "addr:postcode": "560046",
        "addr:state": "Karnataka",
        "amenity": "hospital",
        "name": "Devine Hospital",
        "name:kn": "ಡಿವೈನ್ ಆಸ್ಪತ್ರೆ",
        "source": "OpenGovernmentData"
      },
      "geometry": {
        "type": "Point",
        "coordinates": [
          77.6039313,
          13.0038999
        ]
      },
      "id": "node/1067181192"
    },
    {
      "type": "Feature",
      "properties": {
        "@id": "way/1071044455",
        "amenity": "hospital",
        "check_date": "2025-02-12",
        "healthcare": "hospital",
        "healthcare:speciality": "maternity",
        "name": "Cloudnine",
        "payment:cash": "yes",
        "payment:mastercard": "yes",
        "payment:visa": "yes",
        "source": "survey",
        "@geometry": "center"
      },
      "geometry": {
        "type": "Point",
        "coordinates": [
          77.6724971,
          12.9244197
        ]
      },
      "id": "way/1071044455"
    },
    {
      "type": "Feature",
      "properties": {
        "@id": "way/1071257248",
        "amenity": "hospital",
        "healthcare": "hospital",
        "name": "BN Specialty Hospital",
        "@geometry": "center"
      },
      "geometry": {
        "type": "Point",
        "coordinates": [
          77.6765573,
          12.9124863
        ]
      },
      "id": "way/1071257248"
    },
    {
      "type": "Feature",
      "properties": {
        "@id": "way/1072674743",
        "addr:street": "Sadarmangala Road",
        "amenity": "hospital",
        "building": "hospital",
        "building:levels": "4",
        "check_date": "2025-07-05",
        "name": "Aster Women and Children Hospital",
        "roof:levels": "1",
        "roof:shape": "flat",
        "@geometry": "center"
      },
      "geometry": {
        "type": "Point",
        "coordinates": [
          77.7339468,
          12.9883438
        ]
      },
      "id": "way/1072674743"
    },
    {
      "type": "Feature",
      "properties": {
        "@id": "way/1073073120",
        "amenity": "hospital",
        "healthcare": "hospital",
        "name": "Prakriya Hospital",
        "wheelchair": "yes",
        "@geometry": "center"
      },
      "geometry": {
        "type": "Point",
        "coordinates": [
          77.5065296,
          13.0463371
        ]
      },
      "id": "way/1073073120"
    },
    {
      "type": "Feature",
      "properties": {
        "@id": "way/1075362335",
        "amenity": "hospital",
        "check_date": "2025-06-23",
        "healthcare": "hospital",
        "healthcare:speciality": "maternity;gynaecology;paediatrics",
        "name": "Motherhood Whitefield",
        "phone": "18002585727",
        "website": "https://femiinthealth.com/",
        "@geometry": "center"
      },
      "geometry": {
        "type": "Point",
        "coordinates": [
          77.7467194,
          12.9589657
        ]
      },
      "id": "way/1075362335"
    },
    {
      "type": "Feature",
      "properties": {
        "@id": "way/1076618915",
        "amenity": "hospital",
        "@geometry": "center"
      },
      "geometry": {
        "type": "Point",
        "coordinates": [
          77.556924,
          12.9849552
        ]
      },
      "id": "way/1076618915"
    },
    {
      "type": "Feature",
      "properties": {
        "@id": "way/1077744680",
        "amenity": "hospital",
        "@geometry": "center"
      },
      "geometry": {
        "type": "Point",
        "coordinates": [
          77.5639472,
          13.0011093
        ]
      },
      "id": "way/1077744680"
    },
    {
      "type": "Feature",
      "properties": {
        "@id": "way/1081463156",
        "addr:city": "bangalore",
        "addr:district": "Bengaluru Urban",
        "addr:full": "# 2, Tumkur Road, Goreguntepalya",
        "addr:housenumber": "2",
        "addr:postcode": "560022",
        "addr:state": "Karnataka",
        "addr:street": "Tumkur Road, Opp. Taj Vivanta, Goraguntepalya",
        "amenity": "hospital",
        "email": "appointments@peopletreehospitals.com",
        "name": "People Tree Hospitals",
        "operator:type": "private",
        "phone": "+9180 4959 9999",
        "source": "OpenGovernmentData",
        "website": "https://www.peopletreehospitals.com/",
        "@geometry": "center"
      },
      "geometry": {
        "type": "Point",
        "coordinates": [
          77.5391464,
          13.0282887
        ]
      },
      "id": "way/1081463156"
    },
    {
      "type": "Feature",
      "properties": {
        "@id": "way/1082139631",
        "amenity": "hospital",
        "building": "yes",
        "healthcare": "hospital",
        "name": "Apollo Cradle",
        "wheelchair": "yes",
        "@geometry": "center"
      },
      "geometry": {
        "type": "Point",
        "coordinates": [
          77.7172779,
          12.9667468
        ]
      },
      "id": "way/1082139631"
    },
    {
      "type": "Feature",
      "properties": {
        "@id": "way/1083566607",
        "amenity": "hospital",
        "healthcare": "hospital",
        "name": "Charaka Super Speciality Hospital",
        "official_name": "Sri Atal Bihari Vajpayee Medical College and Research Institute",
        "official_name:etymology:wikidata": "Q233289",
        "@geometry": "center"
      },
      "geometry": {
        "type": "Point",
        "coordinates": [
          77.60226,
          12.9896386
        ]
      },
      "id": "way/1083566607"
    },
    {
      "type": "Feature",
      "properties": {
        "@id": "way/1084220447",
        "amenity": "hospital",
        "check_date": "2024-05-12",
        "healthcare": "hospital",
        "@geometry": "center"
      },
      "geometry": {
        "type": "Point",
        "coordinates": [
          77.5694388,
          13.0058093
        ]
      },
      "id": "way/1084220447"
    },
    {
      "type": "Feature",
      "properties": {
        "@id": "node/1085786951",
        "addr:street": "Siddapura Road",
        "amenity": "hospital",
        "name": "Lalbagh Nursing Home",
        "name:kn": "ಲಾಲ್ಬಾಗ್ ನರ್ಸಿಂಗ್ ಹೋಂ"
      },
      "geometry": {
        "type": "Point",
        "coordinates": [
          77.5861734,
          12.9452313
        ]
      },
      "id": "node/1085786951"
    },
    {
      "type": "Feature",
      "properties": {
        "@id": "way/1088209015",
        "amenity": "hospital",
        "name": "Karunalayam Hospital",
        "name:kn": "ಕರುಣಾಲಯಂ ಆಸ್ಪತ್ರೆ",
        "@geometry": "center"
      },
      "geometry": {
        "type": "Point",
        "coordinates": [
          77.7075837,
          12.9112661
        ]
      },
      "id": "way/1088209015"
    },
    {
      "type": "Feature",
      "properties": {
        "@id": "way/1089884368",
        "amenity": "hospital",
        "emergency": "yes",
        "healthcare": "hospital",
        "name": "Phoenix Hospital",
        "@geometry": "center"
      },
      "geometry": {
        "type": "Point",
        "coordinates": [
          77.6450517,
          12.9166101
        ]
      },
      "id": "way/1089884368"
    },
    {
      "type": "Feature",
      "properties": {
        "@id": "node/1093355153",
        "amenity": "hospital",
        "name": "Dr. Batra Clinic"
      },
      "geometry": {
        "type": "Point",
        "coordinates": [
          77.7271089,
          12.9797287
        ]
      },
      "id": "node/1093355153"
    },
    {
      "type": "Feature",
      "properties": {
        "@id": "way/1095561501",
        "amenity": "hospital",
        "healthcare": "hospital",
        "name": "ESI Hospital Malleshwaram Branch",
        "operator": "Employees' State Insurance",
        "operator:short": "ESI",
        "operator:wikidata": "Q3595726",
        "@geometry": "center"
      },
      "geometry": {
        "type": "Point",
        "coordinates": [
          77.5600013,
          13.0151199
        ]
      },
      "id": "way/1095561501"
    },
    {
      "type": "Feature",
      "properties": {
        "@id": "way/1097519307",
        "amenity": "hospital",
        "healthcare": "hospital",
        "name": "Bhoomi Diagnostics",
        "@geometry": "center"
      },
      "geometry": {
        "type": "Point",
        "coordinates": [
          77.6495441,
          12.9116986
        ]
      },
      "id": "way/1097519307"
    },
    {
      "type": "Feature",
      "properties": {
        "@id": "way/1099665412",
        "addr:district": "Bengaluru Urban",
        "addr:full": "Ca Site No 1, Basant Health Centre Building, 18th Main, Opposite Hsr Club",
        "addr:postcode": "560102",
        "addr:state": "Karnataka",
        "amenity": "hospital",
        "healthcare": "hospital",
        "name": "Narayana Multispeciality Hospital",
        "name:kn": "ನಾರಾಯಣ ಆಸ್ಪತ್ರೆ",
        "operator:type": "private",
        "source": "OpenGovernmentData",
        "website": "https://www.narayanahealth.org/patients/locations/Bengaluru",
        "@geometry": "center"
      },
      "geometry": {
        "type": "Point",
        "coordinates": [
          77.6435134,
          12.9082086
        ]
      },
      "id": "way/1099665412"
    },
    {
      "type": "Feature",
      "properties": {
        "@id": "node/1101622501",
        "amenity": "hospital",
        "name": "Government Maternity Hospital",
        "name:kn": "ಸರಕಾರಿ ಹೆರಿಗೆ ಆಸ್ಪತ್ರೆ"
      },
      "geometry": {
        "type": "Point",
        "coordinates": [
          77.5817424,
          12.9988604
        ]
      },
      "id": "node/1101622501"
    },
    {
      "type": "Feature",
      "properties": {
        "@id": "node/1108014134",
        "amenity": "hospital",
        "emergency": "no",
        "name": "Soujanya Clinic"
      },
      "geometry": {
        "type": "Point",
        "coordinates": [
          77.54325,
          12.9681189
        ]
      },
      "id": "node/1108014134"
    },
    {
      "type": "Feature",
      "properties": {
        "@id": "node/1108040901",
        "amenity": "hospital",
        "name": "Kanva Diagnostics Collection Centre"
      },
      "geometry": {
        "type": "Point",
        "coordinates": [
          77.5429164,
          12.967291
        ]
      },
      "id": "node/1108040901"
    },
    {
      "type": "Feature",
      "properties": {
        "@id": "way/1108934944",
        "addr:city": "Bengaluru",
        "addr:housenumber": "178/1 & 178/2",
        "addr:postcode": "560076",
        "addr:street": "Bannerghatta Road",
        "amenity": "hospital",
        "beds": "77",
        "emergency": "yes",
        "healthcare": "hospital",
        "healthcare:speciality": "paediatrics;gynaecology",
        "name": "Rainbow Children's Hospital",
        "operator": "Rainbow Hospitals",
        "operator:type": "private",
        "phone:mobile": "9355400341",
        "website": "https://www.rainbowhospitals.in/our-centre/bengaluru/bannerghatta",
        "wheelchair": "yes",
        "@geometry": "center"
      },
      "geometry": {
        "type": "Point",
        "coordinates": [
          77.6007409,
          12.9033828
        ]
      },
      "id": "way/1108934944"
    },
    {
      "type": "Feature",
      "properties": {
        "@id": "way/1110808778",
        "amenity": "hospital",
        "name": "Sparsh Hospital",
        "@geometry": "center"
      },
      "geometry": {
        "type": "Point",
        "coordinates": [
          77.5986449,
          13.0949654
        ]
      },
      "id": "way/1110808778"
    },
    {
      "type": "Feature",
      "properties": {
        "@id": "way/1141353122",
        "addr:district": "Bengaluru Urban",
        "addr:full": "1A/87, Dr Rajkumar Road, 4th Block, Rajajinagar",
        "addr:postcode": "560010",
        "addr:state": "Karnataka",
        "addr:street": "Dr Rajkumar Road",
        "amenity": "hospital",
        "emergency": "yes",
        "name": "Suguna Hospital",
        "name:kn": "ಸುಗುಣ ಆಸ್ಪತ್ರೆ",
        "source": "OpenGovernmentData",
        "@geometry": "center"
      },
      "geometry": {
        "type": "Point",
        "coordinates": [
          77.5600393,
          12.9882302
        ]
      },
      "id": "way/1141353122"
    },
    {
      "type": "Feature",
      "properties": {
        "@id": "way/1148876100",
        "amenity": "hospital",
        "building": "hospital",
        "building:levels": "7",
        "building:levels:underground": "3",
        "height": "29.85",
        "name": "Sparsh Hospital, Hennur",
        "operator": "Sparsh Hospital",
        "@geometry": "center"
      },
      "geometry": {
        "type": "Point",
        "coordinates": [
          77.6406846,
          13.040171
        ]
      },
      "id": "way/1148876100"
    },
    {
      "type": "Feature",
      "properties": {
        "@id": "way/1149213001",
        "addr:district": "Bengaluru Urban",
        "addr:full": "15, Eagle Street Langford Town Shanti Nagar",
        "addr:postcode": "560025",
        "addr:state": "Karnataka",
        "amenity": "hospital",
        "emergency": "no",
        "name": "Dr Agarwal's Eye Hospital",
        "source": "OpenGovernmentData",
        "@geometry": "center"
      },
      "geometry": {
        "type": "Point",
        "coordinates": [
          77.6047605,
          12.9569001
        ]
      },
      "id": "way/1149213001"
    },
    {
      "type": "Feature",
      "properties": {
        "@id": "node/1150839598",
        "addr:district": "Bengaluru Urban",
        "addr:full": "93/1, 565, Srinivasa Complex Ring Road Attached To Main Road",
        "addr:postcode": "560037",
        "addr:state": "Karnataka",
        "addr:street": "Varthur Road",
        "amenity": "hospital",
        "level": "0",
        "name": "New Akshay Mallya Hospital",
        "source": "OpenGovernmentData"
      },
      "geometry": {
        "type": "Point",
        "coordinates": [
          77.6990468,
          12.9568527
        ]
      },
      "id": "node/1150839598"
    },
    {
      "type": "Feature",
      "properties": {
        "@id": "way/1168448945",
        "addr:city": "Bengaluru",
        "addr:postcode": "562149",
        "addr:street": "Kannuru Main Road, Mitganahalli, Bellahalli",
        "amenity": "hospital",
        "healthcare": "hospital",
        "name": "Government Primary Health Centre",
        "name:kn": "ಸರ್ಕಾರಿ ಪ್ರಾಥಮಿಕ ಆರೋಗ್ಯ ಕೇಂದ್ರ",
        "operator": "Health and Family Welfare Development",
        "operator:type": "government",
        "@geometry": "center"
      },
      "geometry": {
        "type": "Point",
        "coordinates": [
          77.6477522,
          13.097274
        ]
      },
      "id": "way/1168448945"
    },
    {
      "type": "Feature",
      "properties": {
        "@id": "way/1182315656",
        "amenity": "hospital",
        "name": "SS Sparsh Hospital",
        "@geometry": "center"
      },
      "geometry": {
        "type": "Point",
        "coordinates": [
          77.5216783,
          12.9264187
        ]
      },
      "id": "way/1182315656"
    },
    {
      "type": "Feature",
      "properties": {
        "@id": "way/1182880586",
        "amenity": "hospital",
        "name": "KPTCL Hospital Yelahanka",
        "@geometry": "center"
      },
      "geometry": {
        "type": "Point",
        "coordinates": [
          77.5800714,
          13.1166792
        ]
      },
      "id": "way/1182880586"
    },
    {
      "type": "Feature",
      "properties": {
        "@id": "node/1186831410",
        "addr:street": "Whitefield Road",
        "amenity": "hospital",
        "name": "Presidency Hospital"
      },
      "geometry": {
        "type": "Point",
        "coordinates": [
          77.69923,
          12.9951629
        ]
      },
      "id": "node/1186831410"
    },
    {
      "type": "Feature",
      "properties": {
        "@id": "way/1193177992",
        "amenity": "hospital",
        "emergency": "yes",
        "healthcare": "hospital",
        "name": "Cloud Nine",
        "note": "Emergency ward and lab open 24x7",
        "opening_hours": "Mo-Sa 08:00-20:00, Su 10:00-12:00, 16:00-18:00",
        "operator": "Cloud Nine Care",
        "operator:type": "private",
        "phone": "+91 99728 99728",
        "website": "https://www.cloudninecare.com/centre/sarjapur-road",
        "@geometry": "center"
      },
      "geometry": {
        "type": "Point",
        "coordinates": [
          77.6752029,
          12.9156928
        ]
      },
      "id": "way/1193177992"
    },
    {
      "type": "Feature",
      "properties": {
        "@id": "way/1195581196",
        "amenity": "hospital",
        "name": "BBMP Hospital",
        "name:kn": "ಬೃ. ಬೆಂ. ಮ. ಪಾ. ಆಸ್ಪತ್ರೆ",
        "@geometry": "center"
      },
      "geometry": {
        "type": "Point",
        "coordinates": [
          77.5937862,
          12.9949885
        ]
      },
      "id": "way/1195581196"
    },
    {
      "type": "Feature",
      "properties": {
        "@id": "way/1205832181",
        "amenity": "hospital",
        "@geometry": "center"
      },
      "geometry": {
        "type": "Point",
        "coordinates": [
          77.5611731,
          12.9609247
        ]
      },
      "id": "way/1205832181"
    },
    {
      "type": "Feature",
      "properties": {
        "@id": "way/1209132340",
        "amenity": "hospital",
        "landuse": "commercial",
        "name": "Manipal Hospital North",
        "@geometry": "center"
      },
      "geometry": {
        "type": "Point",
        "coordinates": [
          77.6033814,
          13.1076284
        ]
      },
      "id": "way/1209132340"
    },
    {
      "type": "Feature",
      "properties": {
        "@id": "way/1217375998",
        "addr:district": "Bengaluru Urban",
        "addr:full": "JP Nagar, Bengaluru",
        "addr:postcode": "560078",
        "addr:state": "Karnataka",
        "amenity": "hospital",
        "healthcare": "hospital",
        "name": "Jnana Sanjeevini",
        "name:kn": "ಜ್ಞಾನ ಸಂಜೀವಿನಿ",
        "source": "Local Knowledge",
        "@geometry": "center"
      },
      "geometry": {
        "type": "Point",
        "coordinates": [
          77.5890247,
          12.9162232
        ]
      },
      "id": "way/1217375998"
    },
    {
      "type": "Feature",
      "properties": {
        "@id": "node/1228960966",
        "addr:district": "Bengaluru Urban",
        "addr:full": "67, Uttarahalli Road, Kengeri",
        "addr:postcode": "560060",
        "addr:state": "Karnataka",
        "amenity": "hospital",
        "email": "web.enquiries@globalhospitalsindia.com",
        "healthcare": "hospital",
        "healthcare:speciality": "multi speciality",
        "name": "BGS Gleneagles Hospitals",
        "name:kn": "ಬಿಜಿಎಸ್ ಆಸ್ಪತ್ರೆ",
        "operator:type": "private",
        "source": "OpenGovernmentData",
        "website": "https://bgsgleneaglesglobalhospitalbengaluru.com/"
      },
      "geometry": {
        "type": "Point",
        "coordinates": [
          77.4974982,
          12.90306
        ]
      },
      "id": "node/1228960966"
    },
    {
      "type": "Feature",
      "properties": {
        "@id": "way/1233498703",
        "amenity": "hospital",
        "building": "hospital",
        "healthcare": "hospital",
        "name": "Anupamaa Hospital",
        "@geometry": "center"
      },
      "geometry": {
        "type": "Point",
        "coordinates": [
          77.5893672,
          13.0937967
        ]
      },
      "id": "way/1233498703"
    },
    {
      "type": "Feature",
      "properties": {
        "@id": "way/1257327546",
        "alt_name": "Truelife Maha Bodhi Hospital",
        "amenity": "hospital",
        "name": "Brains Super Speciality Hospital",
        "official_name": "Maha Bodhi Mallige Hospital",
        "old_name": "Mallige Hospital",
        "old_name:kn": "ಮಲ್ಲಿಗೆ ಆಸ್ಪತ್ರೆ",
        "@geometry": "center"
      },
      "geometry": {
        "type": "Point",
        "coordinates": [
          77.5924806,
          12.9478274
        ]
      },
      "id": "way/1257327546"
    },
    {
      "type": "Feature",
      "properties": {
        "@id": "way/1270817507",
        "amenity": "hospital",
        "healthcare": "hospital",
        "name": "Vasavi Hospital",
        "name:kn": "ವಾಸವಿ ಆಸ್ಪತ್ರೆ",
        "@geometry": "center"
      },
      "geometry": {
        "type": "Point",
        "coordinates": [
          77.5603082,
          12.9031532
        ]
      },
      "id": "way/1270817507"
    },
    {
      "type": "Feature",
      "properties": {
        "@id": "node/1272424543",
        "addr:street": "29 Main",
        "address": "593 14th cross 29th main",
        "amenity": "hospital",
        "designation": "Clinic",
        "emergency": "no",
        "name": "Srinivas Clinic",
        "name:kn": "ಶ್ರೀನಿವಾಸ್ ಕ್ಲಿನಿಕ್"
      },
      "geometry": {
        "type": "Point",
        "coordinates": [
          77.5830655,
          12.9073391
        ]
      },
      "id": "node/1272424543"
    },
    {
      "type": "Feature",
      "properties": {
        "@id": "way/1272767220",
        "addr:district": "Bengaluru Urban",
        "addr:full": "BSF Campus, Yelahanka, Bengaluru",
        "addr:postcode": "560064",
        "addr:state": "Karnataka",
        "amenity": "hospital",
        "name": "Brains Hospital",
        "source": "Local Knowledge",
        "@geometry": "center"
      },
      "geometry": {
        "type": "Point",
        "coordinates": [
          77.6082057,
          13.1183866
        ]
      },
      "id": "way/1272767220"
    },
    {
      "type": "Feature",
      "properties": {
        "@id": "way/1280619026",
        "amenity": "hospital",
        "healthcare": "hospital",
        "name": "ESI Hospital Peenya",
        "operator": "Employees' State Insurance",
        "operator:short": "ESI",
        "operator:wikidata": "Q3595726",
        "@geometry": "center"
      },
      "geometry": {
        "type": "Point",
        "coordinates": [
          77.530936,
          13.0249864
        ]
      },
      "id": "way/1280619026"
    },
    {
      "type": "Feature",
      "properties": {
        "@id": "node/1290125198",
        "amenity": "hospital"
      },
      "geometry": {
        "type": "Point",
        "coordinates": [
          77.5652959,
          13.0043642
        ]
      },
      "id": "node/1290125198"
    },
    {
      "type": "Feature",
      "properties": {
        "@id": "way/1290198690",
        "addr:city": "Bengaluru",
        "addr:housenumber": "3/4",
        "addr:postcode": "560103",
        "addr:street": "Sarjapura Road",
        "amenity": "hospital",
        "email": "queries@rainbowhospitals.in",
        "emergency": "yes",
        "healthcare": "hospital",
        "healthcare:speciality": "gynaecology;child_psychiatry;paediatrics;otolaryngology;fertility;neonatology;vascular_surgery;physiatry",
        "name": "Rainbow Childrens Hospital",
        "name:kn": "ರೈನ್ಬೋ ಮಕ್ಕಳ ಆಸ್ಪತ್ರೆ",
        "phone": "+91 08062261218",
        "website": "https://www.rainbowhospitals.in/",
        "@geometry": "center"
      },
      "geometry": {
        "type": "Point",
        "coordinates": [
          77.6674739,
          12.9202359
        ]
      },
      "id": "way/1290198690"
    },
    {
      "type": "Feature",
      "properties": {
        "@id": "way/1298074067",
        "amenity": "hospital",
        "name": "Safa Medicure Hospital",
        "@geometry": "center"
      },
      "geometry": {
        "type": "Point",
        "coordinates": [
          77.5964164,
          12.9447394
        ]
      },
      "id": "way/1298074067"
    },
    {
      "type": "Feature",
      "properties": {
        "@id": "way/1298823129",
        "addr:district": "Bengaluru Urban",
        "addr:housenumber": "971/24",
        "addr:postcode": "560064",
        "addr:state": "Karnataka",
        "addr:street": "15th A Cross",
        "amenity": "hospital",
        "building": "hospital",
        "building:colour": "#cccccc",
        "building:levels": "4",
        "name": "Chaitanya Medical Centre Maternity and Surgical Care",
        "opening_hours": "24/7",
        "roof:levels": "1",
        "roof:shape": "flat",
        "source": "OpenGovernmentData",
        "wheelchair": "yes",
        "@geometry": "center"
      },
      "geometry": {
        "type": "Point",
        "coordinates": [
          77.5863327,
          13.0924907
        ]
      },
      "id": "way/1298823129"
    },
    {
      "type": "Feature",
      "properties": {
        "@id": "way/1307949928",
        "addr:district": "Bengaluru Urban",
        "addr:full": "1st Cross, Shankarapuram, Basavanagudi",
        "addr:postcode": "560004",
        "addr:state": "Karnataka",
        "addr:street": "DV Gundappa Road",
        "amenity": "hospital",
        "emergency": "yes",
        "healthcare": "hospital",
        "name": "Rangadore Memorial Hospital",
        "source": "OpenGovernmentData",
        "wheelchair": "yes",
        "@geometry": "center"
      },
      "geometry": {
        "type": "Point",
        "coordinates": [
          77.5711462,
          12.9538911
        ]
      },
      "id": "way/1307949928"
    },
    {
      "type": "Feature",
      "properties": {
        "@id": "way/1311064558",
        "addr:district": "Bengaluru Urban",
        "addr:full": "Chandrika Tower, JC Road, Bengaluru",
        "addr:postcode": "560002",
        "addr:state": "Karnataka",
        "addr:street": "Jayachamaraja Wodeyar Road",
        "amenity": "hospital",
        "healthcare": "hospital",
        "name": "Trustwell Hospitals",
        "source": "Local Knowledge",
        "website": "https://trustwellhospitals.com/",
        "@geometry": "center"
      },
      "geometry": {
        "type": "Point",
        "coordinates": [
          77.5840403,
          12.9606538
        ]
      },
      "id": "way/1311064558"
    },
    {
      "type": "Feature",
      "properties": {
        "@id": "node/1318987638",
        "amenity": "hospital",
        "emergency": "yes",
        "name": "Metro Hospital"
      },
      "geometry": {
        "type": "Point",
        "coordinates": [
          77.560715,
          12.8915893
        ]
      },
      "id": "node/1318987638"
    },
    {
      "type": "Feature",
      "properties": {
        "@id": "way/1320013891",
        "amenity": "hospital",
        "name": "BEML Hospital",
        "@geometry": "center"
      },
      "geometry": {
        "type": "Point",
        "coordinates": [
          77.6651791,
          12.971172
        ]
      },
      "id": "way/1320013891"
    },
    {
      "type": "Feature",
      "properties": {
        "@id": "way/1347724899",
        "amenity": "hospital",
        "emergency": "yes",
        "healthcare": "hospital",
        "name": "Sri Vishveshathirtha Memorial Hospital",
        "short_name": "SVM Hospital",
        "@geometry": "center"
      },
      "geometry": {
        "type": "Point",
        "coordinates": [
          77.712382,
          12.9566836
        ]
      },
      "id": "way/1347724899"
    },
    {
      "type": "Feature",
      "properties": {
        "@id": "way/1352267564",
        "amenity": "hospital",
        "building": "yes",
        "name": "Government Maternity Hospital",
        "name:kn": "ಸರ್ಕಾರಿ ಹೆರಿಗೆ ಆಸ್ಪತ್ರೆ",
        "wheelchair": "limited",
        "@geometry": "center"
      },
      "geometry": {
        "type": "Point",
        "coordinates": [
          77.553599,
          13.0214559
        ]
      },
      "id": "way/1352267564"
    },
    {
      "type": "Feature",
      "properties": {
        "@id": "way/1360644157",
        "amenity": "hospital",
        "name": "Government Multi-Speciality Hospital",
        "@geometry": "center"
      },
      "geometry": {
        "type": "Point",
        "coordinates": [
          77.4810597,
          12.9510658
        ]
      },
      "id": "way/1360644157"
    },
    {
      "type": "Feature",
      "properties": {
        "@id": "way/1362578786",
        "addr:city": "Bengaluru",
        "addr:district": "Karnataka",
        "addr:housenumber": "Plumeria 2nd Floor",
        "addr:postcode": "560102",
        "addr:street": "Haralur Main Road",
        "amenity": "hospital",
        "email": "urwelcome@klinikgluhen.com",
        "emergency": "yes",
        "healthcare": "hospital",
        "healthcare:speciality": "dentist;dental_oral_maxillo_facial_surgery;dentistry;implantology;orthodontics;pedodontics;maxillofacial_surgery;craniofacial;plastic_surgery;psychiatry",
        "image": "https://lh3.googleusercontent.com/p/AF1QipN-H9esnouOf6f9LhnY3IkGoS4dyHJiYGpHHac5=s680-w680-h510",
        "mobile": "+916366800859",
        "name": "Klinik Guhen - Dental Clinic",
        "opening_hours": "All Days 10:00-19:30 (Tue Holiday)",
        "operator": "Dental Clinic",
        "operator:type": "business",
        "payment:cash": "yes",
        "payment:credit_cards": "yes",
        "payment:debit_cards": "yes",
        "payment:google_pay": "yes",
        "phone": "+916366800859",
        "source": "streetlevel imagery;local knowledge;survey;gps",
        "start_date": "2021-10-01",
        "website": "https://klinikgluhen.com/",
        "wheelchair": "yes",
        "@geometry": "center"
      },
      "geometry": {
        "type": "Point",
        "coordinates": [
          77.66389,
          12.9090409
        ]
      },
      "id": "way/1362578786"
    },
    {
      "type": "Feature",
      "properties": {
        "@id": "node/1365797756",
        "addr:district": "Bengaluru Urban",
        "addr:full": "521, 522, Vijayalakshmi Square Itpl Main Road Kundallahall Near Cosmos Mall",
        "addr:postcode": "560037",
        "addr:state": "Karnataka",
        "amenity": "hospital",
        "emergency": "yes",
        "healthcare": "hospital",
        "name": "Brookefield Hospital(A Unit Of Sanjeevani Hospital)",
        "source": "OpenGovernmentData",
        "wheelchair": "yes"
      },
      "geometry": {
        "type": "Point",
        "coordinates": [
          77.7168891,
          12.9668213
        ]
      },
      "id": "node/1365797756"
    },
    {
      "type": "Feature",
      "properties": {
        "@id": "way/1395462349",
        "addr:district": "Bengaluru Rural",
        "addr:full": "7Th Main, 4Th Cross, Kanakpura Main Road , Bangalore North",
        "addr:postcode": "560082",
        "addr:state": "Karnataka",
        "amenity": "hospital",
        "name": "Yadiyuru Maternity Hospital",
        "name:kn": "ಯಡಿಯೂರು ಹೆರಿಗೆ ಆಸ್ಪತ್ರೆ",
        "source": "OpenGovernmentData",
        "@geometry": "center"
      },
      "geometry": {
        "type": "Point",
        "coordinates": [
          77.576658,
          12.9271061
        ]
      },
      "id": "way/1395462349"
    },
    {
      "type": "Feature",
      "properties": {
        "@id": "way/1395462350",
        "amenity": "hospital",
        "name": "Ayurveda Prathisthana Hospital",
        "@geometry": "center"
      },
      "geometry": {
        "type": "Point",
        "coordinates": [
          77.5772972,
          12.9267938
        ]
      },
      "id": "way/1395462350"
    },
    {
      "type": "Feature",
      "properties": {
        "@id": "way/1421739175",
        "addr:district": "Bengaluru Urban",
        "addr:full": "K.R.Puram, Battarahalli, Bengaluru",
        "addr:postcode": "560036",
        "addr:state": "Karnataka",
        "amenity": "hospital",
        "name": "Shanthinilaya Hospital",
        "source": "Local Knowledge",
        "@geometry": "center"
      },
      "geometry": {
        "type": "Point",
        "coordinates": [
          77.7016687,
          13.0207585
        ]
      },
      "id": "way/1421739175"
    },
    {
      "type": "Feature",
      "properties": {
        "@id": "way/1427144679",
        "amenity": "hospital",
        "building": "hospital",
        "name": "Apex Hospital",
        "@geometry": "center"
      },
      "geometry": {
        "type": "Point",
        "coordinates": [
          77.6339212,
          13.115139
        ]
      },
      "id": "way/1427144679"
    },
    {
      "type": "Feature",
      "properties": {
        "@id": "node/1428600902",
        "addr:city": "Marathahalli, Bangalore",
        "addr:housenumber": "S1,S2",
        "addr:street": "Spice Garden Compound Road",
        "amenity": "hospital",
        "check_date": "2024-08-25",
        "emergency": "no",
        "name": "Tenet diagnostics"
      },
      "geometry": {
        "type": "Point",
        "coordinates": [
          77.7087044,
          12.9573067
        ]
      },
      "id": "node/1428600902"
    },
    {
      "type": "Feature",
      "properties": {
        "@id": "way/1432018658",
        "amenity": "hospital",
        "healthcare": "hospital",
        "name": "Vignan Hospital",
        "website": "https://bidsinstitution.com/",
        "@geometry": "center"
      },
      "geometry": {
        "type": "Point",
        "coordinates": [
          77.5969221,
          12.9438635
        ]
      },
      "id": "way/1432018658"
    },
    {
      "type": "Feature",
      "properties": {
        "@id": "way/1432357757",
        "amenity": "hospital",
        "building": "hospital",
        "name": "Mahanandi",
        "name:kn": "ಮಹಾನಂದಿ ಆಸ್ಪತ್ರೆ",
        "wheelchair": "yes",
        "@geometry": "center"
      },
      "geometry": {
        "type": "Point",
        "coordinates": [
          77.717977,
          12.967036
        ]
      },
      "id": "way/1432357757"
    },
    {
      "type": "Feature",
      "properties": {
        "@id": "way/1433363981",
        "amenity": "hospital",
        "healthcare": "hospital",
        "name": "Aarogya Hastha Hospital",
        "@geometry": "center"
      },
      "geometry": {
        "type": "Point",
        "coordinates": [
          77.6757868,
          12.9005656
        ]
      },
      "id": "way/1433363981"
    },
    {
      "type": "Feature",
      "properties": {
        "@id": "node/1436177631",
        "amenity": "hospital",
        "name": "ESI Hospital",
        "name:kn": "ಇಎಸ್ಐ ಆಸ್ಪತ್ರೆ"
      },
      "geometry": {
        "type": "Point",
        "coordinates": [
          77.6523255,
          12.995242
        ]
      },
      "id": "node/1436177631"
    },
    {
      "type": "Feature",
      "properties": {
        "@id": "node/1437213383",
        "amenity": "hospital",
        "name": "Karunalayam Hospital"
      },
      "geometry": {
        "type": "Point",
        "coordinates": [
          77.7073377,
          12.9111263
        ]
      },
      "id": "node/1437213383"
    },
    {
      "type": "Feature",
      "properties": {
        "@id": "node/1438212033",
        "amenity": "hospital",
        "designation": "Sanatorium",
        "emergency": "no",
        "name": "SDS Tuberculosis Research Centre and Rajiv Gandhi Institute of Chest diseases",
        "research": "medical"
      },
      "geometry": {
        "type": "Point",
        "coordinates": [
          77.5907094,
          12.9367955
        ]
      },
      "id": "node/1438212033"
    },
    {
      "type": "Feature",
      "properties": {
        "@id": "node/1440343668",
        "addr:district": "Bengaluru Urban",
        "addr:full": "34, 10Th Main 1st Block, Jayanagar",
        "addr:postcode": "560011",
        "addr:state": "Karnataka",
        "amenity": "hospital",
        "name": "Maiya Multispecialty Hospital",
        "source": "OpenGovernmentData",
        "wheelchair": "yes"
      },
      "geometry": {
        "type": "Point",
        "coordinates": [
          77.5854533,
          12.942614
        ]
      },
      "id": "node/1440343668"
    },
    {
      "type": "Feature",
      "properties": {
        "@id": "way/1442330288",
        "addr:city": "Bangalore",
        "addr:housenumber": "2324, Om Comple",
        "addr:postcode": "560068",
        "addr:street": "Maruthi Nagar Main Road",
        "amenity": "hospital",
        "emergency": "yes",
        "name": "Life Care Hospital",
        "phone": "080 2684 6677",
        "@geometry": "center"
      },
      "geometry": {
        "type": "Point",
        "coordinates": [
          77.6133232,
          12.9239736
        ]
      },
      "id": "way/1442330288"
    },
    {
      "type": "Feature",
      "properties": {
        "@id": "node/1454651986",
        "addr:district": "Bengaluru Urban",
        "addr:full": "#37, Castle Street, Opp Sacred Heart Church, Ashok Nagar, B.E",
        "addr:housenumber": "37",
        "addr:postcode": "560025",
        "addr:state": "Karnataka",
        "addr:street": "Castle Street",
        "amenity": "hospital",
        "name": "Narayana Netralaya",
        "name:kn": "ನಾರಾಯಣ ನೇತ್ರಾಲಯ",
        "source": "OpenGovernmentData"
      },
      "geometry": {
        "type": "Point",
        "coordinates": [
          77.6094485,
          12.9671401
        ]
      },
      "id": "node/1454651986"
    },
    {
      "type": "Feature",
      "properties": {
        "@id": "node/1463452754",
        "addr:district": "Bengaluru Urban",
        "addr:full": "M S Palya, Bharath Nagar,Hesaraghatta Main Road,Vidyaranyapura Post",
        "addr:postcode": "560097",
        "addr:state": "Karnataka",
        "amenity": "hospital",
        "name": "Nagappa Hadli Hospital",
        "name:kn": "ನಾಗಪ್ಪ ಹದ್ಲಿ",
        "source": "OpenGovernmentData"
      },
      "geometry": {
        "type": "Point",
        "coordinates": [
          77.5489026,
          13.0829889
        ]
      },
      "id": "node/1463452754"
    },
    {
      "type": "Feature",
      "properties": {
        "@id": "node/1463507632",
        "addr:district": "Bengaluru Urban",
        "addr:full": "No-5, 20 Th Cross, Malagala Under Pass Ring Road",
        "addr:postcode": "560091",
        "addr:state": "Karnataka",
        "addr:subdistrict": "Nagarbhavi",
        "amenity": "hospital",
        "name": "Vasan Eye Care Hospital, Nagarabhavi",
        "name:kn": "ವಿಜಯ ನೇತ್ರಾಲಯ",
        "operator:type": "private",
        "source": "OpenGovernmentData",
        "website": "http://www.vasaneye.in/"
      },
      "geometry": {
        "type": "Point",
        "coordinates": [
          77.5129757,
          12.9746134
        ]
      },
      "id": "node/1463507632"
    },
    {
      "type": "Feature",
      "properties": {
        "@id": "node/1463555571",
        "addr:district": "Bengaluru Urban",
        "addr:full": "No. 484/A, Ideal Homes Township, 18th Main Road, Rajarajeshwarinagar",
        "addr:postcode": "560098",
        "addr:state": "Karnataka",
        "amenity": "hospital",
        "name": "Rc Hospital",
        "source": "OpenGovernmentData"
      },
      "geometry": {
        "type": "Point",
        "coordinates": [
          77.5153776,
          12.930936
        ]
      },
      "id": "node/1463555571"
    },
    {
      "type": "Feature",
      "properties": {
        "@id": "node/1463563608",
        "amenity": "hospital",
        "name": "Veturi Child Health Centre"
      },
      "geometry": {
        "type": "Point",
        "coordinates": [
          77.5156579,
          12.9263226
        ]
      },
      "id": "node/1463563608"
    },
    {
      "type": "Feature",
      "properties": {
        "@id": "node/1463656830",
        "addr:district": "Bengaluru Urban",
        "addr:full": "# 50/2, Vidyaranyapura, Nanjappa Main Road",
        "addr:postcode": "560097",
        "addr:state": "Karnataka",
        "amenity": "hospital",
        "check_date": "2025-08-09",
        "name": "Ketham's Hospital Pvt. Ltd",
        "source": "OpenGovernmentData"
      },
      "geometry": {
        "type": "Point",
        "coordinates": [
          77.5582571,
          13.0686568
        ]
      },
      "id": "node/1463656830"
    },
    {
      "type": "Feature",
      "properties": {
        "@id": "node/1464742684",
        "amenity": "hospital",
        "name": "Ragavendra Hospital",
        "name:kn": "ರಾಘವೇಂದ್ರ ಆಸ್ಪತ್ರೆ"
      },
      "geometry": {
        "type": "Point",
        "coordinates": [
          77.5155377,
          13.0425433
        ]
      },
      "id": "node/1464742684"
    },
    {
      "type": "Feature",
      "properties": {
        "@id": "node/1464772262",
        "amenity": "hospital",
        "name": "Guru Kripa Clinic"
      },
      "geometry": {
        "type": "Point",
        "coordinates": [
          77.5676844,
          13.0349833
        ]
      },
      "id": "node/1464772262"
    },
    {
      "type": "Feature",
      "properties": {
        "@id": "node/1464782617",
        "amenity": "hospital",
        "name": "Deeksha Orthopaedic Hospital"
      },
      "geometry": {
        "type": "Point",
        "coordinates": [
          77.5964894,
          13.0973922
        ]
      },
      "id": "node/1464782617"
    },
    {
      "type": "Feature",
      "properties": {
        "@id": "node/1464783198",
        "amenity": "hospital",
        "name": "Shushrusha Hospital"
      },
      "geometry": {
        "type": "Point",
        "coordinates": [
          77.5980216,
          13.0997316
        ]
      },
      "id": "node/1464783198"
    },
    {
      "type": "Feature",
      "properties": {
        "@id": "node/1464921265",
        "addr:district": "Bengaluru Urban",
        "addr:full": "1635,17Th Main ( Near To Woody `S Hotel) 2nd Phase J.P. Nagar, Banglore",
        "addr:postcode": "560078",
        "addr:state": "Karnataka",
        "addr:street": "17th Main Road",
        "amenity": "hospital",
        "healthcare": "hospital",
        "name": "Chirag Hospital and Maternity Center",
        "source": "OpenGovernmentData"
      },
      "geometry": {
        "type": "Point",
        "coordinates": [
          77.5913594,
          12.9126298
        ]
      },
      "id": "node/1464921265"
    },
    {
      "type": "Feature",
      "properties": {
        "@id": "node/1466477036",
        "addr:district": "Bengaluru Urban",
        "addr:full": "No:114, 100 Feet Ring Road, 3Road Stage Banashankari",
        "addr:postcode": "560085",
        "addr:state": "Karnataka",
        "amenity": "hospital",
        "emergency": "yes",
        "name": "Udhbhava Hospital",
        "name:kn": "ಉದ್ಭವ ಆಸ್ಪತ್ರೆ",
        "source": "OpenGovernmentData"
      },
      "geometry": {
        "type": "Point",
        "coordinates": [
          77.5489346,
          12.9256842
        ]
      },
      "id": "node/1466477036"
    },
    {
      "type": "Feature",
      "properties": {
        "@id": "node/1466576385",
        "addr:district": "Bengaluru Urban",
        "addr:full": "274 / 275, M K Puttalingaiah Road, Padmanabhanagar",
        "addr:postcode": "560073",
        "addr:state": "Karnataka",
        "amenity": "hospital",
        "emergency": "yes",
        "name": "DG Hospital",
        "operator:type": "private",
        "source": "OpenGovernmentData",
        "website": "http://dpal.kar.nic.in/Kanunu%20padakosha%20PDF%20Files/Recognised%20Hospitals.pdf"
      },
      "geometry": {
        "type": "Point",
        "coordinates": [
          77.5598673,
          12.9206648
        ]
      },
      "id": "node/1466576385"
    },
    {
      "type": "Feature",
      "properties": {
        "@id": "node/1466638204",
        "amenity": "hospital",
        "healthcare": "hospital",
        "name": "Srinivasa Nursing Home"
      },
      "geometry": {
        "type": "Point",
        "coordinates": [
          77.6174893,
          12.9423039
        ]
      },
      "id": "node/1466638204"
    },
    {
      "type": "Feature",
      "properties": {
        "@id": "node/1467778591",
        "amenity": "hospital",
        "emergency": "yes",
        "name": "Kangila Clinic"
      },
      "geometry": {
        "type": "Point",
        "coordinates": [
          77.5660602,
          12.9336501
        ]
      },
      "id": "node/1467778591"
    },
    {
      "type": "Feature",
      "properties": {
        "@id": "node/1467969798",
        "amenity": "hospital",
        "name": "Chaitanya Hospital",
        "name:kn": "ಚೈತನ್ಯ ಆಸ್ಪತ್ರೆ"
      },
      "geometry": {
        "type": "Point",
        "coordinates": [
          77.5861904,
          13.0990911
        ]
      },
      "id": "node/1467969798"
    },
    {
      "type": "Feature",
      "properties": {
        "@id": "node/1468540733",
        "addr:district": "Bengaluru Urban",
        "addr:full": "No.897/C, 80 Feet Road, 6th Block, Koramangala",
        "addr:postcode": "560095",
        "addr:state": "Karnataka",
        "addr:subdistrict": "Koramangala",
        "amenity": "hospital",
        "emergency": "yes",
        "healthcare": "hospital",
        "name": "Vasan Eye Care Hospital, Koramangala",
        "operator:type": "private",
        "source": "OpenGovernmentData",
        "website": "http://www.vasaneye.in/"
      },
      "geometry": {
        "type": "Point",
        "coordinates": [
          77.6253403,
          12.9402371
        ]
      },
      "id": "node/1468540733"
    },
    {
      "type": "Feature",
      "properties": {
        "@id": "node/1468908300",
        "amenity": "hospital",
        "name": "health nest"
      },
      "geometry": {
        "type": "Point",
        "coordinates": [
          77.6488507,
          12.9075992
        ]
      },
      "id": "node/1468908300"
    },
    {
      "type": "Feature",
      "properties": {
        "@id": "node/1469035492",
        "amenity": "hospital",
        "name": "Amma's ENT Clinic"
      },
      "geometry": {
        "type": "Point",
        "coordinates": [
          77.5793947,
          13.0281613
        ]
      },
      "id": "node/1469035492"
    },
    {
      "type": "Feature",
      "properties": {
        "@id": "node/1469036754",
        "alt_name": "Saraswathi Aithal Clinic",
        "amenity": "hospital",
        "name": "Krishna Specialty Clinic"
      },
      "geometry": {
        "type": "Point",
        "coordinates": [
          77.5789272,
          13.026721
        ]
      },
      "id": "node/1469036754"
    },
    {
      "type": "Feature",
      "properties": {
        "@id": "node/1469181813",
        "addr:city": "Bengaluru",
        "addr:country": "IN",
        "addr:hamlet": "Frazer Town",
        "addr:postcode": "560005",
        "addr:street": "Saunders Road",
        "amenity": "hospital",
        "name": "Seventh Day Adventist Hospital",
        "name:kn": "ಸೆವೆಂತ್ ಡೇ ಅಡ್ವೆನ್ಟಿಸ್ಟ್ ಆಸ್ಪತ್ರೆ"
      },
      "geometry": {
        "type": "Point",
        "coordinates": [
          77.6113272,
          12.995625
        ]
      },
      "id": "node/1469181813"
    },
    {
      "type": "Feature",
      "properties": {
        "@id": "node/1469314053",
        "amenity": "hospital",
        "name": "Srinivasa Nursing Home"
      },
      "geometry": {
        "type": "Point",
        "coordinates": [
          77.6220456,
          12.9965077
        ]
      },
      "id": "node/1469314053"
    },
    {
      "type": "Feature",
      "properties": {
        "@id": "node/1470603498",
        "amenity": "hospital",
        "designation": "Kids Care Clinic",
        "healthcare": "hospital",
        "name": "Kids Care Clinic"
      },
      "geometry": {
        "type": "Point",
        "coordinates": [
          77.6050207,
          12.914434
        ]
      },
      "id": "node/1470603498"
    },
    {
      "type": "Feature",
      "properties": {
        "@id": "node/1471128628",
        "amenity": "hospital",
        "emergency": "yes",
        "healthcare": "hospital",
        "name": "Pristine Health care"
      },
      "geometry": {
        "type": "Point",
        "coordinates": [
          77.6186753,
          12.9382768
        ]
      },
      "id": "node/1471128628"
    },
    {
      "type": "Feature",
      "properties": {
        "@id": "node/1471719697",
        "amenity": "hospital",
        "name": "Prerana Dental Clinic"
      },
      "geometry": {
        "type": "Point",
        "coordinates": [
          77.630774,
          12.9186845
        ]
      },
      "id": "node/1471719697"
    },
    {
      "type": "Feature",
      "properties": {
        "@id": "node/1471720698",
        "amenity": "hospital",
        "name": "Mamtha Health Center"
      },
      "geometry": {
        "type": "Point",
        "coordinates": [
          77.6318764,
          12.9180492
        ]
      },
      "id": "node/1471720698"
    },
    {
      "type": "Feature",
      "properties": {
        "@id": "node/1471737564",
        "amenity": "hospital",
        "name": "Suprabha Hospital",
        "wheelchair": "yes"
      },
      "geometry": {
        "type": "Point",
        "coordinates": [
          77.5469059,
          13.0079383
        ]
      },
      "id": "node/1471737564"
    },
    {
      "type": "Feature",
      "properties": {
        "@id": "node/1471738635",
        "amenity": "hospital",
        "name": "Sangolli Nursing Home"
      },
      "geometry": {
        "type": "Point",
        "coordinates": [
          77.5469273,
          13.0083564
        ]
      },
      "id": "node/1471738635"
    },
    {
      "type": "Feature",
      "properties": {
        "@id": "node/1471781028",
        "addr:district": "Bengaluru Urban",
        "addr:full": "359 / 360, 19Th Main 1 St Block Rajajinagar Near Indian Bank",
        "addr:postcode": "560010",
        "addr:state": "Karnataka",
        "amenity": "hospital",
        "healthcare": "hospital",
        "name": "Diacon Hospital",
        "source": "OpenGovernmentData",
        "wheelchair": "yes"
      },
      "geometry": {
        "type": "Point",
        "coordinates": [
          77.5498337,
          13.0037682
        ]
      },
      "id": "node/1471781028"
    },
    {
      "type": "Feature",
      "properties": {
        "@id": "node/1472015890",
        "amenity": "hospital",
        "healthcare": "hospital",
        "name": "Agarwal Eye Hospital"
      },
      "geometry": {
        "type": "Point",
        "coordinates": [
          77.6221301,
          12.9273417
        ]
      },
      "id": "node/1472015890"
    },
    {
      "type": "Feature",
      "properties": {
        "@id": "node/1472037865",
        "amenity": "hospital",
        "name": "Sri Sapthagiri Clinic"
      },
      "geometry": {
        "type": "Point",
        "coordinates": [
          77.6449626,
          12.8736928
        ]
      },
      "id": "node/1472037865"
    },
    {
      "type": "Feature",
      "properties": {
        "@id": "node/1472111625",
        "amenity": "hospital",
        "name": "Sagar Dental Clinic"
      },
      "geometry": {
        "type": "Point",
        "coordinates": [
          77.6300572,
          12.9169725
        ]
      },
      "id": "node/1472111625"
    },
    {
      "type": "Feature",
      "properties": {
        "@id": "node/1472735174",
        "addr:street": "Hosur road",
        "amenity": "hospital",
        "name": "Venkateshwara Hospital",
        "name:kn": "ವೆಂಕಟೆಶ್ವರ ಆಸ್ಪತ್ರೆ",
        "wheelchair": "yes"
      },
      "geometry": {
        "type": "Point",
        "coordinates": [
          77.6170828,
          12.9257842
        ]
      },
      "id": "node/1472735174"
    },
    {
      "type": "Feature",
      "properties": {
        "@id": "node/1472808792",
        "amenity": "hospital",
        "name": "Namratha Hospital",
        "name:kn": "ನಮ್ರತ ಆಸ್ಪತ್ರೆ"
      },
      "geometry": {
        "type": "Point",
        "coordinates": [
          77.543073,
          13.0047859
        ]
      },
      "id": "node/1472808792"
    },
    {
      "type": "Feature",
      "properties": {
        "@id": "node/1472878021",
        "amenity": "hospital",
        "check_date": "2023-08-29",
        "name": "Devi Eye Hospital",
        "name:en": "Devi Eye Hospital",
        "wheelchair": "limited"
      },
      "geometry": {
        "type": "Point",
        "coordinates": [
          77.6374069,
          12.9162576
        ]
      },
      "id": "node/1472878021"
    },
    {
      "type": "Feature",
      "properties": {
        "@id": "node/1473023593",
        "addr:district": "Bengaluru Urban",
        "addr:full": "No. 35/6, Industrial Suburb, Goragunte Palya, Yashwantpur",
        "addr:postcode": "560022",
        "addr:state": "Karnataka",
        "amenity": "hospital",
        "name": "Mysore Hospital",
        "name:kn": "ಮೈಸೂರು ಆಸ್ಪತ್ರೆ",
        "source": "OpenGovernmentData"
      },
      "geometry": {
        "type": "Point",
        "coordinates": [
          77.5397051,
          13.0275337
        ]
      },
      "id": "node/1473023593"
    },
    {
      "type": "Feature",
      "properties": {
        "@id": "node/1473296715",
        "addr:district": "Bengaluru Urban",
        "addr:full": "24/1-1, 14Th Main, 4Th Block East Jayanagar",
        "addr:postcode": "560041",
        "addr:state": "Karnataka",
        "amenity": "hospital",
        "emergency": "no",
        "name": "Jayanagar Orthopaedic Centre",
        "source": "OpenGovernmentData"
      },
      "geometry": {
        "type": "Point",
        "coordinates": [
          77.5877091,
          12.9293288
        ]
      },
      "id": "node/1473296715"
    },
    {
      "type": "Feature",
      "properties": {
        "@id": "node/1473921774",
        "addr:district": "Bengaluru Urban",
        "addr:full": "No.81,Bulltemple Road,Near Ramakrishna Ashram",
        "addr:postcode": "560019",
        "addr:state": "Karnataka",
        "addr:street": "Shyamaraja Iyengar Road",
        "amenity": "hospital",
        "emergency": "no",
        "name": "Shekar Hospital",
        "name:en": "Shekhar Hospital",
        "name:hi": "शेखर हॉस्पिटल",
        "name:kn": "ಶೇಖರ್ ಹಾಸ್ಪಿಟಲ್",
        "source": "OpenGovernmentData"
      },
      "geometry": {
        "type": "Point",
        "coordinates": [
          77.5675192,
          12.9458714
        ]
      },
      "id": "node/1473921774"
    },
    {
      "type": "Feature",
      "properties": {
        "@id": "node/1474001855",
        "amenity": "hospital",
        "emergency": "yes",
        "healthcare": "hospital",
        "name": "Punya Hospital"
      },
      "geometry": {
        "type": "Point",
        "coordinates": [
          77.5359798,
          13.0011459
        ]
      },
      "id": "node/1474001855"
    },
    {
      "type": "Feature",
      "properties": {
        "@id": "node/1474104406",
        "addr:street": "Hosur road",
        "amenity": "hospital",
        "check_date": "2024-09-19",
        "healthcare": "hospital",
        "name": "Vasan Eye Care"
      },
      "geometry": {
        "type": "Point",
        "coordinates": [
          77.6265538,
          12.9102705
        ]
      },
      "id": "node/1474104406"
    },
    {
      "type": "Feature",
      "properties": {
        "@id": "node/1474277938",
        "addr:street": "Ayodhyarama Road",
        "amenity": "hospital",
        "name": "Parimala Clinic",
        "name:kn": "ಪರಿಮಳ ಚಿಕಿತ್ಸಾಲಯ"
      },
      "geometry": {
        "type": "Point",
        "coordinates": [
          77.5788941,
          12.9135707
        ]
      },
      "id": "node/1474277938"
    },
    {
      "type": "Feature",
      "properties": {
        "@id": "node/1474317196",
        "addr:district": "Bengaluru Rural",
        "addr:full": "No 72, 35Th Main 1st Cross 100 Ft Ring Road, Btm Layour, 2nd Stage Btm Layout",
        "addr:postcode": "560068",
        "addr:state": "Karnataka",
        "amenity": "hospital",
        "emergency": "yes",
        "healthcare": "hospital",
        "name": "Karanth Speciality Hospital",
        "source": "OpenGovernmentData"
      },
      "geometry": {
        "type": "Point",
        "coordinates": [
          77.6193573,
          12.9160081
        ]
      },
      "id": "node/1474317196"
    },
    {
      "type": "Feature",
      "properties": {
        "@id": "node/1474323515",
        "addr:district": "Bengaluru Urban",
        "addr:full": "No.27, Kuvempunagar, B.T.M.Layout, 100 Ft. Ring Road",
        "addr:postcode": "560076",
        "addr:state": "Karnataka",
        "addr:street": "Outer Ring Road",
        "amenity": "hospital",
        "emergency": "yes",
        "name": "Gangothri Hospital",
        "name:kn": "ಗಂಗೋತ್ರಿ ಆಸ್ಪತ್ರೆ",
        "source": "OpenGovernmentData",
        "wheelchair": "limited"
      },
      "geometry": {
        "type": "Point",
        "coordinates": [
          77.6138218,
          12.9162878
        ]
      },
      "id": "node/1474323515"
    },
    {
      "type": "Feature",
      "properties": {
        "@id": "node/1474449391",
        "addr:district": "Bengaluru Urban",
        "addr:full": "#22, 1st Main, Chocolate Factory Road , Tavarekere Btm Layout",
        "addr:postcode": "560029",
        "addr:state": "Karnataka",
        "amenity": "hospital",
        "healthcare": "hospital",
        "name": "Spurthy Hospital",
        "source": "OpenGovernmentData"
      },
      "geometry": {
        "type": "Point",
        "coordinates": [
          77.61116,
          12.9239335
        ]
      },
      "id": "node/1474449391"
    },
    {
      "type": "Feature",
      "properties": {
        "@id": "node/1474458358",
        "amenity": "hospital",
        "healthcare": "hospital",
        "name": "Prasad Eye Hospital"
      },
      "geometry": {
        "type": "Point",
        "coordinates": [
          77.6086817,
          12.9351929
        ]
      },
      "id": "node/1474458358"
    },
    {
      "type": "Feature",
      "properties": {
        "@id": "node/1474472488",
        "amenity": "hospital",
        "description": "Patients initally should come here to scrrened to refer to the appropriate department for their disorder",
        "emergency": "no",
        "healthcare": "hospital",
        "name": "NIMHANS Screening block"
      },
      "geometry": {
        "type": "Point",
        "coordinates": [
          77.5937737,
          12.9387115
        ]
      },
      "id": "node/1474472488"
    },
    {
      "type": "Feature",
      "properties": {
        "@id": "node/1474472859",
        "amenity": "hospital",
        "healthcare": "hospital",
        "name": "NIMHANS OPD"
      },
      "geometry": {
        "type": "Point",
        "coordinates": [
          77.5942994,
          12.9388056
        ]
      },
      "id": "node/1474472859"
    },
    {
      "type": "Feature",
      "properties": {
        "@id": "node/1474511948",
        "addr:district": "Bengaluru Urban",
        "addr:full": "87/2, 8Th Cross,Wilson Garden",
        "addr:postcode": "560027",
        "addr:state": "Karnataka",
        "amenity": "hospital",
        "healthcare": "hospital",
        "name": "Manjunath Hospital",
        "name:kn": "ಮಂಜುನಾಥ ಆಸ್ಪತ್ರೆ",
        "source": "OpenGovernmentData"
      },
      "geometry": {
        "type": "Point",
        "coordinates": [
          77.5940621,
          12.9483598
        ]
      },
      "id": "node/1474511948"
    },
    {
      "type": "Feature",
      "properties": {
        "@id": "node/1474512442",
        "addr:street": "8th Cross",
        "amenity": "hospital",
        "healthcare": "hospital",
        "name": "Karthik Hospital",
        "name:kn": "ಕಾರ್ತಿಕ್ ಆಸ್ಪತ್ರೆ"
      },
      "geometry": {
        "type": "Point",
        "coordinates": [
          77.5942592,
          12.9484356
        ]
      },
      "id": "node/1474512442"
    },
    {
      "type": "Feature",
      "properties": {
        "@id": "node/1474819060",
        "addr:district": "Bengaluru Rural",
        "addr:full": "No-206, Reddy Building , Roopena Agrahara Opp Roopena Agrahara Bus Stop, Hosur Main Road",
        "addr:postcode": "560068",
        "addr:state": "Karnataka",
        "addr:street": "Hosur road",
        "amenity": "hospital",
        "name": "Aswad Hospital",
        "source": "OpenGovernmentData"
      },
      "geometry": {
        "type": "Point",
        "coordinates": [
          77.6247622,
          12.9147871
        ]
      },
      "id": "node/1474819060"
    },
    {
      "type": "Feature",
      "properties": {
        "@id": "node/1474819111",
        "amenity": "hospital",
        "name": "TSR heart care"
      },
      "geometry": {
        "type": "Point",
        "coordinates": [
          77.5933686,
          13.0264438
        ]
      },
      "id": "node/1474819111"
    },
    {
      "type": "Feature",
      "properties": {
        "@id": "node/1474819886",
        "addr:district": "Bengaluru Urban",
        "addr:full": "111, West Of Chord Road, Mahalakshmipuram, Rajajinagar I Block",
        "addr:postcode": "560086",
        "addr:state": "Karnataka",
        "alt_name": "Fortis Hospitals Limited, Rajajinagar",
        "amenity": "hospital",
        "healthcare": "hospital",
        "name": "Fortis Hospital",
        "name:kn": "ಫೋರ್ಟಿಸ್ ಆಸ್ಪತ್ರೆ",
        "source": "OpenGovernmentData"
      },
      "geometry": {
        "type": "Point",
        "coordinates": [
          77.5490879,
          13.0022409
        ]
      },
      "id": "node/1474819886"
    },
    {
      "type": "Feature",
      "properties": {
        "@id": "node/1474819896",
        "addr:city": "Bangalore",
        "addr:district": "Bengaluru Urban",
        "addr:full": "25/91, Chord Road, Iind Block, Rajajinagar",
        "addr:housenumber": "25/91",
        "addr:postcode": "560010",
        "addr:state": "Karnataka",
        "addr:street": "Chord Road",
        "amenity": "hospital",
        "name": "Citi Hospital",
        "opening_hours": "24/7",
        "phone": "+(91)-80-23131778",
        "phone_1": "23131777",
        "phone_2": "23526910",
        "source": "OpenGovernmentData"
      },
      "geometry": {
        "type": "Point",
        "coordinates": [
          77.5510696,
          12.9956506
        ]
      },
      "id": "node/1474819896"
    },
    {
      "type": "Feature",
      "properties": {
        "@id": "node/1474819897",
        "addr:city": "Bengaluru",
        "addr:country": "IN",
        "addr:district": "Bengaluru Urban",
        "addr:full": "Old 389, New 46, 19th Main, 1st Block, Rajaji Nagar",
        "addr:hamlet": "Rajajinagar 1st Block",
        "addr:housenumber": "46",
        "addr:postcode": "560010",
        "addr:state": "Karnataka",
        "addr:street": "19th Cross Road",
        "amenity": "hospital",
        "healthcare": "hospital",
        "name": "Vasan Eye Care Hospital, Rajaji Nagar",
        "source": "OpenGovernmentData",
        "wheelchair": "no"
      },
      "geometry": {
        "type": "Point",
        "coordinates": [
          77.5505328,
          12.9995223
        ]
      },
      "id": "node/1474819897"
    },
    {
      "type": "Feature",
      "properties": {
        "@id": "node/1474819898",
        "addr:district": "Bengaluru Urban",
        "addr:full": "No.389/44, 19th Main, 1st Block, Rajajinagar",
        "addr:postcode": "560010",
        "addr:state": "Karnataka",
        "amenity": "hospital",
        "contact:email": "enquiries@ananyahospital.org",
        "emergency_telephone_code": "080 23527411;09980783835",
        "healthcare": "hospital",
        "healthcare:speciality": "Cardiology;Cosmetology;Dermatology;Diabetology;Emergency Medicine;ENT;Gastroenterology;General Medicine;General Surgery;Internal Medicine;Laparoscopic Surgery;Medical Oncology;Nephrology;Obesity;Obstetricsand Gynaecology",
        "medical_system": "Allopathic",
        "name": "Ananya Hospital",
        "name:kn": "ಅನನ್ಯ ಆಸ್ಪತ್ರೆ",
        "operator:type": "private",
        "source": "https://data.gov.in",
        "website": "www.ananyahospital.org"
      },
      "geometry": {
        "type": "Point",
        "coordinates": [
          77.55045,
          12.9998205
        ]
      },
      "id": "node/1474819898"
    },
    {
      "type": "Feature",
      "properties": {
        "@id": "node/1474820321",
        "amenity": "hospital",
        "healthcare": "hospital",
        "name": "Baptist"
      },
      "geometry": {
        "type": "Point",
        "coordinates": [
          77.5719766,
          12.9970915
        ]
      },
      "id": "node/1474820321"
    },
    {
      "type": "Feature",
      "properties": {
        "@id": "node/1474827898",
        "amenity": "hospital",
        "name": "Shivakrupa Hospital",
        "name:kn": "ಶಿವಕೃಪ ಆಸ್ಪತ್ರೆ"
      },
      "geometry": {
        "type": "Point",
        "coordinates": [
          77.5479135,
          12.973967
        ]
      },
      "id": "node/1474827898"
    },
    {
      "type": "Feature",
      "properties": {
        "@id": "node/1474875685",
        "amenity": "hospital",
        "emergency": "yes",
        "name": "Dr. Ambedkar Medical College Hospital",
        "name:kn": "ಅಂಬೇಡ್ಕರ್ ವೈದ್ಯಕೀಯ ಕಾಲೇಜು ಆಸ್ಪತ್ರೆ"
      },
      "geometry": {
        "type": "Point",
        "coordinates": [
          77.6139585,
          13.0248621
        ]
      },
      "id": "node/1474875685"
    },
    {
      "type": "Feature",
      "properties": {
        "@id": "way/1498008160",
        "amenity": "hospital",
        "building": "hospital",
        "healthcare": "hospital",
        "healthcare:speciality": "ophthalmology",
        "operator": "Netradhama Eye Hospital",
        "@geometry": "center"
      },
      "geometry": {
        "type": "Point",
        "coordinates": [
          77.5832502,
          13.0947708
        ]
      },
      "id": "way/1498008160"
    },
    {
      "type": "Feature",
      "properties": {
        "@id": "node/1617398469",
        "addr:city": "bangalore",
        "addr:district": "Bengaluru Urban",
        "addr:full": "No.67,Link Road,Sheshadripuram",
        "addr:housenumber": "67",
        "addr:postcode": "560020",
        "addr:state": "Karnataka",
        "addr:street": "Link Rd, Malleswaram, Jai Bheema Nagar, Seshadripuram",
        "amenity": "hospital",
        "healthcare": "hospital",
        "name": "Sri Maruthi hospital, Sheshadripuram",
        "phone": "080 2344 9632",
        "source": "OpenGovernmentData"
      },
      "geometry": {
        "type": "Point",
        "coordinates": [
          77.5742046,
          12.9926441
        ]
      },
      "id": "node/1617398469"
    },
    {
      "type": "Feature",
      "properties": {
        "@id": "node/1693120843",
        "amenity": "hospital",
        "designation": "Hospital",
        "emergency": "yes",
        "healthcare": "hospital",
        "level": "2",
        "name": "Sunny Medicals Hospital Clinic",
        "source": "Survey",
        "wheelchair": "limited",
        "wheelchair:description": "Steps at entrace to building, lift to hospital"
      },
      "geometry": {
        "type": "Point",
        "coordinates": [
          77.6699091,
          12.9267954
        ]
      },
      "id": "node/1693120843"
    },
    {
      "type": "Feature",
      "properties": {
        "@id": "node/1722802205",
        "amenity": "hospital",
        "emergency": "no",
        "name": "Karunya Homoeopathy Centre"
      },
      "geometry": {
        "type": "Point",
        "coordinates": [
          77.653594,
          13.0307899
        ]
      },
      "id": "node/1722802205"
    },
    {
      "type": "Feature",
      "properties": {
        "@id": "node/1724416882",
        "amenity": "hospital",
        "name": "Ayur Seva Hospital",
        "name:en": "Ayur Vaid Hospital"
      },
      "geometry": {
        "type": "Point",
        "coordinates": [
          77.6653699,
          13.0148188
        ]
      },
      "id": "node/1724416882"
    },
    {
      "type": "Feature",
      "properties": {
        "@id": "node/1727637379",
        "amenity": "hospital",
        "emergency": "no",
        "name": "Vinayaka Specialty Hospital",
        "name:kn": "ವಿನಾಯಕ ಆಸ್ಪತ್ರೆ"
      },
      "geometry": {
        "type": "Point",
        "coordinates": [
          77.6218548,
          12.8990004
        ]
      },
      "id": "node/1727637379"
    },
    {
      "type": "Feature",
      "properties": {
        "@id": "node/1761866934",
        "amenity": "hospital",
        "name": "Koshys Hospital"
      },
      "geometry": {
        "type": "Point",
        "coordinates": [
          77.6760593,
          13.0207033
        ]
      },
      "id": "node/1761866934"
    },
    {
      "type": "Feature",
      "properties": {
        "@id": "node/1778854020",
        "addr:district": "Bengaluru Urban",
        "addr:full": "No. 1558, Opposite Chandra Layout Bus Stand, Chandra Layout, Vijaynagar",
        "addr:postcode": "560048",
        "addr:state": "Karnataka",
        "amenity": "hospital",
        "designation": "Gurushree Multi speciality Hospital",
        "emergency": "yes",
        "name": "Gurushree Hitech Multispeciality Hospital",
        "source": "OpenGovernmentData"
      },
      "geometry": {
        "type": "Point",
        "coordinates": [
          77.5265054,
          12.9593144
        ]
      },
      "id": "node/1778854020"
    },
    {
      "type": "Feature",
      "properties": {
        "@id": "node/1778897704",
        "addr:district": "Bengaluru Urban",
        "addr:full": "29 And 30, Nagarbhavi Road, Opp To Prashanthnagar Bus Stop, Vijaynagar",
        "addr:postcode": "560040",
        "addr:state": "Karnataka",
        "amenity": "hospital",
        "emergency": "no",
        "name": "Shobha Hospital, Bengaluru Urban",
        "name:kn": "ಶೋಭಾ ಆಸ್ಪತ್ರೆ",
        "source": "OpenGovernmentData"
      },
      "geometry": {
        "type": "Point",
        "coordinates": [
          77.5313495,
          12.9755854
        ]
      },
      "id": "node/1778897704"
    },
    {
      "type": "Feature",
      "properties": {
        "@id": "node/1778953072",
        "addr:district": "Bengaluru Urban",
        "addr:full": "# 91, Magadi Chord Road",
        "addr:postcode": "560040",
        "addr:state": "Karnataka",
        "amenity": "hospital",
        "designation": "Gayathri Nursing Home",
        "emergency": "yes",
        "name": "Gayathri Hospital, Bengaluru Urban",
        "operator:type": "private",
        "source": "OpenGovernmentData",
        "website": "http://dpal.kar.nic.in/Kanunu%20padakosha%20PDF%20Files/Recognised%20Hospitals.pdf",
        "wheelchair": "no"
      },
      "geometry": {
        "type": "Point",
        "coordinates": [
          77.5426819,
          12.9744053
        ]
      },
      "id": "node/1778953072"
    },
    {
      "type": "Feature",
      "properties": {
        "@id": "node/1794111895",
        "addr:district": "Bengaluru Urban",
        "addr:full": "3 P (2), 60 Ft Road, Jnanabharathi Layout, 1st Block, (Valgerhalli), Near To Srikki Apartment",
        "addr:postcode": "560059",
        "addr:state": "Karnataka",
        "amenity": "hospital",
        "emergency": "yes",
        "name": "MEDSOL Hospital",
        "source": "OpenGovernmentData"
      },
      "geometry": {
        "type": "Point",
        "coordinates": [
          77.4929837,
          12.9309944
        ]
      },
      "id": "node/1794111895"
    },
    {
      "type": "Feature",
      "properties": {
        "@id": "node/1794166166",
        "addr:district": "Bangalore",
        "addr:full": "Hegganahalli",
        "addr:postcode": "560091",
        "addr:state": "Karnataka",
        "addr:subdistrict": "Bangalore North",
        "amenity": "hospital",
        "emergency": "no",
        "healthcare": "centre",
        "name": "Government Primary Health Centre",
        "name:kn": "ಸರ್ಕಾರಿ ಪ್ರಾಥಮಿಕ ಆರೋಗ್ಯ ಕೇಂದ್ರ",
        "source": "OpenGovernmentData"
      },
      "geometry": {
        "type": "Point",
        "coordinates": [
          77.504284,
          13.003447
        ]
      },
      "id": "node/1794166166"
    },
    {
      "type": "Feature",
      "properties": {
        "@id": "node/1809734261",
        "addr:district": "Bengaluru Urban",
        "addr:full": "No.4, Nagarabhavi Main Road,Prashanth Nagar,Near Shopper City Shop",
        "addr:postcode": "560079",
        "addr:state": "Karnataka",
        "amenity": "hospital",
        "name": "Bharathy Hospital",
        "name:kn": "ಭಾರತಿ ಆಸ್ಪತ್ರೆ",
        "source": "OpenGovernmentData"
      },
      "geometry": {
        "type": "Point",
        "coordinates": [
          77.5326369,
          12.9761294
        ]
      },
      "id": "node/1809734261"
    },
    {
      "type": "Feature",
      "properties": {
        "@id": "node/1812673570",
        "addr:district": "Bengaluru Urban",
        "addr:full": "No. 277, M.K. Puttalingaiah Road, Padmanabha Nagar",
        "addr:postcode": "560070",
        "addr:state": "Karnataka",
        "amenity": "hospital",
        "emergency": "yes",
        "name": "Yogananda Medical and Research Centre",
        "source": "OpenGovernmentData"
      },
      "geometry": {
        "type": "Point",
        "coordinates": [
          77.5598033,
          12.9202791
        ]
      },
      "id": "node/1812673570"
    },
    {
      "type": "Feature",
      "properties": {
        "@id": "node/1818494842",
        "addr:district": "Bangalore",
        "addr:full": "Begur Main Road, Classic Paradise Layout, Bommanhalli, Bengaluru",
        "addr:postcode": "560068",
        "addr:state": "Karnataka",
        "addr:subdistrict": "Bangalore South",
        "amenity": "hospital",
        "description": "Primary Health Centre",
        "healthcare": "centre",
        "name": "Government Primary Healthcare Center, Begur",
        "name:kn": "ಸರ್ಕಾರಿ ಪ್ರಾಥಮಿಕ ಆರೋಗ್ಯ ಕೇಂದ್ರ",
        "source": "OpenGovernmentData"
      },
      "geometry": {
        "type": "Point",
        "coordinates": [
          77.6246582,
          12.8778532
        ]
      },
      "id": "node/1818494842"
    },
    {
      "type": "Feature",
      "properties": {
        "@id": "node/1835512586",
        "amenity": "hospital",
        "name": "Cure & Care Dental Clinic Dr. Moumita Mukherjee"
      },
      "geometry": {
        "type": "Point",
        "coordinates": [
          77.6492213,
          12.9074968
        ]
      },
      "id": "node/1835512586"
    },
    {
      "type": "Feature",
      "properties": {
        "@id": "node/1871539757",
        "addr:district": "Bengaluru Urban",
        "addr:full": "No 519 2nd Nain Netravathystreet, Devasandra, New Bel Road",
        "addr:postcode": "560054",
        "addr:state": "Karnataka",
        "amenity": "hospital",
        "emergency": "yes",
        "name": "Shirdi Sai Hospital",
        "name:kn": "ಶಿರಡಿ ಸಾಯಿ ಆಸ್ಪತ್ರೆ",
        "operator:type": "private",
        "source": "OpenGovernmentData",
        "website": "http://shirdisaihospital.in/"
      },
      "geometry": {
        "type": "Point",
        "coordinates": [
          77.5648754,
          13.0372438
        ]
      },
      "id": "node/1871539757"
    },
    {
      "type": "Feature",
      "properties": {
        "@id": "node/1894298053",
        "amenity": "hospital",
        "emergency": "no",
        "name": "Nayantara Opticals"
      },
      "geometry": {
        "type": "Point",
        "coordinates": [
          77.6198497,
          12.8924828
        ]
      },
      "id": "node/1894298053"
    },
    {
      "type": "Feature",
      "properties": {
        "@id": "node/1905152108",
        "amenity": "hospital",
        "emergency": "no",
        "name": "Kottakkal Arya Vaidya Sala",
        "source": "survey"
      },
      "geometry": {
        "type": "Point",
        "coordinates": [
          77.5850591,
          12.9411061
        ]
      },
      "id": "node/1905152108"
    },
    {
      "type": "Feature",
      "properties": {
        "@id": "node/1958294905",
        "amenity": "hospital",
        "name": "Charan Homeopathy, Ramamurthy Nagar"
      },
      "geometry": {
        "type": "Point",
        "coordinates": [
          77.6674667,
          13.0100409
        ]
      },
      "id": "node/1958294905"
    },
    {
      "type": "Feature",
      "properties": {
        "@id": "node/1988322107",
        "amenity": "hospital",
        "name": "Dhanavantri Hospital",
        "name:kn": "ಧನವಂತ್ರಿ ಆಸ್ಪತ್ರೆ"
      },
      "geometry": {
        "type": "Point",
        "coordinates": [
          77.6348642,
          13.0834023
        ]
      },
      "id": "node/1988322107"
    },
    {
      "type": "Feature",
      "properties": {
        "@id": "node/2002686385",
        "addr:district": "Bengaluru Urban",
        "addr:full": "Kothanur Dinne Main Road,Sapthagiri Layout,OppositeFabricana Factory,J.P.Ngar,8Th Phase",
        "addr:postcode": "560078",
        "addr:state": "Karnataka",
        "amenity": "hospital",
        "name": "T.R.Hospital",
        "source": "OpenGovernmentData"
      },
      "geometry": {
        "type": "Point",
        "coordinates": [
          77.5841671,
          12.8807554
        ]
      },
      "id": "node/2002686385"
    },
    {
      "type": "Feature",
      "properties": {
        "@id": "node/2012122119",
        "amenity": "hospital",
        "emergency": "yes",
        "healthcare": "hospital",
        "name": "Rainbow Clinic and Diagnostic Laboratory"
      },
      "geometry": {
        "type": "Point",
        "coordinates": [
          77.5816961,
          12.891484
        ]
      },
      "id": "node/2012122119"
    },
    {
      "type": "Feature",
      "properties": {
        "@id": "node/2019362244",
        "addr:city": "Bangalore",
        "addr:street": "11th Main Road,17th Cross",
        "amenity": "hospital",
        "dispensing": "yes",
        "name": "Cloud Nine Hospital",
        "note": "Only for pregnency",
        "phone": "9972999729"
      },
      "geometry": {
        "type": "Point",
        "coordinates": [
          77.5625316,
          13.0078742
        ]
      },
      "id": "node/2019362244"
    },
    {
      "type": "Feature",
      "properties": {
        "@id": "node/2026076836",
        "addr:district": "Bengaluru Urban",
        "addr:full": "No 3367,5Th Cross, Gayathri Nagar",
        "addr:postcode": "560021",
        "addr:state": "Karnataka",
        "amenity": "hospital",
        "emergency": "yes",
        "name": "Nayak Hospital, Gayathri Nagar",
        "source": "OpenGovernmentData"
      },
      "geometry": {
        "type": "Point",
        "coordinates": [
          77.5606403,
          12.9993857
        ]
      },
      "id": "node/2026076836"
    },
    {
      "type": "Feature",
      "properties": {
        "@id": "node/2122595759",
        "addr:district": "Bengaluru Rural",
        "addr:full": "#3, 6 th Cross, Old Bank Colony, Konanakunte",
        "addr:postcode": "560062",
        "addr:state": "Karnataka",
        "amenity": "hospital",
        "healthcare": "hospital",
        "name": "Rajnandani Hospital, Bangalore",
        "source": "OpenGovernmentData"
      },
      "geometry": {
        "type": "Point",
        "coordinates": [
          77.5701276,
          12.8845448
        ]
      },
      "id": "node/2122595759"
    },
    {
      "type": "Feature",
      "properties": {
        "@id": "node/2123564200",
        "addr:district": "Bengaluru Urban",
        "addr:full": "15Th Main, 17Th Cross Padmanabhanagar",
        "addr:postcode": "560070",
        "addr:state": "Karnataka",
        "amenity": "hospital",
        "emergency": "yes",
        "name": "Maharaja Agrasen Hospital, Bengaluru Urban",
        "source": "OpenGovernmentData"
      },
      "geometry": {
        "type": "Point",
        "coordinates": [
          77.5550223,
          12.915903
        ]
      },
      "id": "node/2123564200"
    },
    {
      "type": "Feature",
      "properties": {
        "@id": "node/2123630630",
        "addr:district": "Bengaluru Urban",
        "addr:full": "17Th, Main,27Th Cross, Banashankari 2nd Stage, South",
        "addr:postcode": "560070",
        "addr:state": "Karnataka",
        "amenity": "hospital",
        "healthcare": "hospital",
        "name": "Banashankari Referral Hospital",
        "source": "OpenGovernmentData"
      },
      "geometry": {
        "type": "Point",
        "coordinates": [
          77.5642974,
          12.9231342
        ]
      },
      "id": "node/2123630630"
    },
    {
      "type": "Feature",
      "properties": {
        "@id": "node/2124813862",
        "amenity": "hospital",
        "name": "Bangalore Kidney Foundation - NU Hospital"
      },
      "geometry": {
        "type": "Point",
        "coordinates": [
          77.555816,
          12.9179548
        ]
      },
      "id": "node/2124813862"
    },
    {
      "type": "Feature",
      "properties": {
        "@id": "node/2212459207",
        "addr:district": "Bengaluru Urban",
        "addr:full": "# 611 /612, Nagarabhavi Main Road",
        "addr:postcode": "560072",
        "addr:state": "Karnataka",
        "addr:subdistrict": "Nagarbhavi",
        "amenity": "hospital",
        "name": "Panacea Hospital, Nagarabhavi",
        "operator:type": "private",
        "source": "OpenGovernmentData",
        "website": "http://www.panaceahospital.com/"
      },
      "geometry": {
        "type": "Point",
        "coordinates": [
          77.511726,
          12.9613237
        ]
      },
      "id": "node/2212459207"
    },
    {
      "type": "Feature",
      "properties": {
        "@id": "node/2249069522",
        "addr:district": "Bengaluru Urban",
        "addr:full": "#6, Thimmaiah Layout, 1st Main 3rd D Cross, 3rd Stage, 2nd Block",
        "addr:postcode": "560079",
        "addr:state": "Karnataka",
        "addr:subdistrict": "Basaveshwaranagar",
        "amenity": "hospital",
        "name": "Shanbhag Hospital",
        "operator:type": "private",
        "source": "OpenGovernmentData",
        "website": "http://snsvo7.seekandsource.com/shanbhag/",
        "wheelchair": "yes"
      },
      "geometry": {
        "type": "Point",
        "coordinates": [
          77.5435424,
          12.9856882
        ]
      },
      "id": "node/2249069522"
    },
    {
      "type": "Feature",
      "properties": {
        "@id": "node/2268407035",
        "addr:district": "Bengaluru Urban",
        "addr:full": "No. 463, 1st Block, 3Road Stage, Dr.Siddaiah Puranika Road, Basaveshwaranagear",
        "addr:postcode": "560079",
        "addr:state": "Karnataka",
        "amenity": "hospital",
        "healthcare": "hospital",
        "name": "Trupti Nursing Home",
        "source": "OpenGovernmentData"
      },
      "geometry": {
        "type": "Point",
        "coordinates": [
          77.5397544,
          12.9946566
        ]
      },
      "id": "node/2268407035"
    },
    {
      "type": "Feature",
      "properties": {
        "@id": "node/2272455276",
        "addr:district": "Bengaluru Urban",
        "addr:full": "No. 699, 3Road Main Road,Bhuvanagiri Layout,(O.M.B.R),Doddabanasawadi",
        "addr:postcode": "560043",
        "addr:state": "Karnataka",
        "amenity": "hospital",
        "name": "Srivijaya Speciality Hospital",
        "source": "OpenGovernmentData"
      },
      "geometry": {
        "type": "Point",
        "coordinates": [
          77.6580271,
          13.0124345
        ]
      },
      "id": "node/2272455276"
    },
    {
      "type": "Feature",
      "properties": {
        "@id": "node/2285453337",
        "amenity": "hospital",
        "emergency": "no",
        "healthcare": "hospital",
        "name": "Magnus Diagnostic Lab"
      },
      "geometry": {
        "type": "Point",
        "coordinates": [
          77.6305022,
          12.9349187
        ]
      },
      "id": "node/2285453337"
    },
    {
      "type": "Feature",
      "properties": {
        "@id": "node/2296638505",
        "amenity": "hospital",
        "emergency": "no",
        "healthcare": "hospital",
        "name": "Krupa Medical center"
      },
      "geometry": {
        "type": "Point",
        "coordinates": [
          77.5411664,
          13.000431
        ]
      },
      "id": "node/2296638505"
    },
    {
      "type": "Feature",
      "properties": {
        "@id": "node/2343099977",
        "addr:district": "Bengaluru Urban",
        "addr:full": "17, Nti Layout, Vidyaranyapura",
        "addr:postcode": "560097",
        "addr:state": "Karnataka",
        "amenity": "hospital",
        "healthcare": "hospital",
        "name": "Soukya Hospital",
        "source": "OpenGovernmentData"
      },
      "geometry": {
        "type": "Point",
        "coordinates": [
          77.5587548,
          13.0774744
        ]
      },
      "id": "node/2343099977"
    },
    {
      "type": "Feature",
      "properties": {
        "@id": "node/2387173532",
        "addr:city": "Bengaluru",
        "addr:district": "Bengaluru",
        "addr:postcode": "560102",
        "addr:street": "14th Main Rd, opposite Agara Lake, Sector 5, 1st Sector, HSR Layout",
        "amenity": "hospital",
        "emergency": "yes",
        "healthcare": "hospital",
        "name": "Greenview Medical Center"
      },
      "geometry": {
        "type": "Point",
        "coordinates": [
          77.6381379,
          12.9191813
        ]
      },
      "id": "node/2387173532"
    },
    {
      "type": "Feature",
      "properties": {
        "@id": "node/2414612953",
        "amenity": "hospital",
        "emergency": "no",
        "healthcare": "hospital",
        "name": "Vaidyaratnam Oushadhasala",
        "website": "https://www.vaidyaratnammooss.com/"
      },
      "geometry": {
        "type": "Point",
        "coordinates": [
          77.6485848,
          12.9121004
        ]
      },
      "id": "node/2414612953"
    },
    {
      "type": "Feature",
      "properties": {
        "@id": "node/2447846664",
        "amenity": "hospital",
        "emergency": "yes",
        "name": "Blossoms Hospital"
      },
      "geometry": {
        "type": "Point",
        "coordinates": [
          77.6308237,
          12.9064393
        ]
      },
      "id": "node/2447846664"
    },
    {
      "type": "Feature",
      "properties": {
        "@id": "node/2449294308",
        "amenity": "hospital",
        "emergency": "yes",
        "name": "Live100"
      },
      "geometry": {
        "type": "Point",
        "coordinates": [
          77.6454925,
          12.8791713
        ]
      },
      "id": "node/2449294308"
    },
    {
      "type": "Feature",
      "properties": {
        "@id": "node/2475284844",
        "addr:city": "K.R Puram",
        "addr:street": "Old Madras Road",
        "amenity": "hospital",
        "healthcare": "hospital",
        "name": "ESi Hospital",
        "operator": "Employees' State Insurance",
        "operator:short": "ESI",
        "operator:type": "private",
        "operator:wikidata": "Q3595726"
      },
      "geometry": {
        "type": "Point",
        "coordinates": [
          77.6923101,
          13.0077936
        ]
      },
      "id": "node/2475284844"
    },
    {
      "type": "Feature",
      "properties": {
        "@id": "node/2480870848",
        "addr:city": "Bangalore",
        "addr:postcode": "560040",
        "addr:street": "Vijayanagar Water Tank Road",
        "amenity": "hospital",
        "emergency": "no",
        "name": "Happy Tooth"
      },
      "geometry": {
        "type": "Point",
        "coordinates": [
          77.5336479,
          12.9744193
        ]
      },
      "id": "node/2480870848"
    },
    {
      "type": "Feature",
      "properties": {
        "@id": "node/2480884777",
        "addr:city": "Bangalore",
        "addr:housename": "Vijayanagar",
        "addr:postcode": "560040",
        "addr:street": "Vijayanagar Water Tank Road",
        "amenity": "hospital",
        "name": "Rishi Women and Child Clinic"
      },
      "geometry": {
        "type": "Point",
        "coordinates": [
          77.532699,
          12.9745812
        ]
      },
      "id": "node/2480884777"
    },
    {
      "type": "Feature",
      "properties": {
        "@id": "node/2483779679",
        "addr:city": "Bangalore",
        "addr:housename": "Near Ganapathi Temple",
        "addr:postcode": "560040",
        "addr:street": "Vijayanagar Water Tank Road",
        "amenity": "hospital",
        "name": "Penta Care Ayurvedic Hospital"
      },
      "geometry": {
        "type": "Point",
        "coordinates": [
          77.5369482,
          12.9736894
        ]
      },
      "id": "node/2483779679"
    },
    {
      "type": "Feature",
      "properties": {
        "@id": "node/2484900084",
        "addr:city": "Bangalore",
        "addr:housename": "Near BDA Park",
        "addr:housenumber": "63",
        "addr:postcode": "560085",
        "addr:street": "6th Main Road",
        "amenity": "hospital",
        "name": "Shalini Nursing & MAternity Home"
      },
      "geometry": {
        "type": "Point",
        "coordinates": [
          77.5419997,
          12.9436624
        ]
      },
      "id": "node/2484900084"
    },
    {
      "type": "Feature",
      "properties": {
        "@id": "node/2487658338",
        "addr:city": "Bangalore",
        "addr:housename": "Service Road, Near Park View, Vijayanagar",
        "addr:postcode": "560040",
        "addr:street": "6th Main",
        "amenity": "hospital",
        "name": "Shreya Poly Clinic"
      },
      "geometry": {
        "type": "Point",
        "coordinates": [
          77.5394723,
          12.9729127
        ]
      },
      "id": "node/2487658338"
    },
    {
      "type": "Feature",
      "properties": {
        "@id": "node/2514705828",
        "addr:city": "Bangalore",
        "addr:housename": "Below Food World, Chandra Layout",
        "addr:street": "4th Main Road",
        "amenity": "hospital",
        "emergency": "no",
        "healthcare": "hospital",
        "name": "Anurag Medical Center"
      },
      "geometry": {
        "type": "Point",
        "coordinates": [
          77.5271683,
          12.9612829
        ]
      },
      "id": "node/2514705828"
    },
    {
      "type": "Feature",
      "properties": {
        "@id": "node/2533566686",
        "amenity": "hospital",
        "name": "United Medical lab",
        "name:kn": "ಯುನೈಟೆಡ್ ಮೆಡಿಕಲ್ ಲ್ಯಾಬ್"
      },
      "geometry": {
        "type": "Point",
        "coordinates": [
          77.6132902,
          13.0007683
        ]
      },
      "id": "node/2533566686"
    },
    {
      "type": "Feature",
      "properties": {
        "@id": "node/2554302512",
        "amenity": "hospital",
        "name": "Pragathi Ayurvedic Center",
        "wheelchair": "no"
      },
      "geometry": {
        "type": "Point",
        "coordinates": [
          77.555666,
          12.9843701
        ]
      },
      "id": "node/2554302512"
    },
    {
      "type": "Feature",
      "properties": {
        "@id": "node/2623332318",
        "amenity": "hospital",
        "healthcare": "hospital",
        "name": "Narayana Hrudayalaya Dental Clinic",
        "name:kn": "ನಾರಾಯಣ ಹೃದಯಾಲಯ ದಂತ ಆಸ್ಪತ್ರೆ"
      },
      "geometry": {
        "type": "Point",
        "coordinates": [
          77.6728066,
          12.9231571
        ]
      },
      "id": "node/2623332318"
    },
    {
      "type": "Feature",
      "properties": {
        "@id": "node/2720476857",
        "amenity": "hospital",
        "emergency": "no",
        "healthcare": "hospital",
        "name": "Vatsalya Chidren's Clinic"
      },
      "geometry": {
        "type": "Point",
        "coordinates": [
          77.6109105,
          12.8948505
        ]
      },
      "id": "node/2720476857"
    },
    {
      "type": "Feature",
      "properties": {
        "@id": "node/2720498311",
        "amenity": "hospital",
        "emergency": "no",
        "name": "Kottakkal Arya Vaidya Sala"
      },
      "geometry": {
        "type": "Point",
        "coordinates": [
          77.6271003,
          12.9002599
        ]
      },
      "id": "node/2720498311"
    },
    {
      "type": "Feature",
      "properties": {
        "@id": "node/2914260121",
        "addr:district": "Bengaluru Urban",
        "addr:full": "No.1133/F,30 Ft.Service Road, R.P.C. Layout,Vijaynagar",
        "addr:postcode": "560040",
        "addr:state": "Karnataka",
        "amenity": "hospital",
        "healthcare": "hospital",
        "name": "Sharavathi Hospitals (P) Ltd.",
        "source": "OpenGovernmentData"
      },
      "geometry": {
        "type": "Point",
        "coordinates": [
          77.5342853,
          12.9623406
        ]
      },
      "id": "node/2914260121"
    },
    {
      "type": "Feature",
      "properties": {
        "@id": "node/2932851733",
        "addr:city": "Bangalore",
        "addr:district": "Bengaluru Urban",
        "addr:full": "No. 30, Pavana Dhama, 80 Feet Main Road,Opposite Nilgiris,Padmanabha Nagar",
        "addr:postcode": "560070",
        "addr:state": "Karnataka",
        "amenity": "hospital",
        "healthcare": "hospital",
        "name": "Dr.Agarwal's Eye Hospital Ltd, Padmanabha Nagar",
        "operator": "Dr. Agarwal's Eye Hospital",
        "operator:wikidata": "Q17052044",
        "source": "OpenGovernmentData"
      },
      "geometry": {
        "type": "Point",
        "coordinates": [
          77.5592568,
          12.9169288
        ]
      },
      "id": "node/2932851733"
    },
    {
      "type": "Feature",
      "properties": {
        "@id": "node/2984295033",
        "addr:district": "Bengaluru Urban",
        "addr:full": "Thimmaiah Road, Padmanabhanagar, Bengaluru",
        "addr:postcode": "560070",
        "addr:state": "Karnataka",
        "amenity": "hospital",
        "name": "Shraddha Eye Care",
        "source": "Local Knowledge"
      },
      "geometry": {
        "type": "Point",
        "coordinates": [
          77.5555842,
          12.9184617
        ]
      },
      "id": "node/2984295033"
    },
    {
      "type": "Feature",
      "properties": {
        "@id": "node/3004275434",
        "addr:district": "Bengaluru Urban",
        "addr:full": "#483, 16 Th Cross, 8 Th Main",
        "addr:postcode": "560098",
        "addr:state": "Karnataka",
        "addr:subdistrict": "Rajarajeswarinagar",
        "amenity": "hospital",
        "healthcare": "doctor",
        "healthcare:speciality": "ophthalmology",
        "name": "Vasan Eye Care Hospital, Rajarajeswari Nagar",
        "operator:type": "private",
        "source": "OpenGovernmentData",
        "website": "http://www.vasaneye.in/"
      },
      "geometry": {
        "type": "Point",
        "coordinates": [
          77.5154779,
          12.931334
        ]
      },
      "id": "node/3004275434"
    },
    {
      "type": "Feature",
      "properties": {
        "@id": "node/3016090364",
        "addr:city": "bangalore",
        "addr:housenumber": "250",
        "addr:postcode": "560078",
        "addr:street": "24th Main, 5th Phase, Opp Nandini Hotel, Puttenhalli, JP Nagar",
        "amenity": "hospital",
        "name": "Cloud Nine Fertility",
        "name:kn": "ಕ್ಲೌಡ್ ನೈನ್ ಫರ್ಟಿಲಿಟಿ",
        "phone": "080 4350 0123",
        "source": "justdial",
        "website": "https://www.cloudninefertility.com/",
        "wheelchair": "limited"
      },
      "geometry": {
        "type": "Point",
        "coordinates": [
          77.5858347,
          12.9055088
        ]
      },
      "id": "node/3016090364"
    },
    {
      "type": "Feature",
      "properties": {
        "@id": "node/3037310855",
        "addr:city": "Bangalore",
        "addr:housenumber": "28",
        "addr:postcode": "560062",
        "addr:street": "Kanakapura Road",
        "amenity": "hospital",
        "healthcare": "hospital",
        "name": "Aikya Healthcare"
      },
      "geometry": {
        "type": "Point",
        "coordinates": [
          77.5466715,
          12.8827229
        ]
      },
      "id": "node/3037310855"
    },
    {
      "type": "Feature",
      "properties": {
        "@id": "node/3100475907",
        "addr:district": "Bangalore",
        "addr:full": "PARK, NEAR PARK",
        "addr:postcode": "560062",
        "addr:state": "Karnataka",
        "addr:subdistrict": "Bangalore South",
        "amenity": "hospital",
        "contact:phone": "8026323311",
        "healthcare": "hospital",
        "name": "Konanakunte Government Hospital",
        "source": "OpenGovernmentData"
      },
      "geometry": {
        "type": "Point",
        "coordinates": [
          77.5664029,
          12.8840897
        ]
      },
      "id": "node/3100475907"
    },
    {
      "type": "Feature",
      "properties": {
        "@id": "node/3268435578",
        "addr:city": "Bangalore",
        "addr:country": "IN",
        "addr:postcode": "560066",
        "addr:street": "Whitefield Main Road",
        "amenity": "hospital",
        "check_date": "2025-06-27",
        "name": "Cloud Nine Hospital",
        "phone": "+91 80 6799 9999",
        "website": "https://cloudninecare.com/"
      },
      "geometry": {
        "type": "Point",
        "coordinates": [
          77.7319773,
          12.9878709
        ]
      },
      "id": "node/3268435578"
    },
    {
      "type": "Feature",
      "properties": {
        "@id": "node/3270010723",
        "addr:city": "Mahadevapura, Bangalore",
        "addr:postcode": "560048",
        "amenity": "hospital",
        "check_date": "2025-10-30",
        "email": "info@rxdx.in",
        "healthcare": "hospital",
        "healthcare:speciality": "physiotherapy",
        "name": "Telerad Rx Dx Health Care Whitefield",
        "operator": "RxDx",
        "operator:type": "private",
        "phone": "+91-80-49261111;+91-80-40187588",
        "website": "https://rxdx.in/"
      },
      "geometry": {
        "type": "Point",
        "coordinates": [
          77.7103746,
          12.9768424
        ]
      },
      "id": "node/3270010723"
    },
    {
      "type": "Feature",
      "properties": {
        "@id": "node/3370028968",
        "addr:district": "Bengaluru Urban",
        "addr:full": "No. 324, Cmh Road Indiranagar 1st Stage Next To Vijaya Bank Building",
        "addr:postcode": "560038",
        "addr:state": "Karnataka",
        "amenity": "hospital",
        "healthcare": "hospital",
        "name": "Motherhood Hospital(Unit Of Rhea Healthcare Pvt Ltd)",
        "name:kn": "ಮದರ್‌ಹುಡ್",
        "source": "OpenGovernmentData"
      },
      "geometry": {
        "type": "Point",
        "coordinates": [
          77.6375845,
          12.9784409
        ]
      },
      "id": "node/3370028968"
    },
    {
      "type": "Feature",
      "properties": {
        "@id": "node/3370244392",
        "amenity": "hospital",
        "healthcare": "hospital",
        "name": "Respiratory and womens health clinic."
      },
      "geometry": {
        "type": "Point",
        "coordinates": [
          77.6376528,
          12.9762645
        ]
      },
      "id": "node/3370244392"
    },
    {
      "type": "Feature",
      "properties": {
        "@id": "node/3370279044",
        "addr:street": "Indiranagar Double Road (Paramahansa Yogananda road)",
        "amenity": "hospital",
        "healthcare": "hospital",
        "name": "Rashmi Hospital",
        "name:kn": "ರಶ್ಮಿ ಆಸ್ಪತ್ರೆ"
      },
      "geometry": {
        "type": "Point",
        "coordinates": [
          77.6362278,
          12.9766951
        ]
      },
      "id": "node/3370279044"
    },
    {
      "type": "Feature",
      "properties": {
        "@id": "node/3370453173",
        "amenity": "hospital",
        "healthcare": "hospital",
        "name": "Netradama Eye Hospital",
        "name:kn": "ನೇತ್ರಧಾಮ ಕಣ್ಣಿನ ಆಸ್ಪತ್ರೆ"
      },
      "geometry": {
        "type": "Point",
        "coordinates": [
          77.6357281,
          12.9734836
        ]
      },
      "id": "node/3370453173"
    },
    {
      "type": "Feature",
      "properties": {
        "@id": "node/3394753831",
        "addr:district": "Bengaluru Urban",
        "addr:full": "1, 1st Cross, Gupta Layout,Lakksandra, Near Dairy Circle",
        "addr:housenumber": "#1",
        "addr:postcode": "560030",
        "addr:state": "Karnataka",
        "addr:street": "Bannerghatta Road",
        "amenity": "hospital",
        "name": "Sree Venkateshwara Speciality Hospital",
        "name:kn": "ಶ್ರೀ ವೆಂಕಟೆಶ್ವರ ಆಸ್ಪತ್ರೆ"
      },
      "geometry": {
        "type": "Point",
        "coordinates": [
          77.6025303,
          12.9425246
        ]
      },
      "id": "node/3394753831"
    },
    {
      "type": "Feature",
      "properties": {
        "@id": "node/3400223539",
        "addr:district": "Bengaluru Urban",
        "addr:full": "# 133, Margosa Road,10Th Cross, Malleshwaram",
        "addr:postcode": "560003",
        "addr:state": "Karnataka",
        "amenity": "hospital",
        "healthcare": "hospital",
        "name": "Leela Hospital and Diagnostic Center",
        "source": "OpenGovernmentData"
      },
      "geometry": {
        "type": "Point",
        "coordinates": [
          77.5694894,
          13.0002667
        ]
      },
      "id": "node/3400223539"
    },
    {
      "type": "Feature",
      "properties": {
        "@id": "node/3400223541",
        "amenity": "hospital",
        "name": "Dr. Rajkumar Blood Bank"
      },
      "geometry": {
        "type": "Point",
        "coordinates": [
          77.5878222,
          12.968031
        ]
      },
      "id": "node/3400223541"
    },
    {
      "type": "Feature",
      "properties": {
        "@id": "node/3477797688",
        "addr:district": "Bengaluru Urban",
        "addr:full": "446/21 Above Vijaya Bank, Opposite To Amba Bajaja Showroom",
        "addr:postcode": "560103",
        "addr:state": "Karnataka",
        "amenity": "hospital",
        "healthcare": "hospital",
        "name": "Nelivigi Eye Hospital",
        "operator:type": "private",
        "source": "OpenGovernmentData",
        "website": "https://www.nelivigieyehospital.com/"
      },
      "geometry": {
        "type": "Point",
        "coordinates": [
          77.6737518,
          12.9241818
        ]
      },
      "id": "node/3477797688"
    },
    {
      "type": "Feature",
      "properties": {
        "@id": "node/3541798347",
        "amenity": "hospital",
        "healthcare": "hospital",
        "level": "1",
        "name": "Sanghi Medical Centre (P) Ltd"
      },
      "geometry": {
        "type": "Point",
        "coordinates": [
          77.6994832,
          12.9517397
        ]
      },
      "id": "node/3541798347"
    },
    {
      "type": "Feature",
      "properties": {
        "@id": "node/3555393844",
        "addr:district": "Bengaluru Urban",
        "addr:full": "No. 19/A, Opposite Lic , Mathikere Main Road",
        "addr:postcode": "560021",
        "addr:state": "Karnataka",
        "amenity": "hospital",
        "healthcare": "hospital",
        "healthcare:speciality": "general",
        "name": "Sri Sai Krupa Hospital, Bengaluru Urban",
        "name:kn": "ಸಾಯಿ ಕೃಪ ಆಸ್ಪತ್ರೆ",
        "source": "OpenGovernmentData"
      },
      "geometry": {
        "type": "Point",
        "coordinates": [
          77.5593857,
          13.0294181
        ]
      },
      "id": "node/3555393844"
    },
    {
      "type": "Feature",
      "properties": {
        "@id": "node/3556103531",
        "amenity": "hospital",
        "name": "ALDOS Medical Service Pvt LTD"
      },
      "geometry": {
        "type": "Point",
        "coordinates": [
          77.6381036,
          12.9826672
        ]
      },
      "id": "node/3556103531"
    },
    {
      "type": "Feature",
      "properties": {
        "@id": "node/3607116665",
        "amenity": "hospital",
        "healthcare": "hospital",
        "name": "Government Hospital",
        "name:kn": "ಸರ್ಕಾರಿ ಆಸ್ಪತ್ರೆ"
      },
      "geometry": {
        "type": "Point",
        "coordinates": [
          77.603414,
          12.8870605
        ]
      },
      "id": "node/3607116665"
    },
    {
      "type": "Feature",
      "properties": {
        "@id": "node/3607404261",
        "amenity": "hospital",
        "name": "Rajashree Granthim hospital"
      },
      "geometry": {
        "type": "Point",
        "coordinates": [
          77.602422,
          12.8893134
        ]
      },
      "id": "node/3607404261"
    },
    {
      "type": "Feature",
      "properties": {
        "@id": "node/3710210170",
        "amenity": "hospital",
        "healthcare": "hospital",
        "name": "Krishna Nursing Home"
      },
      "geometry": {
        "type": "Point",
        "coordinates": [
          77.5986921,
          12.9474222
        ]
      },
      "id": "node/3710210170"
    },
    {
      "type": "Feature",
      "properties": {
        "@id": "node/3714125744",
        "addr:district": "Bengaluru Urban",
        "addr:full": "Queens Road",
        "addr:state": "Karnataka",
        "addr:street": "Queen's Road",
        "amenity": "hospital",
        "name": "Shifa Hospital, Bengaluru Urban",
        "name:kn": "ಶಿಫಾ ಆಸ್ಪತ್ರೆ",
        "operator:type": "private",
        "source": "OpenGovernmentData",
        "website": "http://dpal.kar.nic.in/Kanunu%20padakosha%20PDF%20Files/Recognised%20Hospitals.pdf"
      },
      "geometry": {
        "type": "Point",
        "coordinates": [
          77.5988107,
          12.9900105
        ]
      },
      "id": "node/3714125744"
    },
    {
      "type": "Feature",
      "properties": {
        "@id": "node/3719549886",
        "addr:district": "Bengaluru Urban",
        "addr:full": "Jayanagar, J P Nagar, Bengaluru",
        "addr:postcode": "560041",
        "addr:state": "Karnataka",
        "amenity": "hospital",
        "healthcare": "clinic",
        "healthcare:speciality": "fertility",
        "name": "Milann Fertility Center",
        "source": "Local Knowledge",
        "wheelchair": "yes"
      },
      "geometry": {
        "type": "Point",
        "coordinates": [
          77.5856011,
          12.9159249
        ]
      },
      "id": "node/3719549886"
    },
    {
      "type": "Feature",
      "properties": {
        "@id": "node/3725710400",
        "amenity": "hospital",
        "name": "Gift IVF center"
      },
      "geometry": {
        "type": "Point",
        "coordinates": [
          77.6418711,
          12.962951
        ]
      },
      "id": "node/3725710400"
    },
    {
      "type": "Feature",
      "properties": {
        "@id": "node/3773028057",
        "addr:city": "Bengaluru",
        "addr:district": "Bengaluru Urban",
        "addr:full": "44-45/2, 2nd Cross Raja Rammohan Roy Extn Off Lalbagh Double Road",
        "addr:postcode": "560027",
        "addr:state": "Karnataka",
        "amenity": "hospital",
        "building": "hospital",
        "name": "HCG Cancer Hospital",
        "source": "OpenGovernmentData",
        "website": "https://www.hcgoncology.com/"
      },
      "geometry": {
        "type": "Point",
        "coordinates": [
          77.5930493,
          12.9603157
        ]
      },
      "id": "node/3773028057"
    },
    {
      "type": "Feature",
      "properties": {
        "@id": "node/3922280181",
        "amenity": "hospital",
        "name": "Health Care Global"
      },
      "geometry": {
        "type": "Point",
        "coordinates": [
          77.5919279,
          12.9584755
        ]
      },
      "id": "node/3922280181"
    },
    {
      "type": "Feature",
      "properties": {
        "@id": "node/4097027897",
        "addr:city": "Bangalore",
        "addr:district": "Bengaluru Urban",
        "addr:housenumber": "32/29",
        "addr:postcode": "560011",
        "addr:street": "4th Cross Road, KV Layout, Jayanagar 4th Block",
        "amenity": "hospital",
        "healthcare": "hospital",
        "healthcare:speciality": "dental_oral_maxillo_facial_surgery",
        "mobile": "+919481404000",
        "name": "Gulecha Dental Care",
        "operator": "Dr. Preeti",
        "operator:type": "private",
        "website": "https://www.gulechadental.com/"
      },
      "geometry": {
        "type": "Point",
        "coordinates": [
          77.5893625,
          12.9292418
        ]
      },
      "id": "node/4097027897"
    },
    {
      "type": "Feature",
      "properties": {
        "@id": "node/4171032289",
        "addr:street": "8th cross",
        "amenity": "hospital"
      },
      "geometry": {
        "type": "Point",
        "coordinates": [
          77.5424167,
          12.9767055
        ]
      },
      "id": "node/4171032289"
    },
    {
      "type": "Feature",
      "properties": {
        "@id": "node/4189843307",
        "addr:city": "Bangalore",
        "addr:postcode": "560043",
        "addr:street": "4th B cross, 7th C Main",
        "amenity": "hospital",
        "emergency": "no",
        "name": "Rajbal Skin Clinic",
        "operator": "Skin Specialist"
      },
      "geometry": {
        "type": "Point",
        "coordinates": [
          77.6445361,
          13.0206063
        ]
      },
      "id": "node/4189843307"
    },
    {
      "type": "Feature",
      "properties": {
        "@id": "node/4203857493",
        "addr:district": "Bengaluru Urban",
        "addr:full": "90-D, Bommanahalli Circle, Hosur road",
        "addr:postcode": "560068",
        "addr:state": "Karnataka",
        "amenity": "hospital",
        "email": "prashanthhospital1996@gmail.com",
        "healthcare": "hospital",
        "name": "Prashanth Hospital",
        "name:kn": "ಪ್ರಶಾಂತ ಆಸ್ಪತ್ರೆ",
        "operator:type": "private",
        "source": "OpenGovernmentData",
        "website": "http://dpal.kar.nic.in/Kanunu%20padakosha%20PDF%20Files/Recognised%20Hospitals.pdf",
        "wheelchair": "limited"
      },
      "geometry": {
        "type": "Point",
        "coordinates": [
          77.6287463,
          12.9066637
        ]
      },
      "id": "node/4203857493"
    },
    {
      "type": "Feature",
      "properties": {
        "@id": "node/4263313808",
        "amenity": "hospital",
        "name": "Dianova Diabetes Center and Hospital"
      },
      "geometry": {
        "type": "Point",
        "coordinates": [
          77.6335463,
          13.0147612
        ]
      },
      "id": "node/4263313808"
    },
    {
      "type": "Feature",
      "properties": {
        "@id": "node/4286285517",
        "addr:housenumber": "111(3/1)",
        "addr:street": "18th Cross Road",
        "amenity": "hospital",
        "description": "hospital",
        "healthcare": "hospital",
        "name": "Ameena Medical centre"
      },
      "geometry": {
        "type": "Point",
        "coordinates": [
          77.6323407,
          12.9777082
        ]
      },
      "id": "node/4286285517"
    },
    {
      "type": "Feature",
      "properties": {
        "@id": "node/4322812542",
        "amenity": "hospital",
        "healthcare": "hospital",
        "name": "Dr.Agarwal Eye & Dental Hospital"
      },
      "geometry": {
        "type": "Point",
        "coordinates": [
          77.6362439,
          12.9700356
        ]
      },
      "id": "node/4322812542"
    },
    {
      "type": "Feature",
      "properties": {
        "@id": "node/4325331196",
        "amenity": "hospital",
        "healthcare": "hospital",
        "name": "SRL Diagnostics"
      },
      "geometry": {
        "type": "Point",
        "coordinates": [
          77.7160447,
          12.9599306
        ]
      },
      "id": "node/4325331196"
    },
    {
      "type": "Feature",
      "properties": {
        "@id": "node/4343881190",
        "addr:district": "Bengaluru Urban",
        "addr:full": "No 370.371,I Stage West Of Cord Road",
        "addr:postcode": "560079",
        "addr:state": "Karnataka",
        "amenity": "hospital",
        "name": "Dr Raos Maternity Hospital",
        "source": "OpenGovernmentData"
      },
      "geometry": {
        "type": "Point",
        "coordinates": [
          77.5460481,
          12.9850421
        ]
      },
      "id": "node/4343881190"
    },
    {
      "type": "Feature",
      "properties": {
        "@id": "node/4349307192",
        "amenity": "hospital",
        "check_date": "2024-03-09",
        "healthcare:speciality": "gynaecology",
        "name": "Sagar Chandramma Hospitals",
        "name:en": "Sagar Chandramma Hospitals"
      },
      "geometry": {
        "type": "Point",
        "coordinates": [
          77.5748248,
          12.9485535
        ]
      },
      "id": "node/4349307192"
    },
    {
      "type": "Feature",
      "properties": {
        "@id": "node/4349443891",
        "addr:district": "Bengaluru Urban",
        "addr:full": "Kalyan Nagar, Bengaluru",
        "addr:postcode": "560043",
        "addr:state": "Karnataka",
        "amenity": "hospital",
        "name": "Trilife Hospital",
        "source": "Local Knowledge"
      },
      "geometry": {
        "type": "Point",
        "coordinates": [
          77.6432959,
          13.0169826
        ]
      },
      "id": "node/4349443891"
    },
    {
      "type": "Feature",
      "properties": {
        "@id": "node/4386507095",
        "amenity": "hospital",
        "name": "Vignesh Lab and Diagnostics"
      },
      "geometry": {
        "type": "Point",
        "coordinates": [
          77.6041132,
          13.0267226
        ]
      },
      "id": "node/4386507095"
    },
    {
      "type": "Feature",
      "properties": {
        "@id": "node/4392383890",
        "addr:district": "Bengaluru Urban",
        "addr:full": "No.58, 5th Cross, 18th Main Dhanlakshmi Bank Building",
        "addr:postcode": "560095",
        "addr:state": "Karnataka",
        "addr:subdistrict": "Koramangala",
        "amenity": "hospital",
        "email": "contactus@apollocradle.com",
        "healthcare:speciality": "Maternity Services; Birthing Fertility and IVF; Woman's Health; Women Health Checks; Procedures; Cancer Evaluation; Children's Health; New Born Screening; Vaccination",
        "name": "Apollo Cradle",
        "name:en": "Apollo Cradle",
        "operator:type": "private",
        "source": "OpenGovernmentData",
        "website": "https://www.apollocradle.com/"
      },
      "geometry": {
        "type": "Point",
        "coordinates": [
          77.6206345,
          12.9368104
        ]
      },
      "id": "node/4392383890"
    },
    {
      "type": "Feature",
      "properties": {
        "@id": "node/4406333893",
        "amenity": "hospital",
        "name": "Shiva Kumaraswamy Building",
        "name:en": "shiva kumaraswamy building"
      },
      "geometry": {
        "type": "Point",
        "coordinates": [
          77.5493718,
          12.9717049
        ]
      },
      "id": "node/4406333893"
    },
    {
      "type": "Feature",
      "properties": {
        "@id": "node/4440769883",
        "amenity": "hospital",
        "name": "Myo Medex - Ace Speciality Clinic"
      },
      "geometry": {
        "type": "Point",
        "coordinates": [
          77.5999324,
          12.8615976
        ]
      },
      "id": "node/4440769883"
    },
    {
      "type": "Feature",
      "properties": {
        "@id": "node/4440829279",
        "addr:city": "Bangalore",
        "addr:postcode": "560035",
        "addr:street": "Kasvanahalli Road, Behind State Bank of Mysore, Sarjapur Road, Kaikondrahalli",
        "amenity": "hospital",
        "emergency": "yes",
        "healthcare": "hospital",
        "name": "Stanford Speciality Hospital",
        "phone": "080 6566 6689"
      },
      "geometry": {
        "type": "Point",
        "coordinates": [
          77.6764094,
          12.911533
        ]
      },
      "id": "node/4440829279"
    },
    {
      "type": "Feature",
      "properties": {
        "@id": "node/4440931106",
        "addr:city": "Bangalore",
        "addr:housenumber": "No.7/1",
        "addr:postcode": "560035",
        "addr:street": "Sarjapur Road",
        "amenity": "hospital",
        "emergency": "yes",
        "name": "Dr Mohan Nursing Home",
        "phone": "+91-80-42119084"
      },
      "geometry": {
        "type": "Point",
        "coordinates": [
          77.6813917,
          12.9124371
        ]
      },
      "id": "node/4440931106"
    },
    {
      "type": "Feature",
      "properties": {
        "@id": "node/4440939217",
        "addr:city": "Bengaluru",
        "addr:housenumber": "4/21",
        "addr:postcode": "560035",
        "addr:street": "Kasavanahalli Road",
        "amenity": "hospital",
        "healthcare": "hospital",
        "name": "Sparsh Clinic",
        "phone": "+91-99000 19567"
      },
      "geometry": {
        "type": "Point",
        "coordinates": [
          77.6755805,
          12.9072384
        ]
      },
      "id": "node/4440939217"
    },
    {
      "type": "Feature",
      "properties": {
        "@id": "node/4440946384",
        "addr:city": "Bangalore",
        "addr:housenumber": "9 IAS layout",
        "addr:postcode": "560035",
        "addr:street": "Lake Shore HomesRoad, Amrita college road, off sarjapur road, Kasavanahalli",
        "amenity": "hospital",
        "healthcare": "hospital",
        "name": "Raksha Orthopaedic And Multi Speciality Centre",
        "phone": "+91-74115 27777"
      },
      "geometry": {
        "type": "Point",
        "coordinates": [
          77.6741043,
          12.9041502
        ]
      },
      "id": "node/4440946384"
    },
    {
      "type": "Feature",
      "properties": {
        "@id": "node/4440987271",
        "amenity": "hospital",
        "description": "Eye Hospital",
        "healthcare": "hospital",
        "name": "Narayana Nethralaya",
        "name:kn": "ನಾರಾಯಣ ನೇತ್ರಾಲಯ"
      },
      "geometry": {
        "type": "Point",
        "coordinates": [
          77.5950098,
          12.8750879
        ]
      },
      "id": "node/4440987271"
    },
    {
      "type": "Feature",
      "properties": {
        "@id": "node/4441670838",
        "addr:city": "Bangalore",
        "addr:housenumber": "No. 65/1, 1st Floor",
        "addr:postcode": "560035",
        "addr:street": "Doddakannelli, Sarjapur Road",
        "amenity": "hospital",
        "healthcare:speciality": "general;dermatology;clinic",
        "name": "Naadi Ayurveda Center",
        "operator": "Kotakkal Arya Vaidyashala",
        "phone": "+91-9980016089"
      },
      "geometry": {
        "type": "Point",
        "coordinates": [
          77.6820003,
          12.9121008
        ]
      },
      "id": "node/4441670838"
    },
    {
      "type": "Feature",
      "properties": {
        "@id": "node/4441681632",
        "addr:city": "Bengaluru",
        "addr:postcode": "560103",
        "addr:street": "Service Rd, Agara, Iblur Village, Bellandur",
        "amenity": "hospital",
        "healthcare": "hospital",
        "name": "Kottakkal Arya Vaidya Sala",
        "phone": "+91-80 6450 4434",
        "website": "https://aryavaidyasala.com/"
      },
      "geometry": {
        "type": "Point",
        "coordinates": [
          77.6618321,
          12.9217604
        ]
      },
      "id": "node/4441681632"
    },
    {
      "type": "Feature",
      "properties": {
        "@id": "node/4441938603",
        "addr:city": "bangaluru",
        "addr:housenumber": "65",
        "addr:postcode": "560035",
        "addr:street": "Sarjapur Main Rd, Kaikondrahalli",
        "amenity": "hospital",
        "name": "The Family Doctor & The Family Pharma",
        "phone": "+91-80 2574 6204",
        "website": "https://www.thefamilydoctor.co.in/"
      },
      "geometry": {
        "type": "Point",
        "coordinates": [
          77.6818637,
          12.9122002
        ]
      },
      "id": "node/4441938603"
    },
    {
      "type": "Feature",
      "properties": {
        "@id": "node/4441961605",
        "addr:city": "Bangaluru",
        "addr:district": "Bengaluru Urban",
        "addr:full": "No. 23/24, Om Complex, 20th Main, Gangothri Circle B.T.M. 1st Stage, Bangalore",
        "addr:housenumber": "2324",
        "addr:postcode": "560029",
        "addr:state": "Karnataka",
        "addr:street": "Om Complex, 20th Main, Gangotri Circle, BTM Layout, Madiwala",
        "amenity": "hospital",
        "name": "Life Care Hospital",
        "phone": "+91-80 2684 6677",
        "source": "OpenGovernmentData",
        "website": "https://lifecarehosp.com/"
      },
      "geometry": {
        "type": "Point",
        "coordinates": [
          77.6130111,
          12.9194712
        ]
      },
      "id": "node/4441961605"
    },
    {
      "type": "Feature",
      "properties": {
        "@id": "node/4442511855",
        "addr:city": "bangalore",
        "addr:district": "Madurai",
        "addr:full": "#77, Kamarajar Salai,Arasamaram Pillaiyar Koil",
        "addr:housenumber": ".L-168",
        "addr:postcode": "625009",
        "addr:state": "Tamil Nadu",
        "addr:street": "HSR Layout Sector 6",
        "amenity": "hospital",
        "name": "Bhagavathi Hospitals Private Limited",
        "name:kn": "ಭಗವತಿ ಆಸ್ಪತ್ರೆ",
        "phone": "+91-80 4124 5860",
        "source": "OpenGovernmentData"
      },
      "geometry": {
        "type": "Point",
        "coordinates": [
          77.6311505,
          12.9161259
        ]
      },
      "id": "node/4442511855"
    },
    {
      "type": "Feature",
      "properties": {
        "@id": "node/4442516055",
        "addr:city": "bangalore",
        "addr:housenumber": "365",
        "addr:postcode": "560034",
        "addr:street": "Sulochana Building, 1st Cross Rd, 3rd Block, Sarjapura Main Road, Koramangala",
        "amenity": "hospital",
        "name": "Gunasheela Hospitals",
        "phone": "+91-80 - 4646 2626",
        "website": "http://gunasheela.co.in/"
      },
      "geometry": {
        "type": "Point",
        "coordinates": [
          77.6278708,
          12.9250105
        ]
      },
      "id": "node/4442516055"
    },
    {
      "type": "Feature",
      "properties": {
        "@id": "node/4443301971",
        "addr:city": "bangalore",
        "addr:housenumber": "5",
        "addr:postcode": "560050",
        "addr:street": "80 feet road,banashankari",
        "amenity": "hospital",
        "name": "NRS Medical & Dental Specialists Centre",
        "phone": "08026696054"
      },
      "geometry": {
        "type": "Point",
        "coordinates": [
          77.5624888,
          12.9151071
        ]
      },
      "id": "node/4443301971"
    },
    {
      "type": "Feature",
      "properties": {
        "@id": "node/4444988626",
        "addr:city": "bangalore",
        "addr:housenumber": "#349/352/6/1/1",
        "addr:postcode": "560070",
        "addr:street": "Main Road, Chandra Layout, Vijayanagar,",
        "amenity": "hospital",
        "healthcare": "hospital",
        "name": "Anurag Medical Centre"
      },
      "geometry": {
        "type": "Point",
        "coordinates": [
          77.6049776,
          12.9060641
        ]
      },
      "id": "node/4444988626"
    },
    {
      "type": "Feature",
      "properties": {
        "@id": "node/4444989840",
        "addr:city": "bangalore",
        "addr:housenumber": "11/2",
        "addr:postcode": "560079",
        "addr:street": "Magadi Main Road",
        "amenity": "hospital",
        "name": "Sarvodaya Hospital",
        "name:kn": "ಸರ್ವೋದಯ ಆಸ್ಪತ್ರೆ",
        "phone": "098440 74946"
      },
      "geometry": {
        "type": "Point",
        "coordinates": [
          77.5619057,
          12.9390944
        ]
      },
      "id": "node/4444989840"
    },
    {
      "type": "Feature",
      "properties": {
        "@id": "node/4445139977",
        "addr:city": "Bangalore",
        "addr:housenumber": "58/1",
        "addr:postcode": "560008",
        "addr:street": "3rd main shridi sai baba mandir road, Cambridge layout halasuru",
        "amenity": "hospital",
        "name": "Indianova Healthcare Pvt Ltd",
        "phone": "+9197390 07505",
        "website": "indianovahealthcare.com"
      },
      "geometry": {
        "type": "Point",
        "coordinates": [
          77.63022,
          12.9703581
        ]
      },
      "id": "node/4445139977"
    },
    {
      "type": "Feature",
      "properties": {
        "@id": "node/4445163720",
        "addr:city": "Bangalore",
        "addr:housenumber": "817/744",
        "addr:postcode": "560067,",
        "addr:street": "Kk White Castle Apartment, Vijaya Lakshmi Colony, Kumbena Agaraha Main Rd, Kadugodi",
        "amenity": "hospital",
        "name": "Sky Diagnostic Centre kumbena agrahara",
        "phone": "08033051529"
      },
      "geometry": {
        "type": "Point",
        "coordinates": [
          77.7548105,
          12.9977711
        ]
      },
      "id": "node/4445163720"
    },
    {
      "type": "Feature",
      "properties": {
        "@id": "node/4445167354",
        "addr:city": "Bangalore",
        "addr:postcode": "560034",
        "addr:street": "Sarjapur Main Rd, Bellandur",
        "amenity": "hospital",
        "healthcare": "hospital",
        "name": "Dr Rachna - Homeopathy",
        "phone": "+9195909 10963"
      },
      "geometry": {
        "type": "Point",
        "coordinates": [
          77.6691258,
          12.9179831
        ]
      },
      "id": "node/4445167354"
    },
    {
      "type": "Feature",
      "properties": {
        "@id": "node/4445179843",
        "addr:city": "Bangalore",
        "addr:housenumber": "No.30",
        "addr:postcode": "560064",
        "addr:street": "Thanisandra Main Road, Chokkanahalli",
        "amenity": "hospital",
        "name": "Regal Hospital",
        "phone": "08033082383",
        "website": "https://regalhospital.com/"
      },
      "geometry": {
        "type": "Point",
        "coordinates": [
          77.6347174,
          13.0830463
        ]
      },
      "id": "node/4445179843"
    },
    {
      "type": "Feature",
      "properties": {
        "@id": "node/4445183934",
        "addr:city": "Bengaluru",
        "addr:housenumber": "53",
        "addr:postcode": "560049",
        "addr:street": "Near Sathya Sai Lake Side Hospital, 3rd Main, Vinayaka Layout, Old Madras Road, Battarahalli, K.R. Puram, Vidya Nagar, Krishnarajapuram",
        "amenity": "hospital",
        "name": "Thyrocare",
        "phone": "080 6568 0365"
      },
      "geometry": {
        "type": "Point",
        "coordinates": [
          77.7033173,
          13.0158543
        ]
      },
      "id": "node/4445183934"
    },
    {
      "type": "Feature",
      "properties": {
        "@id": "node/4445213681",
        "addr:city": "Bangalore",
        "addr:housenumber": "65/8",
        "addr:postcode": "560102",
        "addr:street": "Third Floor, H.S.R Agara Circle, Sarjapura, Outer Ring Rd, Agara Village, HSR Layout,",
        "amenity": "hospital",
        "healthcare": "hospital",
        "name": "Welnext",
        "phone": "+9196960 00222",
        "website": "https://welnext.com/"
      },
      "geometry": {
        "type": "Point",
        "coordinates": [
          77.6545058,
          12.9240063
        ]
      },
      "id": "node/4445213681"
    },
    {
      "type": "Feature",
      "properties": {
        "@id": "node/4445356902",
        "addr:city": "Bangalore",
        "addr:postcode": "560040",
        "addr:street": "17th Cross Rd, Service Road, Opp. Maruthi Mandir, TTMC Bus Stop, Govindaraja Nagar Ward, PF Layout, Vijayanagar",
        "amenity": "hospital",
        "healthcare": "hospital",
        "name": "Employees State Insurance Dispensary",
        "operator": "Employees' State Insurance",
        "operator:short": "ESI",
        "operator:type": "private",
        "operator:wikidata": "Q3595726",
        "phone": "080 2845 2785",
        "website": "globalhospitalsindia.com"
      },
      "geometry": {
        "type": "Point",
        "coordinates": [
          77.5349228,
          12.966771
        ]
      },
      "id": "node/4445356902"
    },
    {
      "type": "Feature",
      "properties": {
        "@id": "node/4445397516",
        "addr:city": "Bangalore",
        "addr:district": "Bengaluru Urban",
        "addr:full": "No: 2, Sirur Park Road (Behind Natraja Theatre) Seshadripuram",
        "addr:housenumber": "191/1",
        "addr:postcode": "560020",
        "addr:state": "Karnataka",
        "addr:street": ", 2nd cross, Link Road, Malleswaram",
        "amenity": "hospital",
        "name": "Dr Solankis Eye Hospital",
        "phone": "080 2356 2211",
        "source": "OpenGovernmentData"
      },
      "geometry": {
        "type": "Point",
        "coordinates": [
          77.5738144,
          12.9951627
        ]
      },
      "id": "node/4445397516"
    },
    {
      "type": "Feature",
      "properties": {
        "@id": "node/4445430292",
        "addr:city": "bangalore",
        "addr:housenumber": "316",
        "addr:postcode": "560003",
        "addr:street": "3rd Flr, Srikrupa, Nxt To Adiga Hotel, 15th Crs, Sampige Mn Rd, Malleswaram",
        "amenity": "hospital",
        "healthcare": "hospital",
        "name": "Sri Sanjeevini Cold Laser Therapy",
        "phone": "080663 79862"
      },
      "geometry": {
        "type": "Point",
        "coordinates": [
          77.5713352,
          13.0053923
        ]
      },
      "id": "node/4445430292"
    },
    {
      "type": "Feature",
      "properties": {
        "@id": "node/4445578787",
        "addr:city": "bangalore",
        "addr:postcode": "560075",
        "addr:street": "Indiranagar 80ft Road, New Thippasandra, Hal 3rd Stage, Via Indira Nagar 80ft Road",
        "amenity": "hospital",
        "healthcare": "hospital",
        "name": "Dr. Bhargavi Reddy Women & Children Hospital",
        "phone": "080 2525 6666",
        "website": "https://drbhargavireddyhospital.com"
      },
      "geometry": {
        "type": "Point",
        "coordinates": [
          77.6470594,
          12.975403
        ]
      },
      "id": "node/4445578787"
    },
    {
      "type": "Feature",
      "properties": {
        "@id": "node/4445586944",
        "addr:city": "BENGALURU",
        "addr:housenumber": "321",
        "addr:postcode": "560038",
        "addr:street": "6th Main Road, HAL 2nd Stage, Indira Nagar",
        "amenity": "hospital",
        "healthcare": "hospital",
        "name": "Axon Speciality Hospital",
        "phone": "080 4334 6333"
      },
      "geometry": {
        "type": "Point",
        "coordinates": [
          77.6460904,
          12.973892
        ]
      },
      "id": "node/4445586944"
    },
    {
      "type": "Feature",
      "properties": {
        "@id": "node/4445660067",
        "addr:city": "Bangalore",
        "addr:housenumber": "#56/2",
        "addr:postcode": "560048",
        "addr:street": "ORR Service Road, Shiva Ganga Layout, B Narayanapura, Mahadevapura",
        "amenity": "hospital",
        "name": "Bright Children's Clinic",
        "phone": "+9178994 22511"
      },
      "geometry": {
        "type": "Point",
        "coordinates": [
          77.689783,
          12.9891818
        ]
      },
      "id": "node/4445660067"
    },
    {
      "type": "Feature",
      "properties": {
        "@id": "node/4445886952",
        "addr:city": "Bangalore",
        "addr:postcode": "560032",
        "addr:street": "Sultanpalya Main Road, Near-Bus Stand, R T Nagar",
        "amenity": "hospital",
        "name": "Sanjeevini Children & Women Clinic",
        "phone": "080 2292 4422"
      },
      "geometry": {
        "type": "Point",
        "coordinates": [
          77.6023154,
          13.0316481
        ]
      },
      "id": "node/4445886952"
    },
    {
      "type": "Feature",
      "properties": {
        "@id": "node/4445955282",
        "addr:city": "BANGALORE",
        "addr:housenumber": "914, 5th A Cross Road",
        "addr:postcode": "560043",
        "addr:street": "Outer Ring Road",
        "amenity": "hospital",
        "emergency": "yes",
        "name": "Procare Hospital",
        "phone": "080 4162 0620",
        "website": "080 4162 0620"
      },
      "geometry": {
        "type": "Point",
        "coordinates": [
          77.6512682,
          13.0203944
        ]
      },
      "id": "node/4445955282"
    },
    {
      "type": "Feature",
      "properties": {
        "@id": "node/4445973784",
        "addr:city": "Bangalore",
        "addr:housenumber": "2nd Cross Rd",
        "addr:postcode": "560076",
        "addr:street": "Bannerghatta Road",
        "amenity": "hospital",
        "emergency": "yes",
        "name": "Parimala Health Care",
        "phone": "080 2658 3117"
      },
      "geometry": {
        "type": "Point",
        "coordinates": [
          77.6008061,
          12.9003193
        ]
      },
      "id": "node/4445973784"
    },
    {
      "type": "Feature",
      "properties": {
        "@id": "node/4445986377",
        "addr:city": "K.R Puram, Bangalore",
        "addr:district": "Bengaluru Urban",
        "addr:full": "No. 107 / 2, Nishvasahaa Centre, Opposite Traffic Police Station Road, Old Madras Road, Krishnaparajapuram",
        "addr:housenumber": "107/2,",
        "addr:postcode": "560036",
        "addr:state": "Karnataka",
        "addr:street": "Old Madras Road",
        "amenity": "hospital",
        "emergency": "yes",
        "name": "Sriram Hospital, Bangalore",
        "phone": "080 2561 0988",
        "source": "OpenGovernmentData"
      },
      "geometry": {
        "type": "Point",
        "coordinates": [
          77.6939806,
          13.0087504
        ]
      },
      "id": "node/4445986377"
    },
    {
      "type": "Feature",
      "properties": {
        "@id": "node/4445998037",
        "addr:city": "Bangalore",
        "addr:housenumber": "#301",
        "addr:postcode": "560036",
        "addr:street": "3rd Main Road, Old Extension, Krishnarajapuram, Near Indane Gas",
        "amenity": "hospital",
        "emergency": "yes",
        "name": "K R Puram Super Speciality Hospital",
        "phone": "080 2561 7799",
        "source": "http://www.bangalorean.co.in/",
        "website": "aaxishospitals.com"
      },
      "geometry": {
        "type": "Point",
        "coordinates": [
          77.6935975,
          13.0110115
        ]
      },
      "id": "node/4445998037"
    },
    {
      "type": "Feature",
      "properties": {
        "@id": "node/4446018021",
        "addr:city": "Bangalore",
        "addr:district": "Bengaluru Urban",
        "addr:full": "Devasandram Main Road Enterance, Krishnarajapuram",
        "addr:postcode": "560036",
        "addr:state": "Karnataka",
        "addr:street": "Devasandra Main Road, Krishnarajapuram",
        "amenity": "hospital",
        "name": "Maithri Nursing Home",
        "phone": "+918025611928",
        "source": "http://www.bangalorean.co.in/"
      },
      "geometry": {
        "type": "Point",
        "coordinates": [
          77.7036425,
          13.0048396
        ]
      },
      "id": "node/4446018021"
    },
    {
      "type": "Feature",
      "properties": {
        "@id": "node/4446268170",
        "addr:city": "Bangalore",
        "addr:housenumber": "2989/1A",
        "addr:postcode": "560038",
        "addr:street": "12th Main, HAL II Stage, Indiranagar",
        "amenity": "hospital",
        "healthcare": "hospital",
        "phone": "080 4530 0300",
        "website": "https://www.nightingales.in/"
      },
      "geometry": {
        "type": "Point",
        "coordinates": [
          77.6468603,
          12.9702741
        ]
      },
      "id": "node/4446268170"
    },
    {
      "type": "Feature",
      "properties": {
        "@id": "node/4446285519",
        "addr:city": "bangalore",
        "addr:district": "Bengaluru Urban",
        "addr:full": "17-1, Sepings Road Cross,Arunachala Mudaliar Road, Shivajinagar,Cole's Park- Taj Hotel",
        "addr:postcode": "560001",
        "addr:state": "Karnataka",
        "addr:street": "AM Road, Bharati Nagar, Shivaji Nagar",
        "amenity": "hospital",
        "name": "Medic Star Hospital",
        "phone": "080 2554 1337",
        "source": "OpenGovernmentData"
      },
      "geometry": {
        "type": "Point",
        "coordinates": [
          77.6093097,
          12.9876871
        ]
      },
      "id": "node/4446285519"
    },
    {
      "type": "Feature",
      "properties": {
        "@id": "node/4446289881",
        "addr:city": "bangalore",
        "addr:postcode": "560051",
        "addr:street": "Tasker Town, Near-KSPCB Limited, Shivaji Nagar, Sulthangunta, Shivaji Nagar",
        "amenity": "hospital",
        "name": "Hsis Gosha Hospital",
        "phone": "\"080 2286 6529"
      },
      "geometry": {
        "type": "Point",
        "coordinates": [
          77.6058578,
          12.9856985
        ]
      },
      "id": "node/4446289881"
    },
    {
      "type": "Feature",
      "properties": {
        "@id": "node/4446300155",
        "addr:city": "bangalore",
        "addr:district": "Bengaluru Urban",
        "addr:full": "No. 6 / 1, Promenade Road, Behind Coles Park, Near Goodwill School",
        "addr:housenumber": "6/1",
        "addr:postcode": "560005",
        "addr:state": "Karnataka",
        "addr:street": "Promenade Road, Near Coles Park, Frazer Town",
        "amenity": "hospital",
        "check_date": "2024-12-29",
        "name": "Santosh Hospital",
        "name:kn": "ಸಂತೋಷ ಆಸ್ಪತ್ರೆ",
        "phone": "080 2536 7706",
        "source": "OpenGovernmentData",
        "website": "https://santoshhealthcare.com/"
      },
      "geometry": {
        "type": "Point",
        "coordinates": [
          77.6082575,
          12.9959413
        ]
      },
      "id": "node/4446300155"
    },
    {
      "type": "Feature",
      "properties": {
        "@id": "node/4446312027",
        "addr:city": "bangalore",
        "addr:postcode": "560001",
        "addr:street": "St Johns Church Rd, Bharati Nagar, Shivaji Nagar",
        "amenity": "hospital",
        "name": "Hospital",
        "phone": "+9193411 44150",
        "website": "https://www.mirlayeyecare.com/"
      },
      "geometry": {
        "type": "Point",
        "coordinates": [
          77.6117329,
          12.9914123
        ]
      },
      "id": "node/4446312027"
    },
    {
      "type": "Feature",
      "properties": {
        "@id": "node/4446322688",
        "addr:city": "Bengaluru",
        "addr:postcode": "560076",
        "addr:street": "7th Cross, 35th Main, BTM 2nd Stage,, Adjacent DSR Naveen Lake View Apartments, Karnataka",
        "amenity": "hospital",
        "name": "Keva Ayurveda Health Care Pvt Ltd",
        "phone": "080508 01515",
        "website": "https://kevaayurveda.com/"
      },
      "geometry": {
        "type": "Point",
        "coordinates": [
          77.6201668,
          12.9127062
        ]
      },
      "id": "node/4446322688"
    },
    {
      "type": "Feature",
      "properties": {
        "@id": "node/4446329807",
        "addr:city": "Bengaluru",
        "addr:district": "Bengaluru Urban",
        "addr:full": "230, Amarjyothi Layout, Off.Intermediate Ring Road, Domlur Extension",
        "addr:housenumber": "230",
        "addr:postcode": "560071",
        "addr:state": "Karnataka",
        "addr:street": "Amarjyothi Layout, Off Intermediate Ring Road, Near Dell India/Millennium Motors, Domlur Extension, Amarjyoti Layout, Domlur, Karnataka",
        "amenity": "hospital",
        "email": "info@ayurvaid.com",
        "name": "Ayurvaid Hospital",
        "operator:type": "private",
        "phone": "080 4092 5555",
        "source": "OpenGovernmentData",
        "website": "https://ayurvaid.com/"
      },
      "geometry": {
        "type": "Point",
        "coordinates": [
          77.6428508,
          12.9552696
        ]
      },
      "id": "node/4446329807"
    },
    {
      "type": "Feature",
      "properties": {
        "@id": "node/4446341278",
        "addr:city": "bangalore",
        "addr:postcode": "560051",
        "addr:street": "Sultan Gunta,, Cock Burn Rd, Sulthangunta, Shivaji Nagar",
        "amenity": "hospital",
        "name": "H B S Hospital",
        "phone": "080 2554 1321"
      },
      "geometry": {
        "type": "Point",
        "coordinates": [
          77.6037864,
          12.9891941
        ]
      },
      "id": "node/4446341278"
    },
    {
      "type": "Feature",
      "properties": {
        "@id": "node/4446346449",
        "addr:city": "Bangalore",
        "addr:housenumber": "5",
        "addr:postcode": "560001",
        "addr:street": "Nrupathunga Rd, RBI Colony, Sampangi Rama Nagar",
        "amenity": "hospital",
        "name": "St. Martha's Heart Centre",
        "phone": "+9195380 43453",
        "website": "locations.narayanahealth.org"
      },
      "geometry": {
        "type": "Point",
        "coordinates": [
          77.5834769,
          12.9705436
        ]
      },
      "id": "node/4446346449"
    },
    {
      "type": "Feature",
      "properties": {
        "@id": "node/4446502570",
        "addr:city": "bangalore",
        "addr:district": "Bengaluru Urban",
        "addr:postcode": "560054",
        "addr:state": "Karnataka",
        "addr:street": "#426/12, 2 Cross,Mathikere Layout,Behind Canara Bank",
        "amenity": "hospital",
        "name": "Sumathi Nursing and Maternity Home",
        "phone": "+9180 2337 2762"
      },
      "geometry": {
        "type": "Point",
        "coordinates": [
          77.5582602,
          13.0325717
        ]
      },
      "id": "node/4446502570"
    },
    {
      "type": "Feature",
      "properties": {
        "@id": "node/4446518811",
        "addr:city": "Bangalore",
        "addr:housenumber": "6/6",
        "addr:postcode": "560001",
        "addr:street": "Kumarakrupa Road, High Grounds, Madhava Nagar, Gandhi Nagar",
        "amenity": "hospital",
        "name": "Desai Nursing Home",
        "phone": "+9180 2226 0307"
      },
      "geometry": {
        "type": "Point",
        "coordinates": [
          77.5793154,
          12.9863736
        ]
      },
      "id": "node/4446518811"
    },
    {
      "type": "Feature",
      "properties": {
        "@id": "node/4446664412",
        "addr:city": "bangalore",
        "addr:housenumber": "111",
        "addr:postcode": "560010",
        "addr:street": "West of Chord Road,, Opp Rajajinagar 1st Block Junction",
        "amenity": "hospital",
        "name": "Fortis Hospital",
        "name:kn": "ಫೋರ್ಟಿಸ್ ಆಸ್ಪತ್ರೆ",
        "phone": "080-2300-4444",
        "website": "fortisbangalore.com"
      },
      "geometry": {
        "type": "Point",
        "coordinates": [
          77.5548179,
          12.9881648
        ]
      },
      "id": "node/4446664412"
    },
    {
      "type": "Feature",
      "properties": {
        "@id": "node/4446826362",
        "addr:city": "Bengaluru",
        "addr:housenumber": "149",
        "addr:postcode": "560034",
        "addr:street": "HSR Ring Road, 5th Sector , HSR Layout, Karnataka",
        "amenity": "hospital",
        "name": "Healing Earth Multispeciality Ayurveda Hospital",
        "phone": "080674 75757",
        "website": "https://www.healingearth.co.in/"
      },
      "geometry": {
        "type": "Point",
        "coordinates": [
          77.6361865,
          12.9165359
        ]
      },
      "id": "node/4446826362"
    },
    {
      "type": "Feature",
      "properties": {
        "@id": "node/4446833350",
        "addr:city": "Bengaluru",
        "addr:housenumber": "149",
        "addr:postcode": "560034",
        "addr:street": "HSR Ring Road, 5th Sector , HSR Layout, Jakkasandra, 1st Block Koramangala, HSR Layout, Karnataka",
        "amenity": "hospital",
        "name": "Global Ayurveda Multispeciality Hospital",
        "phone": "080674 75757",
        "website": "https://www.healingearth.co.in/"
      },
      "geometry": {
        "type": "Point",
        "coordinates": [
          77.6362187,
          12.9165795
        ]
      },
      "id": "node/4446833350"
    },
    {
      "type": "Feature",
      "properties": {
        "@id": "node/4446840727",
        "addr:city": "Bengaluru",
        "addr:housenumber": "311-B",
        "addr:postcode": "560076",
        "addr:street": "12th Main Road, Behind Ingu Tengu Restaurant, Off Bannerghatta Road, Shantiniketan Layout, Karnataka",
        "amenity": "hospital",
        "name": "Brahmi Ayurvedic Center",
        "phone": "+9190086 54547",
        "website": "brahmi-ayurveda.com"
      },
      "geometry": {
        "type": "Point",
        "coordinates": [
          77.6073285,
          12.8830054
        ]
      },
      "id": "node/4446840727"
    },
    {
      "type": "Feature",
      "properties": {
        "@id": "node/4446849884",
        "addr:city": "Bengaluru",
        "addr:housenumber": "101",
        "addr:postcode": "560034",
        "addr:street": "KAY ARR CORNER STONE 2nd Floor 80 Feet Road 4th Block, Koramangala,Karnataka",
        "amenity": "hospital",
        "healthcare": "hospital",
        "name": "Fj Merrit Hydrotherapy And Wellness",
        "phone": "080 4095 1282"
      },
      "geometry": {
        "type": "Point",
        "coordinates": [
          77.6299785,
          12.9344224
        ]
      },
      "id": "node/4446849884"
    },
    {
      "type": "Feature",
      "properties": {
        "@id": "node/4446852004",
        "addr:city": "Bengaluru",
        "addr:housenumber": "57",
        "addr:postcode": "560029",
        "addr:street": "8th B Main Road, BTM Layout 1st Stage, KEB Colony, New Gurappana Palya, BTM Layout 1, Karnataka",
        "amenity": "hospital",
        "name": "Vedam Ayurveda Multispeciality Hospital",
        "phone": "080 4120 2911",
        "website": "https://vedamayurveda.co.in/"
      },
      "geometry": {
        "type": "Point",
        "coordinates": [
          77.6039486,
          12.9175511
        ]
      },
      "id": "node/4446852004"
    },
    {
      "type": "Feature",
      "properties": {
        "@id": "node/4446857201",
        "addr:city": "Bengaluru",
        "addr:housenumber": "3718",
        "addr:postcode": "560008",
        "addr:street": "10th Cross Rd, Doopanahalli, Indiranagar, Karnataka",
        "amenity": "hospital",
        "name": "Ayur jagruti",
        "phone": "+9196633 81398",
        "website": "facebook.com"
      },
      "geometry": {
        "type": "Point",
        "coordinates": [
          77.6378289,
          12.9667253
        ]
      },
      "id": "node/4446857201"
    },
    {
      "type": "Feature",
      "properties": {
        "@id": "node/4446876066",
        "addr:city": "Bangalore",
        "addr:housenumber": "714",
        "addr:postcode": "560043",
        "addr:street": "4th B Cross, 7th A Main, 1st Block, HRBR Layout, Kalyan Nagar",
        "amenity": "hospital",
        "name": "Herbocare Hospital Pvt",
        "phone": "+9174064 30003",
        "website": "herbocare.info"
      },
      "geometry": {
        "type": "Point",
        "coordinates": [
          77.6440607,
          13.0204424
        ]
      },
      "id": "node/4446876066"
    },
    {
      "type": "Feature",
      "properties": {
        "@id": "node/4446881168",
        "addr:city": "Bangalore",
        "addr:housenumber": "5",
        "addr:postcode": "560050",
        "addr:street": "80 Feet Road, 1st Stage, Srinivasa Nagar, Banashankari",
        "amenity": "hospital",
        "name": "\" NRS Medical & Dental Specialists Centre\"",
        "phone": "080-26696054"
      },
      "geometry": {
        "type": "Point",
        "coordinates": [
          77.5573329,
          12.9378359
        ]
      },
      "id": "node/4446881168"
    },
    {
      "type": "Feature",
      "properties": {
        "@id": "node/4446887432",
        "addr:city": "bangalore",
        "addr:housenumber": "34/1 B",
        "addr:postcode": "560067",
        "addr:street": "First Floor Above Dominos Pizza Opposite Sai Baba Ashram Kadugodi, Kadugodi",
        "amenity": "hospital",
        "name": "Tele Rad RX DX Health care Pvt Ltd",
        "phone": "080 4926 1111",
        "website": "https://rxdx.in/"
      },
      "geometry": {
        "type": "Point",
        "coordinates": [
          77.7575636,
          12.9992982
        ]
      },
      "id": "node/4446887432"
    },
    {
      "type": "Feature",
      "properties": {
        "@id": "node/4446891375",
        "addr:city": "bangalore",
        "addr:district": "Bengaluru Urban",
        "addr:housenumber": "60",
        "addr:postcode": "560050",
        "addr:state": "Karnataka",
        "addr:street": "2nd Main, Bsk 1st Stage, 80 Feet Road, Srinivasa Nagar,Sree Manjunatha Temple Street",
        "amenity": "hospital",
        "name": "Chiranjeevi Hospital & Maternity Home",
        "phone": "080 2691 7676",
        "source": "OpenGovernmentData"
      },
      "geometry": {
        "type": "Point",
        "coordinates": [
          77.5518394,
          12.9386994
        ]
      },
      "id": "node/4446891375"
    },
    {
      "type": "Feature",
      "properties": {
        "@id": "node/4446893667",
        "addr:city": "bangalore",
        "addr:district": "Bengaluru Urban",
        "addr:full": "110, 1st Main, Sbm Colony, Bsk 1st Stage Hanumantha Nagar",
        "addr:housenumber": "110",
        "addr:postcode": "560050",
        "addr:state": "Karnataka",
        "addr:street": "State Bank Of Mysore Colony, 1st Stage,80 Feet Road,, Banashankari",
        "amenity": "hospital",
        "name": "Vinayaka Hospital, Hanumantha Nagar",
        "operator:type": "private",
        "phone": "080 2679 6167",
        "source": "OpenGovernmentData",
        "website": "http://dpal.kar.nic.in/Kanunu%20padakosha%20PDF%20Files/Recognised%20Hospitals.pdf"
      },
      "geometry": {
        "type": "Point",
        "coordinates": [
          77.5494778,
          12.9373748
        ]
      },
      "id": "node/4446893667"
    },
    {
      "type": "Feature",
      "properties": {
        "@id": "node/4446894388",
        "addr:city": "Banglore",
        "addr:housenumber": "788",
        "addr:postcode": "560050",
        "addr:street": "11th Cross, 2nd Main, 80ft Main Road, SBM Colony, Giri Nagar 4th Phase",
        "amenity": "hospital",
        "name": "Diavista Diabetes & Multispeciality Hospital",
        "phone": "080 4096 9392",
        "source": "justdail",
        "website": "diavista.co.in"
      },
      "geometry": {
        "type": "Point",
        "coordinates": [
          77.5477956,
          12.9354293
        ]
      },
      "id": "node/4446894388"
    },
    {
      "type": "Feature",
      "properties": {
        "@id": "node/4446897063",
        "addr:city": "Bengaluru",
        "addr:housenumber": "979/A",
        "addr:postcode": "560085",
        "addr:street": "50 Feet Road",
        "amenity": "hospital",
        "name": "Meenakshi Hospital",
        "name:kn": "ಮೀನಾಕ್ಷಿ ಆಸ್ಪತ್ರೆ",
        "phone": "+918026755800"
      },
      "geometry": {
        "type": "Point",
        "coordinates": [
          77.553698,
          12.9420715
        ]
      },
      "id": "node/4446897063"
    },
    {
      "type": "Feature",
      "properties": {
        "@id": "node/4446899253",
        "addr:city": "bangalore",
        "addr:district": "Bengaluru Urban",
        "addr:full": "#795/1, 9Th Main ,Bsk 1st, Stage,2nd Block,Hanumantha Nagar",
        "addr:housenumber": "795/1",
        "addr:postcode": "560050",
        "addr:state": "Karnataka",
        "addr:street": "9th Main, 2nd Block, Hanumantha Nagar, Near-Shaneshwara Temple Road, Banashankari 1st Stage",
        "amenity": "hospital",
        "name": "Medi-Tech Multi Speciality Hospital",
        "phone": "080 2660 2910",
        "source": "OpenGovernmentData"
      },
      "geometry": {
        "type": "Point",
        "coordinates": [
          77.5603657,
          12.9408667
        ]
      },
      "id": "node/4446899253"
    },
    {
      "type": "Feature",
      "properties": {
        "@id": "node/4446900247",
        "addr:city": "bangalore",
        "addr:housenumber": "237/37",
        "addr:postcode": "560050",
        "addr:street": "Nagendra Block, 50ft Road, 10th Main Rd, Srinagar, Banashankari",
        "amenity": "hospital",
        "name": "Kusuma Hospital",
        "phone": "080 2642 1177",
        "source": "justdail"
      },
      "geometry": {
        "type": "Point",
        "coordinates": [
          77.5506918,
          12.9420124
        ]
      },
      "id": "node/4446900247"
    },
    {
      "type": "Feature",
      "properties": {
        "@id": "node/4446907220",
        "addr:city": "Bangalore",
        "addr:housenumber": "165",
        "addr:postcode": "560085",
        "addr:street": "1st Main Road, Kathreguppe Cross Road, Kathreguppe, Banashankari 3rd Stage",
        "amenity": "hospital",
        "name": "Ring Road Hospital",
        "phone": "080 2679 7040",
        "source": "just dial"
      },
      "geometry": {
        "type": "Point",
        "coordinates": [
          77.5516293,
          12.9274553
        ]
      },
      "id": "node/4446907220"
    },
    {
      "type": "Feature",
      "properties": {
        "@id": "node/4446907712",
        "addr:city": "bangalore",
        "addr:housenumber": "5/8/1",
        "addr:postcode": "560085",
        "addr:street": "20th Main Road, Muneshwara Block, Girinagar, 1st phase Girinagar, Kadavanthra, Banashankari",
        "amenity": "hospital",
        "name": "Pulse Multispecialty Hospital",
        "phone": "080 2672 4466",
        "source": "just dial"
      },
      "geometry": {
        "type": "Point",
        "coordinates": [
          77.5438808,
          12.9389007
        ]
      },
      "id": "node/4446907712"
    },
    {
      "type": "Feature",
      "properties": {
        "@id": "node/4446909294",
        "addr:city": "bangalore",
        "addr:housenumber": "103,994",
        "addr:postcode": "560085",
        "addr:street": ",2nd Main,1st Block,4th Phase,Kathriguppe,BSK 3rd Stage, Water Tank Road, Banashankari",
        "amenity": "hospital",
        "name": "Surya Galaxy Hospital",
        "phone": "080 2642 1051",
        "source": "just dial"
      },
      "geometry": {
        "type": "Point",
        "coordinates": [
          77.5450887,
          12.9316792
        ]
      },
      "id": "node/4446909294"
    },
    {
      "type": "Feature",
      "properties": {
        "@id": "node/4446915481",
        "addr:city": "Bengaluru",
        "addr:full": "Sai Harsha Towers, 2nd floor, Opp Forum Value Mall, Above HDFC Bank,, Whitefield Main Road",
        "addr:housenumber": "#183",
        "addr:postcode": "560066",
        "addr:street": "Whitefield Main Road",
        "amenity": "hospital",
        "emergency": "yes",
        "healthcare": "hospital",
        "name": "Wellness Ever",
        "phone": "095919 89220",
        "source": "http://bestofhealthindia.com/",
        "website": "https://wellnessever.com/"
      },
      "geometry": {
        "type": "Point",
        "coordinates": [
          77.7461682,
          12.9593576
        ]
      },
      "id": "node/4446915481"
    },
    {
      "type": "Feature",
      "properties": {
        "@id": "node/4446919794",
        "addr:city": "Bengaluru",
        "addr:housenumber": "32",
        "addr:postcode": "560066",
        "addr:street": "MCC Tower, Opposite Sigma Tech Park, Varthur Kodi, Varthur Main Rd, Ramagondanahalli, Whitefield",
        "amenity": "hospital",
        "emergency": "yes",
        "healthcare": "hospital",
        "name": "Hair Loss Treatment in Bangalore - Hairline International",
        "phone": "091488 74972",
        "source": "http://www.bangalorean.co.in/",
        "website": "hairline.in"
      },
      "geometry": {
        "type": "Point",
        "coordinates": [
          77.7419283,
          12.9566858
        ]
      },
      "id": "node/4446919794"
    },
    {
      "type": "Feature",
      "properties": {
        "@id": "node/4446924573",
        "addr:city": "Bangalore",
        "addr:housenumber": "#1478/1",
        "addr:postcode": "560029",
        "addr:street": "Hosur Road, Madiwala, Venkateshwara Layout, Sadduguntepalya",
        "amenity": "hospital",
        "emergency": "yes",
        "healthcare": "hospital",
        "name": "Surya Diagnostics and Health Services",
        "phone": "080 2552 6667",
        "source": "http://www.bangalorean.co.in/"
      },
      "geometry": {
        "type": "Point",
        "coordinates": [
          77.6170883,
          12.9242825
        ]
      },
      "id": "node/4446924573"
    },
    {
      "type": "Feature",
      "properties": {
        "@id": "node/4446927760",
        "addr:city": "Bangalore",
        "addr:housenumber": "107/2",
        "addr:postcode": "560036",
        "addr:street": "3rd Floor, Nishvasaha Centre, Opp. Traffic Police, Old Madras Road, K.R.Puram",
        "amenity": "hospital",
        "emergency": "yes",
        "name": "Nimi dental bangalore",
        "phone": "080 2561 9979",
        "source": "http://yellowpages.sulekha.com/",
        "website": "https://practo.com/"
      },
      "geometry": {
        "type": "Point",
        "coordinates": [
          77.6918556,
          13.0090882
        ]
      },
      "id": "node/4446927760"
    },
    {
      "type": "Feature",
      "properties": {
        "@id": "node/4446938197",
        "addr:city": "Bangalore",
        "addr:postcode": "560067",
        "addr:street": "Opposite Whitefield Railway Station, Kadugodi",
        "amenity": "hospital",
        "emergency": "yes",
        "name": "New Life Hospital bangalore",
        "phone": "080 4954 0540",
        "source": "http://www.justdial.com/Bangalore/",
        "website": "https://newlifehospital.in/"
      },
      "geometry": {
        "type": "Point",
        "coordinates": [
          77.7591252,
          12.9967611
        ]
      },
      "id": "node/4446938197"
    },
    {
      "type": "Feature",
      "properties": {
        "@id": "node/4447003711",
        "addr:city": "bangalore",
        "addr:housenumber": "62",
        "addr:street": "Millers Rd, Cantonment Railway Quarters",
        "amenity": "hospital",
        "name": "Ayushman Ayurvedic therapy centre",
        "phone": "+91 95356 68668",
        "source": "www.justdial.com",
        "website": "ayushmanayurvedic.com"
      },
      "geometry": {
        "type": "Point",
        "coordinates": [
          77.6023871,
          12.9946163
        ]
      },
      "id": "node/4447003711"
    },
    {
      "type": "Feature",
      "properties": {
        "@id": "node/4447009524",
        "addr:city": "Bangalore",
        "addr:housenumber": "877",
        "addr:postcode": "560010",
        "addr:street": "Dr. Modi Hospital Road, 2nd stage extension",
        "amenity": "hospital",
        "name": "Pristine Hospital",
        "name:kn": "ಪ್ರಿಸ್ಟೀನ್ ಆಸ್ಪತ್ರೆ",
        "phone": "+9180 4135 4444",
        "source": "www.justdial.com",
        "website": "pristinehospitals.com"
      },
      "geometry": {
        "type": "Point",
        "coordinates": [
          77.5403887,
          12.9984229
        ]
      },
      "id": "node/4447009524"
    },
    {
      "type": "Feature",
      "properties": {
        "@id": "node/4447013195",
        "addr:city": "Bangalore",
        "addr:district": "Bengaluru Urban",
        "addr:full": "#1222, 80, Feet Road, Chandra Layout",
        "addr:housenumber": "1222",
        "addr:postcode": "560040",
        "addr:state": "Karnataka",
        "addr:street": "14th Main Road",
        "amenity": "hospital",
        "healthcare": "hospital",
        "name": "Sri Vinayaka Hospital",
        "phone": "080 2339 8062",
        "source": "OpenGovernmentData"
      },
      "geometry": {
        "type": "Point",
        "coordinates": [
          77.5276466,
          12.9575029
        ]
      },
      "id": "node/4447013195"
    },
    {
      "type": "Feature",
      "properties": {
        "@id": "node/4447015118",
        "addr:city": "Bangalore",
        "addr:postcode": "560040",
        "addr:street": "14th Main Road",
        "amenity": "hospital",
        "healthcare": "hospital",
        "name": "Shathayu Ayurveda Wellness Centre",
        "phone": "+91 8040999110"
      },
      "geometry": {
        "type": "Point",
        "coordinates": [
          77.5276882,
          12.9573897
        ]
      },
      "id": "node/4447015118"
    },
    {
      "type": "Feature",
      "properties": {
        "@id": "node/4447072265",
        "addr:city": "Bangalore",
        "addr:housenumber": "1133/f",
        "addr:postcode": "560040",
        "addr:street": "30 Service Road Rpc Layout Vijaynagar, Chandra Layout",
        "amenity": "hospital",
        "name": "Hospital Sharavathi",
        "phone": "+918023300222"
      },
      "geometry": {
        "type": "Point",
        "coordinates": [
          77.5275515,
          12.9594984
        ]
      },
      "id": "node/4447072265"
    },
    {
      "type": "Feature",
      "properties": {
        "@id": "node/4447072624",
        "addr:city": "Bangalore",
        "addr:postcode": "560040",
        "addr:street": "Adichunchangiri Shopping Complex Adichunchangirishpgcplx Vjyngrb40 Vijaynagar, Attiguppe",
        "amenity": "hospital",
        "name": "Arogya Kendra",
        "name:kn": "ಆರೋಗ್ಯ ಕೇಂದ್ರ",
        "phone": "+918023400463"
      },
      "geometry": {
        "type": "Point",
        "coordinates": [
          77.5443283,
          12.9735891
        ]
      },
      "id": "node/4447072624"
    },
    {
      "type": "Feature",
      "properties": {
        "@id": "node/4447073029",
        "addr:city": "bangalore",
        "addr:postcode": "560010",
        "addr:street": "10A Crossroad",
        "amenity": "hospital",
        "healthcare": "hospital",
        "name": "The Family Doctor Malleswaram",
        "phone": "+9180 2337 6262",
        "source": "www.yellowpages.co.in",
        "website": "https://thefamilydoctor.co.in/"
      },
      "geometry": {
        "type": "Point",
        "coordinates": [
          77.5526666,
          13.0029689
        ]
      },
      "id": "node/4447073029"
    },
    {
      "type": "Feature",
      "properties": {
        "@id": "node/4447075424",
        "addr:city": "Bangalore",
        "addr:housenumber": "3437",
        "addr:postcode": "560040",
        "addr:street": "7 Subbanna Garden Vijaynagar, Attiguppe",
        "amenity": "hospital",
        "healthcare": "hospital",
        "name": "Venkat Charmalaya",
        "phone": "+918023392788"
      },
      "geometry": {
        "type": "Point",
        "coordinates": [
          77.5333324,
          12.9644231
        ]
      },
      "id": "node/4447075424"
    },
    {
      "type": "Feature",
      "properties": {
        "@id": "node/4447076167",
        "addr:housenumber": "30/2",
        "addr:street": "S V Complex Magadi Main Vijaynagar, Magadi Road",
        "amenity": "hospital",
        "name": "V Care Medical Systems P Ltd",
        "phone": "+918023110651"
      },
      "geometry": {
        "type": "Point",
        "coordinates": [
          77.5403581,
          12.9787049
        ]
      },
      "id": "node/4447076167"
    },
    {
      "type": "Feature",
      "properties": {
        "@id": "node/4447076314",
        "addr:city": "Bangalore",
        "addr:district": "Bengaluru Urban",
        "addr:full": "189, Shiva Complex, Shivananda Nagar, Near Vijay Bank, Moodalapalya",
        "addr:postcode": "560040",
        "addr:state": "Karnataka",
        "addr:street": "Nagarabhavi Road",
        "amenity": "hospital",
        "name": "Manasa Hospital",
        "name:kn": "ಮಾನಸ ಆಸ್ಪತ್ರೆ",
        "phone": "+918023104640",
        "source": "OpenGovernmentData",
        "website": "http://www.manasa.in/"
      },
      "geometry": {
        "type": "Point",
        "coordinates": [
          77.5246297,
          12.968821
        ]
      },
      "id": "node/4447076314"
    },
    {
      "type": "Feature",
      "properties": {
        "@id": "node/4447079172",
        "addr:city": "Bangalore",
        "addr:district": "Vijayapura",
        "addr:full": "20th B Cross, Marenahalli Main Road, Vijayanagar",
        "addr:housenumber": "51/88",
        "addr:postcode": "560040",
        "addr:state": "Karnataka",
        "addr:street": "20th B Cross, Marenahalli Main Road, Govindaraja Nagar Ward, Vijayanagar",
        "amenity": "hospital",
        "name": "Saikrupa Hospital For Women's and Surgical Centre",
        "operator:type": "private",
        "phone": "+91080 2311 9592",
        "source": "OpenGovernmentData",
        "website": "http://dpal.kar.nic.in/Kanunu%20padakosha%20PDF%20Files/Recognised%20Hospitals.pdf"
      },
      "geometry": {
        "type": "Point",
        "coordinates": [
          77.5351921,
          12.9691657
        ]
      },
      "id": "node/4447079172"
    },
    {
      "type": "Feature",
      "properties": {
        "@id": "node/4447082866",
        "addr:city": "Bangalore",
        "addr:housenumber": "5/1",
        "addr:postcode": "560040",
        "addr:street": "4th Main, MRCR Layout, Vijayanagar, Behind Godrej Interio, Near Veeresh Theatre, Govindaraja Nagar Ward, MC Layout, Vijayanagar",
        "amenity": "hospital",
        "healthcare": "hospital",
        "name": "Cutis Academy of Cutaneous Sciences",
        "phone": "080 4115 9049"
      },
      "geometry": {
        "type": "Point",
        "coordinates": [
          77.5449094,
          12.9768117
        ]
      },
      "id": "node/4447082866"
    },
    {
      "type": "Feature",
      "properties": {
        "@id": "node/4447083784",
        "addr:city": "Bangalore",
        "addr:postcode": "560040",
        "addr:street": "Chord Road",
        "amenity": "hospital",
        "healthcare": "hospital",
        "name": "Shreya Hearing Clinic",
        "phone": "\" 080 2318 0012\""
      },
      "geometry": {
        "type": "Point",
        "coordinates": [
          77.533401,
          12.9621516
        ]
      },
      "id": "node/4447083784"
    },
    {
      "type": "Feature",
      "properties": {
        "@id": "node/4447087999",
        "addr:city": "Bangalore",
        "addr:district": "Bengaluru Urban",
        "addr:full": "435, Acura Hospital, 18th Main, 6th Block, Koramangala",
        "addr:housenumber": "105",
        "addr:postcode": "560095",
        "addr:state": "Karnataka",
        "addr:street": "5th Block, 17th C Main Road, KHB Colony , Koramangala",
        "amenity": "hospital",
        "name": "Acura Speciality Hospital",
        "operator:type": "private",
        "phone": "+9180 4110 5151",
        "source": "OpenGovernmentData",
        "website": "https://www.seekandsource.com/acurahospital"
      },
      "geometry": {
        "type": "Point",
        "coordinates": [
          77.6205504,
          12.9353208
        ]
      },
      "id": "node/4447087999"
    },
    {
      "type": "Feature",
      "properties": {
        "@id": "node/4447088630",
        "addr:city": "Bangalore",
        "addr:housenumber": "NO.105",
        "addr:postcode": "560040",
        "addr:street": "Widia Layout, Chandra Layout Main Road, Govindaraja Nagar Ward, Widia Layout, Vijayanagar",
        "amenity": "hospital",
        "name": "Prasad Nethralaya",
        "phone": "080 2339 2807"
      },
      "geometry": {
        "type": "Point",
        "coordinates": [
          77.5300796,
          12.9603312
        ]
      },
      "id": "node/4447088630"
    },
    {
      "type": "Feature",
      "properties": {
        "@id": "node/4447097087",
        "addr:city": "Bangalore",
        "addr:housenumber": "46",
        "addr:postcode": "560040",
        "addr:street": "17th Cross, Near Main Bus Stand, M.C. Road, Vijayanagar",
        "amenity": "hospital",
        "name": "Vijayanagar Global Hospital",
        "phone": "080 4240 8200"
      },
      "geometry": {
        "type": "Point",
        "coordinates": [
          77.5372864,
          12.9717905
        ]
      },
      "id": "node/4447097087"
    },
    {
      "type": "Feature",
      "properties": {
        "@id": "node/4447100075",
        "addr:city": "Bangalore",
        "addr:housenumber": "221",
        "addr:postcode": "560040",
        "addr:street": "1st Floor, Next to Sai Prasadam Hotel, 5th Main Rd, Hampi Nagar 2nd Stage, RPC Layout",
        "amenity": "hospital",
        "healthcare": "hospital",
        "name": "Blossom Infertility Center",
        "phone": "+91 99009 99116"
      },
      "geometry": {
        "type": "Point",
        "coordinates": [
          77.5389842,
          12.9649703
        ]
      },
      "id": "node/4447100075"
    },
    {
      "type": "Feature",
      "properties": {
        "@id": "node/4447105332",
        "addr:city": "Bangalore",
        "addr:housenumber": "30",
        "addr:postcode": "560040",
        "addr:street": "1108/30 10Th Main 4Th Cross, Rpc Layout, Vijayanagar",
        "amenity": "hospital",
        "name": "Padmashree Nursing Home and Maternity Home",
        "phone": "080 2311 8372"
      },
      "geometry": {
        "type": "Point",
        "coordinates": [
          77.5350434,
          12.958321
        ]
      },
      "id": "node/4447105332"
    },
    {
      "type": "Feature",
      "properties": {
        "@id": "node/4447119911",
        "addr:city": "Bangalore",
        "addr:housenumber": "17",
        "addr:postcode": "560040p",
        "addr:street": "1st Main Rd, Kaveri Layout, Govindaraja Nagar Ward, Anubhav Nagar, Vijayanagar",
        "amenity": "hospital",
        "healthcare": "hospital",
        "phone": "080 2335 2200"
      },
      "geometry": {
        "type": "Point",
        "coordinates": [
          77.5302683,
          12.9639998
        ]
      },
      "id": "node/4447119911"
    },
    {
      "type": "Feature",
      "properties": {
        "@id": "node/4447142720",
        "addr:city": "Bangalore",
        "addr:housenumber": "63",
        "addr:postcode": "560072",
        "addr:street": ", Byraveshwara Nagar, 2nd Main, Moodalapalya, Nagarabhavi Main Road, 2nd Block, Govindaraja Nagar Ward",
        "amenity": "hospital",
        "name": "Dhanush Hospital",
        "name:kn": "ಧನುಷ್ ಆಸ್ಪತ್ರೆ",
        "phone": "080 2318 5544"
      },
      "geometry": {
        "type": "Point",
        "coordinates": [
          77.5151893,
          12.9706209
        ]
      },
      "id": "node/4447142720"
    },
    {
      "type": "Feature",
      "properties": {
        "@id": "node/4447155158",
        "addr:city": "Bangalore",
        "addr:district": "Bengaluru Urban",
        "addr:full": "No3 Ist Cross Janabharathi Road Nagarabhvi Circle",
        "addr:postcode": "560072",
        "addr:state": "Karnataka",
        "addr:street": "Nagarabhavi Road",
        "amenity": "hospital",
        "name": "S K Hospital, Bengaluru Urban",
        "phone": "080 2321 3699",
        "source": "OpenGovernmentData"
      },
      "geometry": {
        "type": "Point",
        "coordinates": [
          77.5184436,
          12.957572
        ]
      },
      "id": "node/4447155158"
    },
    {
      "type": "Feature",
      "properties": {
        "@id": "node/4447156427",
        "addr:city": "Bengaluru",
        "addr:district": "Bengaluru Urban",
        "addr:full": "#726, 17Th Cross, 6Th Phase, J.P. Nagar",
        "addr:housenumber": "5",
        "addr:postcode": "560078",
        "addr:state": "Karnataka",
        "addr:street": "Outer Ring Rd, Rose Garden, JP Nagar Phase 6, JP Nagar,",
        "amenity": "hospital",
        "name": "Green City Hospital, Bengaluru Urban",
        "name:kn": "ಗ್ರೀನ್ ಸಿಟಿ ಆಸ್ಪತ್ರೆ",
        "phone": "080 2653 6222",
        "source": "OpenGovernmentData"
      },
      "geometry": {
        "type": "Point",
        "coordinates": [
          77.580682,
          12.9062193
        ]
      },
      "id": "node/4447156427"
    },
    {
      "type": "Feature",
      "properties": {
        "@id": "node/4447171840",
        "addr:city": "Bangalore",
        "addr:housenumber": "1",
        "addr:postcode": "560003",
        "addr:street": "2nd Cross Rd, Malleshwaram",
        "amenity": "hospital",
        "name": "The Homoeo World",
        "phone": "080 2346 1995"
      },
      "geometry": {
        "type": "Point",
        "coordinates": [
          77.5715879,
          12.9947201
        ]
      },
      "id": "node/4447171840"
    },
    {
      "type": "Feature",
      "properties": {
        "@id": "node/4447213952",
        "addr:city": "Bangalore",
        "addr:housenumber": "17",
        "addr:postcode": "560040",
        "addr:street": "1st Main Rd, Kaveri Layout, Govindaraja Nagar Ward, Anubhav Nagar, Vijayanagar,",
        "amenity": "hospital",
        "name": "Modern Family Doctor Pvt Ltd",
        "phone": "080 2335 2200"
      },
      "geometry": {
        "type": "Point",
        "coordinates": [
          77.5327211,
          12.9698405
        ]
      },
      "id": "node/4447213952"
    },
    {
      "type": "Feature",
      "properties": {
        "@id": "node/4447273084",
        "addr:city": "Bangalore",
        "addr:postcode": "560078",
        "addr:street": "Mnr Arcade, Saraki Gate, Kanakapura Road, Saraki Gate",
        "amenity": "hospital",
        "healthcare": "hospital",
        "name": "Oxford Hospital",
        "phone": "080 2245 2500",
        "source": "justdial"
      },
      "geometry": {
        "type": "Point",
        "coordinates": [
          77.5756907,
          12.9312101
        ]
      },
      "id": "node/4447273084"
    },
    {
      "type": "Feature",
      "properties": {
        "@id": "node/4447316956",
        "addr:city": "Bangalore",
        "addr:housenumber": "11/2",
        "addr:postcode": "560078",
        "addr:street": "8th cross, Gangadhar Nagar, 100 Feet Ring Road, J P Nagar,",
        "amenity": "hospital",
        "name": "R R Hospital & Trauma Centre",
        "phone": "080 2671 8785"
      },
      "geometry": {
        "type": "Point",
        "coordinates": [
          77.5904192,
          12.9059465
        ]
      },
      "id": "node/4447316956"
    },
    {
      "type": "Feature",
      "properties": {
        "@id": "node/4447383325",
        "addr:city": "bangalore",
        "addr:housenumber": "9",
        "addr:postcode": "560078",
        "addr:street": "24th Main Rd, KR Layout, 1st Phase, JP Nagar",
        "amenity": "hospital",
        "name": "M N Speciality Clinic",
        "name:kn": "ಎಮ್ ಎನ್ ಸ್ಪೆಶಾಲಿಟಿ ಕ್ಲಿನಿಕ್",
        "phone": "080 2653 0121"
      },
      "geometry": {
        "type": "Point",
        "coordinates": [
          77.5859569,
          12.9039905
        ]
      },
      "id": "node/4447383325"
    },
    {
      "type": "Feature",
      "properties": {
        "@id": "node/4447972412",
        "addr:city": "Bangalore",
        "addr:housenumber": "90/D",
        "addr:postcode": "560068",
        "addr:street": "Bommanahalli Circle, Hosur Main Road",
        "amenity": "hospital",
        "emergency": "yes",
        "name": "Prashanth Hospital",
        "name:kn": "ಪ್ರಶಾಂತ ಆಸ್ಪತ್ರೆ",
        "phone": "080 4150 3714",
        "source": "http://yellowpages.sulekha.com/",
        "website": "https://www.prashanthhospitals.in/"
      },
      "geometry": {
        "type": "Point",
        "coordinates": [
          77.6265085,
          12.9067129
        ]
      },
      "id": "node/4447972412"
    },
    {
      "type": "Feature",
      "properties": {
        "@id": "node/4447978869",
        "addr:city": "Bangalore",
        "addr:postcode": "560076",
        "addr:street": "Bannerghatta Road, Near Kalyani Kala Mantap, Bilekahalli, 2nd Cross Rd,, Ram Shetty Nagar, Bilekahalli",
        "amenity": "hospital",
        "emergency": "yes",
        "name": "Parimala Health Care",
        "phone": "080 2658 3117",
        "source": "http://www.justdial.com/Bangalore/"
      },
      "geometry": {
        "type": "Point",
        "coordinates": [
          77.5986641,
          12.9009278
        ]
      },
      "id": "node/4447978869"
    },
    {
      "type": "Feature",
      "properties": {
        "@id": "node/4448000087",
        "addr:city": "Bangalore",
        "addr:housenumber": "107/2",
        "addr:postcode": "560036",
        "addr:street": "Nishvasaha Centre, Old Madras Main Road, Opposite-Traffic Police, Station, K R Puram",
        "amenity": "hospital",
        "emergency": "yes",
        "name": "Sri Ram Hospital",
        "phone": "080 2561 0988",
        "source": "http://bestofhealthindia.com/"
      },
      "geometry": {
        "type": "Point",
        "coordinates": [
          77.6924713,
          13.0096231
        ]
      },
      "id": "node/4448000087"
    },
    {
      "type": "Feature",
      "properties": {
        "@id": "node/4448075597",
        "addr:city": "bangalore",
        "addr:housenumber": "58,59",
        "addr:postcode": "560029",
        "addr:street": "3rd Main,KEB Layout, BTM Layout  1",
        "amenity": "hospital",
        "emergency": "yes",
        "name": "Vijay Diagnostic Centre",
        "phone": "080 2668 4260",
        "source": "http://www.bangalorean.co.in/"
      },
      "geometry": {
        "type": "Point",
        "coordinates": [
          77.5877756,
          12.9458746
        ]
      },
      "id": "node/4448075597"
    },
    {
      "type": "Feature",
      "properties": {
        "@id": "node/4448118314",
        "addr:city": "Bangalore",
        "addr:housenumber": "#3",
        "addr:postcode": "560068",
        "addr:street": "Ground Floor, 1st Phase, 2nd Stage, Oppo. Ias Colony Ground, BTM Layout, Mahadeshwara Nagar, Stage 2, BTM 2nd Stage",
        "amenity": "hospital",
        "emergency": "yes",
        "name": "Dr Lal PathLabs",
        "phone": "080 4091 6014",
        "source": "http://www.bangalorean.co.in/",
        "website": "https://www.lalpathlabs.com/"
      },
      "geometry": {
        "type": "Point",
        "coordinates": [
          77.5680927,
          12.924274
        ]
      },
      "id": "node/4448118314"
    },
    {
      "type": "Feature",
      "properties": {
        "@id": "node/4448133411",
        "addr:city": "Bangalore",
        "addr:housenumber": "65/8, Third Floor",
        "addr:postcode": "560102",
        "addr:street": "H.S.R Agara Circle, Sarjapura, Outer Ring Rd, Agara Village, HSR Layout",
        "amenity": "hospital",
        "emergency": "yes",
        "healthcare": "hospital",
        "name": "Welnext",
        "phone": "+9196960 00222",
        "source": "http://www.justdial.com/Bangalore/",
        "website": "https://welnext.com/"
      },
      "geometry": {
        "type": "Point",
        "coordinates": [
          77.6532853,
          12.9242869
        ]
      },
      "id": "node/4448133411"
    },
    {
      "type": "Feature",
      "properties": {
        "@id": "node/4456339090",
        "addr:district": "Bengaluru Urban",
        "addr:full": "No.6 J.C.Industrial Area, Yelechenahalli",
        "addr:postcode": "560062",
        "addr:state": "Karnataka",
        "addr:street": "Kanakapura Road",
        "addr:subdistrict": "Kanakpura",
        "amenity": "hospital",
        "name": "Sri Sai Ram Hospital",
        "name:en": "Sri Sai Ram Hospital",
        "name:kn": "ಶ್ರೀ ಸಾಯಿ ರಾಮ ಆಸ್ಪತ್ರೆ",
        "operator:type": "private",
        "source": "OpenGovernmentData",
        "website": "http://www.srisairamhospital.com/"
      },
      "geometry": {
        "type": "Point",
        "coordinates": [
          77.5682821,
          12.8943049
        ]
      },
      "id": "node/4456339090"
    },
    {
      "type": "Feature",
      "properties": {
        "@id": "node/4484938764",
        "addr:city": "bangalore",
        "addr:housenumber": "34/3",
        "addr:postcode": "560010",
        "addr:street": "Vidhya Vardhaka Sangha Road",
        "amenity": "hospital",
        "healthcare": "hospital",
        "name": "Tamara Hospital & IVF Centre",
        "phone": "+91 80 2337 0780",
        "website": "https://tamarahealthcare.com/"
      },
      "geometry": {
        "type": "Point",
        "coordinates": [
          77.5530755,
          13.0044499
        ]
      },
      "id": "node/4484938764"
    },
    {
      "type": "Feature",
      "properties": {
        "@id": "node/4509817152",
        "amenity": "hospital",
        "healthcare": "hospital",
        "name": "ChanRe Rheumatology and Immunology Center and Research",
        "name_1": "Chan re hospital",
        "name_2": "Chanre hospital"
      },
      "geometry": {
        "type": "Point",
        "coordinates": [
          77.5354215,
          12.995573
        ]
      },
      "id": "node/4509817152"
    },
    {
      "type": "Feature",
      "properties": {
        "@id": "node/4518518893",
        "amenity": "hospital",
        "name": "Anupama Hospital",
        "name:en": "Anupama hospital",
        "name:kn": "ಅನುಪಮ ಆಸ್ಪತ್ರೆ"
      },
      "geometry": {
        "type": "Point",
        "coordinates": [
          77.4788534,
          12.9838763
        ]
      },
      "id": "node/4518518893"
    },
    {
      "type": "Feature",
      "properties": {
        "@id": "node/4528847591",
        "addr:city": "Bangalore",
        "addr:district": "Bengaluru Urban",
        "addr:full": "#27, Old Madras Road",
        "addr:postcode": "560036",
        "addr:state": "Karnataka",
        "amenity": "hospital",
        "healthcare:speciality": "Gyanecology; Medicine; Maternity; Surgery; Immunisation Facility; Laprascopic Surgery; Endoscopy; Dermatology; Child Health Care; Eye; ENT; OPTHALMOLOGY; Urology; Ultrasound Scan; X- Ray; ECG; Health Check up",
        "name": "Deepa Hospital",
        "operator:type": "private",
        "source": "OpenGovernmentData",
        "website": "http://www.deepahospital.creativotech.com/",
        "wheelchair": "yes"
      },
      "geometry": {
        "type": "Point",
        "coordinates": [
          77.6998816,
          13.0120509
        ]
      },
      "id": "node/4528847591"
    },
    {
      "type": "Feature",
      "properties": {
        "@id": "node/4533735695",
        "addr:district": "Bengaluru Urban",
        "addr:full": "No. 318, 6Th Main,2nd Cross,Vijayanagar",
        "addr:postcode": "560040",
        "addr:state": "Karnataka",
        "amenity": "hospital",
        "name": "Manasa Hospital, Vijayanagar",
        "source": "OpenGovernmentData"
      },
      "geometry": {
        "type": "Point",
        "coordinates": [
          77.5451059,
          12.9709463
        ]
      },
      "id": "node/4533735695"
    },
    {
      "type": "Feature",
      "properties": {
        "@id": "node/4544234694",
        "addr:district": "Bengaluru Urban",
        "addr:full": "Agrahara Badavane, Bengaluru",
        "addr:postcode": "560064",
        "addr:state": "Karnataka",
        "amenity": "hospital",
        "name": "Agarahara Government Hospital",
        "name:kn": "ಸರ್ಕಾರಿ ಆಸ್ಪತ್ರೆ",
        "source": "Local Knowledge"
      },
      "geometry": {
        "type": "Point",
        "coordinates": [
          77.6273067,
          13.0957329
        ]
      },
      "id": "node/4544234694"
    },
    {
      "type": "Feature",
      "properties": {
        "@id": "node/4547191103",
        "addr:postcode": "560061",
        "addr:street": "Dr. Vishnuvardhan Road",
        "amenity": "hospital",
        "healthcare": "hospital",
        "name": "Nagarathna Hospital",
        "name:kn": "ನಾಗರತ್ನ"
      },
      "geometry": {
        "type": "Point",
        "coordinates": [
          77.5426964,
          12.9056092
        ]
      },
      "id": "node/4547191103"
    },
    {
      "type": "Feature",
      "properties": {
        "@id": "node/4552286367",
        "amenity": "hospital",
        "name": "Ramana Rao's clinic"
      },
      "geometry": {
        "type": "Point",
        "coordinates": [
          77.5761449,
          13.0130826
        ]
      },
      "id": "node/4552286367"
    },
    {
      "type": "Feature",
      "properties": {
        "@id": "node/4577045761",
        "amenity": "hospital",
        "name": "Government Maternity Home",
        "name:kn": "ಸರ್ಕಾರಿ ಮಾತೃತ್ವ ಮನೆ"
      },
      "geometry": {
        "type": "Point",
        "coordinates": [
          77.6200927,
          12.9983402
        ]
      },
      "id": "node/4577045761"
    },
    {
      "type": "Feature",
      "properties": {
        "@id": "node/4578753189",
        "addr:housenumber": "46",
        "addr:postcode": "560082",
        "addr:street": "3 Main Road",
        "amenity": "hospital",
        "email": "radiologylucid@gmail.com",
        "healthcare": "hospital",
        "internet_access": "wlan",
        "name": "Lucid Medical Diagnostics",
        "opening_hours": "24/7",
        "phone": "08049364444",
        "website": "https://luciddiagnostics.com/"
      },
      "geometry": {
        "type": "Point",
        "coordinates": [
          77.5794541,
          12.9306876
        ]
      },
      "id": "node/4578753189"
    },
    {
      "type": "Feature",
      "properties": {
        "@id": "node/4597833389",
        "addr:district": "Bengaluru Urban",
        "addr:full": "No. 408, 20Th Main, 1st Block,Opp Swathi Hotel, Woc Road, Rajajinagar",
        "addr:postcode": "560010",
        "addr:state": "Karnataka",
        "amenity": "hospital",
        "healthcare": "hospital",
        "healthcare:speciality": "orthopaedics",
        "name": "Cauvery Orthopaedic Centre",
        "source": "OpenGovernmentData"
      },
      "geometry": {
        "type": "Point",
        "coordinates": [
          77.5504219,
          12.9984887
        ]
      },
      "id": "node/4597833389"
    },
    {
      "type": "Feature",
      "properties": {
        "@id": "node/4609603646",
        "addr:district": "Bengaluru Urban",
        "addr:full": "No.25, 46th Cross, 5th Block, Jayanagar",
        "addr:postcode": "560011",
        "addr:state": "Karnataka",
        "amenity": "hospital",
        "email": "contactus@apollocradle.com",
        "healthcare": "hospital",
        "name": "Apollo Bengaluru Cradle Limited, Jayanagar",
        "operator:type": "private",
        "source": "OpenGovernmentData",
        "website": "https://www.apollocradle.com/",
        "wheelchair": "yes"
      },
      "geometry": {
        "type": "Point",
        "coordinates": [
          77.5851878,
          12.9168014
        ]
      },
      "id": "node/4609603646"
    },
    {
      "type": "Feature",
      "properties": {
        "@id": "node/4623723101",
        "addr:district": "Bengaluru Urban",
        "addr:full": "No.607/77, 1st Main, Dr.Rajkumar Road, Rajajinagar 2nd Block",
        "addr:postcode": "560021",
        "addr:state": "Karnataka",
        "amenity": "hospital",
        "healthcare": "hospital",
        "name": "Nethradhama Superspeciality Eye Hospital, Rajajinagar",
        "name:en": "Nethradhama",
        "name:kn": "ನೇತ್ರಧಾಮ",
        "source": "OpenGovernmentData"
      },
      "geometry": {
        "type": "Point",
        "coordinates": [
          77.5509423,
          12.997613
        ]
      },
      "id": "node/4623723101"
    },
    {
      "type": "Feature",
      "properties": {
        "@id": "node/4680014207",
        "amenity": "hospital",
        "healthcare": "yes",
        "name": "NIMHANS - Ashwini Block"
      },
      "geometry": {
        "type": "Point",
        "coordinates": [
          77.59445,
          12.9397588
        ]
      },
      "id": "node/4680014207"
    },
    {
      "type": "Feature",
      "properties": {
        "@id": "node/4689872196",
        "addr:district": "Bengaluru Urban",
        "addr:full": "Road , Casross Opposite Tc Palya Bus Store Old Madars Road",
        "addr:postcode": "560049",
        "addr:state": "Karnataka",
        "amenity": "hospital",
        "name": "Sathya Sai Lake Side Ortho Hospital",
        "name:en": "Satya Sai",
        "source": "OpenGovernmentData"
      },
      "geometry": {
        "type": "Point",
        "coordinates": [
          77.7128053,
          13.0215807
        ]
      },
      "id": "node/4689872196"
    },
    {
      "type": "Feature",
      "properties": {
        "@id": "node/4690537789",
        "addr:district": "Bengaluru Urban",
        "addr:full": "SRR Arcade, C.V. Raman Nagar, Kaggadasapura, Bengaluru",
        "addr:postcode": "560093",
        "addr:state": "Karnataka",
        "amenity": "hospital",
        "name": "Comfort Multispeciality Hospital",
        "name:en": "Comfort multispeciality hospital",
        "source": "Local Knowledge"
      },
      "geometry": {
        "type": "Point",
        "coordinates": [
          77.6800412,
          12.9817167
        ]
      },
      "id": "node/4690537789"
    },
    {
      "type": "Feature",
      "properties": {
        "@id": "node/4729472422",
        "addr:district": "Bangalore",
        "addr:full": "Lakkasandra, Wilson Garden, Bangalore, Karnataka, India",
        "addr:postcode": "560029",
        "addr:state": "Karnataka",
        "addr:subdistrict": "Bangalore East",
        "amenity": "hospital",
        "contact:phone": "08026995201;08026995000;08026995202",
        "description": "Medical Colleges Hospital",
        "healthcare": "hospital",
        "name": "National Institute of Mental Health and Neuro Sciences",
        "short_name": "NIMHANS",
        "source": "OpenGovernmentData"
      },
      "geometry": {
        "type": "Point",
        "coordinates": [
          77.5931597,
          12.9400669
        ]
      },
      "id": "node/4729472422"
    },
    {
      "type": "Feature",
      "properties": {
        "@id": "node/4729478014",
        "amenity": "hospital",
        "name": "NBRC(National Brain Research Center)"
      },
      "geometry": {
        "type": "Point",
        "coordinates": [
          77.5988406,
          12.9404277
        ]
      },
      "id": "node/4729478014"
    },
    {
      "type": "Feature",
      "properties": {
        "@id": "node/4782423379",
        "addr:city": "Bengaluru",
        "addr:housenumber": "#33",
        "addr:postcode": "560048",
        "addr:street": "DRDO Phase 2 Main Road",
        "amenity": "hospital",
        "emergency": "yes",
        "name": "Dr. Roshni's Tooth Planet Dental Clinic",
        "operator": "Dr. Roshni Maurya"
      },
      "geometry": {
        "type": "Point",
        "coordinates": [
          77.6851595,
          12.9876335
        ]
      },
      "id": "node/4782423379"
    },
    {
      "type": "Feature",
      "properties": {
        "@id": "node/4840185928",
        "addr:district": "Bengaluru Urban",
        "addr:full": "No 18/17, Cambridge Road, Ulsoor",
        "addr:postcode": "560008",
        "addr:state": "Karnataka",
        "amenity": "hospital",
        "healthcare": "hospital",
        "name": "Cambridge Hospital",
        "name:en": "Cambridge Hospital",
        "source": "OpenGovernmentData"
      },
      "geometry": {
        "type": "Point",
        "coordinates": [
          77.6273835,
          12.9716236
        ]
      },
      "id": "node/4840185928"
    },
    {
      "type": "Feature",
      "properties": {
        "@id": "node/4843104321",
        "amenity": "hospital",
        "name": "Respigen healthcare",
        "name:en": "Respigen healthcare"
      },
      "geometry": {
        "type": "Point",
        "coordinates": [
          77.5918347,
          12.9555357
        ]
      },
      "id": "node/4843104321"
    },
    {
      "type": "Feature",
      "properties": {
        "@id": "node/4844865057",
        "amenity": "hospital",
        "name": "Doctor's diagnostics Centre",
        "name:en": "Doctor's diagnostics Centre"
      },
      "geometry": {
        "type": "Point",
        "coordinates": [
          77.6357881,
          13.014746
        ]
      },
      "id": "node/4844865057"
    },
    {
      "type": "Feature",
      "properties": {
        "@id": "node/4849107926",
        "amenity": "hospital",
        "check_date": "2025-03-01",
        "name": "Hosmat Hospital"
      },
      "geometry": {
        "type": "Point",
        "coordinates": [
          77.5837482,
          13.0080001
        ]
      },
      "id": "node/4849107926"
    },
    {
      "type": "Feature",
      "properties": {
        "@id": "node/5106809421",
        "addr:district": "Bengaluru Urban",
        "addr:full": "#115,Kodihalli,Old Airport Road",
        "addr:postcode": "560001",
        "addr:state": "Karnataka",
        "amenity": "hospital",
        "healthcare": "hospital",
        "name": "Cloudnine Hospital Pvt. Ltd.",
        "name:en": "cloud nine",
        "source": "OpenGovernmentData"
      },
      "geometry": {
        "type": "Point",
        "coordinates": [
          77.6569127,
          12.9597752
        ]
      },
      "id": "node/5106809421"
    },
    {
      "type": "Feature",
      "properties": {
        "@id": "node/5112187604",
        "amenity": "hospital",
        "name": "Subramanium Medicine Store"
      },
      "geometry": {
        "type": "Point",
        "coordinates": [
          77.656317,
          13.0090912
        ]
      },
      "id": "node/5112187604"
    },
    {
      "type": "Feature",
      "properties": {
        "@id": "node/5112191947",
        "addr:district": "Bengaluru Urban",
        "addr:full": "6C - 335, 4Th C Main Road, 6Th Cross Ombr Layout Bhuvanagiri",
        "addr:postcode": "560041",
        "addr:state": "Karnataka",
        "amenity": "hospital",
        "check_date": "2026-04-26",
        "name": "Columbiaa Hospital",
        "name:en": "Columbiaa Hospital",
        "source": "OpenGovernmentData"
      },
      "geometry": {
        "type": "Point",
        "coordinates": [
          77.6583242,
          13.0104342
        ]
      },
      "id": "node/5112191947"
    },
    {
      "type": "Feature",
      "properties": {
        "@id": "node/5157373807",
        "addr:district": "Bengaluru Urban",
        "addr:full": "6/63, 59Th Cross, 4Th Block, Rajajinagar Entrance, Mei Polytechnic, Rajajinagar",
        "addr:postcode": "560010",
        "addr:state": "Karnataka",
        "alt_name": "Altius Cancer Center",
        "amenity": "hospital",
        "healthcare": "hospital",
        "name": "Altius Hospital",
        "source": "OpenGovernmentData"
      },
      "geometry": {
        "type": "Point",
        "coordinates": [
          77.5569222,
          12.9849537
        ]
      },
      "id": "node/5157373807"
    },
    {
      "type": "Feature",
      "properties": {
        "@id": "node/5174903787",
        "amenity": "hospital",
        "healthcare": "hospital",
        "name": "Bangalore Diabetes Hospital"
      },
      "geometry": {
        "type": "Point",
        "coordinates": [
          77.5968531,
          12.9918415
        ]
      },
      "id": "node/5174903787"
    },
    {
      "type": "Feature",
      "properties": {
        "@id": "node/5174994725",
        "amenity": "hospital",
        "healthcare": "hospital",
        "name": "NU Hospitals"
      },
      "geometry": {
        "type": "Point",
        "coordinates": [
          77.5526061,
          13.011845
        ]
      },
      "id": "node/5174994725"
    },
    {
      "type": "Feature",
      "properties": {
        "@id": "node/5234723863",
        "addr:district": "Bengaluru Urban",
        "addr:full": "196, 10Th Cross, Wilson Gardens",
        "addr:postcode": "560027",
        "addr:state": "Karnataka",
        "amenity": "hospital",
        "healthcare": "hospital",
        "name": "V. S. Achar Multispeciality Hospital",
        "source": "OpenGovernmentData"
      },
      "geometry": {
        "type": "Point",
        "coordinates": [
          77.5966914,
          12.9472091
        ]
      },
      "id": "node/5234723863"
    },
    {
      "type": "Feature",
      "properties": {
        "@id": "node/5234739990",
        "addr:city": "Bangalore",
        "addr:district": "Bengaluru Urban",
        "addr:full": "No.1537/1, 9th Main Road, 3rd Block, Jayanagar",
        "addr:housenumber": "1537/1",
        "addr:postcode": "560011",
        "addr:state": "Karnataka",
        "addr:street": "9th Main Road",
        "addr:suburb": "Jayanagar 3rd Block",
        "amenity": "hospital",
        "email": "infokpcpt@gmail.com",
        "healthcare": "hospital",
        "name": "Nature Cure Hospital",
        "opening_hours": "We-Mo 07:00-12:00,13:00-18:00",
        "operator:type": "private",
        "phone": "+91 80 2663 1945;+91 80 2244 6035",
        "source": "OpenGovernmentData",
        "website": "https://www.jayanagarnaturecure.in/"
      },
      "geometry": {
        "type": "Point",
        "coordinates": [
          77.5842632,
          12.933223
        ]
      },
      "id": "node/5234739990"
    },
    {
      "type": "Feature",
      "properties": {
        "@id": "node/5259407821",
        "amenity": "hospital",
        "healthcare": "hospital",
        "name": "Government Hospital",
        "name:kn": "ಸರ್ಕಾರಿ ಆಸ್ಪತ್ರೆ"
      },
      "geometry": {
        "type": "Point",
        "coordinates": [
          77.5549647,
          12.966103
        ]
      },
      "id": "node/5259407821"
    },
    {
      "type": "Feature",
      "properties": {
        "@id": "node/5265649228",
        "amenity": "hospital",
        "emergency": "yes",
        "healthcare": "hospital",
        "name": "Emergency Block , NIMHANS"
      },
      "geometry": {
        "type": "Point",
        "coordinates": [
          77.5945391,
          12.9403849
        ]
      },
      "id": "node/5265649228"
    },
    {
      "type": "Feature",
      "properties": {
        "@id": "node/5277512112",
        "amenity": "hospital",
        "name": "Usha Vikranth Diagnostic Center and Hospital"
      },
      "geometry": {
        "type": "Point",
        "coordinates": [
          77.5273633,
          12.9138086
        ]
      },
      "id": "node/5277512112"
    },
    {
      "type": "Feature",
      "properties": {
        "@id": "node/5297145822",
        "addr:district": "Bengaluru Urban",
        "addr:full": "# 66, Indiranagar Double Road, Hal 2nd Stage",
        "addr:postcode": "560038",
        "addr:state": "Karnataka",
        "addr:subdistrict": "Indiranagar",
        "amenity": "hospital",
        "email": "nhplindr@nethradhama.org",
        "healthcare": "hospital",
        "name": "Nethradhama Superspeciality Eye Hospital",
        "operator:type": "private",
        "source": "OpenGovernmentData",
        "website": "https://www.nethradhama.org/"
      },
      "geometry": {
        "type": "Point",
        "coordinates": [
          77.6474011,
          12.9719805
        ]
      },
      "id": "node/5297145822"
    },
    {
      "type": "Feature",
      "properties": {
        "@id": "node/5423028221",
        "amenity": "hospital",
        "name": "Telerad RXDX Kadugodi"
      },
      "geometry": {
        "type": "Point",
        "coordinates": [
          77.7569157,
          13.0028637
        ]
      },
      "id": "node/5423028221"
    },
    {
      "type": "Feature",
      "properties": {
        "@id": "node/5520252375",
        "addr:district": "Bengaluru Urban",
        "addr:full": "Bhuvaneswari Nagar, Hebbal Kempapura, Bengaluru",
        "addr:postcode": "560024",
        "addr:state": "Karnataka",
        "amenity": "hospital",
        "healthcare": "yes",
        "name": "Care Health",
        "source": "Local Knowledge"
      },
      "geometry": {
        "type": "Point",
        "coordinates": [
          77.6028234,
          13.0552027
        ]
      },
      "id": "node/5520252375"
    },
    {
      "type": "Feature",
      "properties": {
        "@id": "node/5716797221",
        "addr:district": "Bengaluru Urban",
        "addr:full": "1st Cross, Shankarapuram, Basavanaagudi",
        "addr:postcode": "560004",
        "addr:state": "Karnataka",
        "addr:street": "1st cross, Shankar math premises",
        "amenity": "hospital",
        "contact:facebook": "sschrcblr",
        "contact:instagram": "shankara_cancer",
        "contact:twitter": "shankaracancer",
        "email": "queries@sschrc.org",
        "name": "Sri Shankara Cancer Hospital And Research Centre (A Service Unit Of Sscf)",
        "operator:type": "private",
        "phone": "080-26981000",
        "source": "OpenGovernmentData",
        "website": "http://shankaracancerfoundation.org/"
      },
      "geometry": {
        "type": "Point",
        "coordinates": [
          77.5709473,
          12.9542624
        ]
      },
      "id": "node/5716797221"
    },
    {
      "type": "Feature",
      "properties": {
        "@id": "node/5825292845",
        "addr:district": "Bengaluru Urban",
        "addr:full": "565 Iii Stage 4Th Block",
        "addr:postcode": "560079",
        "addr:state": "Karnataka",
        "amenity": "hospital",
        "healthcare": "hospital",
        "healthcare:speciality": "gynaecology",
        "name": "Vathsalya Speciality Hospital",
        "source": "OpenGovernmentData"
      },
      "geometry": {
        "type": "Point",
        "coordinates": [
          77.5391801,
          12.9939752
        ]
      },
      "id": "node/5825292845"
    },
    {
      "type": "Feature",
      "properties": {
        "@id": "node/5862574185",
        "amenity": "hospital",
        "name": "Lakeside Medical Centre and Hospital"
      },
      "geometry": {
        "type": "Point",
        "coordinates": [
          77.6177434,
          12.9878631
        ]
      },
      "id": "node/5862574185"
    },
    {
      "type": "Feature",
      "properties": {
        "@id": "node/5879132707",
        "addr:district": "Bengaluru Urban",
        "addr:full": "No.14 , Maruthi Nagar , Near Maruthi Temple , Nagarbhavi Main Road",
        "addr:postcode": "560072",
        "addr:state": "Karnataka",
        "amenity": "hospital",
        "name": "Maruthi Hospital",
        "name:kn": "ಮಾರುತಿ ಆಸ್ಪತ್ರೆ",
        "source": "OpenGovernmentData"
      },
      "geometry": {
        "type": "Point",
        "coordinates": [
          77.5413282,
          12.9677607
        ]
      },
      "id": "node/5879132707"
    },
    {
      "type": "Feature",
      "properties": {
        "@id": "node/5915195092",
        "amenity": "hospital",
        "healthcare": "hospital",
        "name": "Aparna Hospital"
      },
      "geometry": {
        "type": "Point",
        "coordinates": [
          77.616947,
          12.9362087
        ]
      },
      "id": "node/5915195092"
    },
    {
      "type": "Feature",
      "properties": {
        "@id": "node/5915409411",
        "amenity": "hospital",
        "healthcare": "hospital",
        "name": "Apollo Spectra Hospitals"
      },
      "geometry": {
        "type": "Point",
        "coordinates": [
          77.6201615,
          12.9338175
        ]
      },
      "id": "node/5915409411"
    },
    {
      "type": "Feature",
      "properties": {
        "@id": "node/5915906204",
        "addr:district": "Bengaluru Urban",
        "addr:full": "No. 8, 1st Main Road 1st Block, Koramangala",
        "addr:postcode": "560034",
        "addr:state": "Karnataka",
        "amenity": "hospital",
        "check_date": "2023-12-31",
        "healthcare": "hospital",
        "name": "Sankeerthana Hospital and Fertility Center",
        "source": "OpenGovernmentData"
      },
      "geometry": {
        "type": "Point",
        "coordinates": [
          77.6359638,
          12.9256013
        ]
      },
      "id": "node/5915906204"
    },
    {
      "type": "Feature",
      "properties": {
        "@id": "node/5959076193",
        "addr:district": "Bengaluru Rural",
        "addr:full": "#25,26,27, B Block, Viswapriyanagara, Near Chowdeshwari Temple, Begur",
        "addr:postcode": "560068",
        "addr:state": "Karnataka",
        "amenity": "hospital",
        "healthcare": "hospital",
        "name": "Jayashree Multi Specilaity Hospital",
        "source": "OpenGovernmentData"
      },
      "geometry": {
        "type": "Point",
        "coordinates": [
          77.6260763,
          12.881611
        ]
      },
      "id": "node/5959076193"
    },
    {
      "type": "Feature",
      "properties": {
        "@id": "node/5966255497",
        "amenity": "hospital",
        "name": "Bangalore Prime Hospital"
      },
      "geometry": {
        "type": "Point",
        "coordinates": [
          77.6390545,
          13.066842
        ]
      },
      "id": "node/5966255497"
    },
    {
      "type": "Feature",
      "properties": {
        "@id": "node/5983331355",
        "amenity": "hospital",
        "name": "CyteCare",
        "name:ar": "بتي سكان"
      },
      "geometry": {
        "type": "Point",
        "coordinates": [
          77.6078781,
          13.118638
        ]
      },
      "id": "node/5983331355"
    },
    {
      "type": "Feature",
      "properties": {
        "@id": "node/6124618183",
        "amenity": "hospital",
        "healthcare": "hospital",
        "name": "Shiva Vision Care"
      },
      "geometry": {
        "type": "Point",
        "coordinates": [
          77.6277125,
          12.9366526
        ]
      },
      "id": "node/6124618183"
    },
    {
      "type": "Feature",
      "properties": {
        "@id": "node/6380900077",
        "amenity": "hospital",
        "check_date": "2024-07-21",
        "healthcare": "hospital",
        "healthcare:speciality": "general",
        "name": "Medical Center",
        "operator": "NCBS/InStem"
      },
      "geometry": {
        "type": "Point",
        "coordinates": [
          77.5781394,
          13.0711049
        ]
      },
      "id": "node/6380900077"
    },
    {
      "type": "Feature",
      "properties": {
        "@id": "node/6393830707",
        "amenity": "hospital",
        "healthcare": "hospital",
        "name": "Sujatha Hospital"
      },
      "geometry": {
        "type": "Point",
        "coordinates": [
          77.6372391,
          12.9781293
        ]
      },
      "id": "node/6393830707"
    },
    {
      "type": "Feature",
      "properties": {
        "@id": "node/6464656077",
        "addr:city": "Bangalore",
        "addr:postcode": "560036",
        "addr:street": "Sri Thimappa Complex, Old Madras Road, KR Puram, Below Syndicate Bank",
        "amenity": "hospital",
        "emergency": "yes",
        "name": "Patil Hospital",
        "note": "exact location not correct",
        "phone": "080 2561 3891",
        "source": "http://www.bangalorean.co.in/"
      },
      "geometry": {
        "type": "Point",
        "coordinates": [
          77.6979598,
          13.011214
        ]
      },
      "id": "node/6464656077"
    },
    {
      "type": "Feature",
      "properties": {
        "@id": "node/6502980174",
        "addr:district": "Bengaluru Urban",
        "addr:full": "1032, 5th Block Opp Ganesh Temple, Chor Road Rajajinagar",
        "addr:postcode": "560010",
        "addr:state": "Karnataka",
        "amenity": "hospital",
        "healthcare": "hospital",
        "name": "The Eye Surgical Centre"
      },
      "geometry": {
        "type": "Point",
        "coordinates": [
          77.5493143,
          12.9821954
        ]
      },
      "id": "node/6502980174"
    },
    {
      "type": "Feature",
      "properties": {
        "@id": "node/6630713206",
        "addr:district": "Bengaluru Urban",
        "addr:full": "Yelahanka New Town, Bengaluru",
        "addr:postcode": "560064",
        "addr:state": "Karnataka",
        "amenity": "hospital",
        "healthcare": "hospital",
        "name": "Omega Multispeciality Hospital",
        "source": "Local Knowledge"
      },
      "geometry": {
        "type": "Point",
        "coordinates": [
          77.5813432,
          13.1001877
        ]
      },
      "id": "node/6630713206"
    },
    {
      "type": "Feature",
      "properties": {
        "@id": "node/6630713207",
        "amenity": "hospital",
        "healthcare": "hospital",
        "name": "NDR Hospital"
      },
      "geometry": {
        "type": "Point",
        "coordinates": [
          77.5792872,
          13.0957808
        ]
      },
      "id": "node/6630713207"
    },
    {
      "type": "Feature",
      "properties": {
        "@id": "node/6779119335",
        "amenity": "hospital",
        "name": "Venus Bone & Joint Centre",
        "opening_hours": "Mo-Su 10:00-21:00"
      },
      "geometry": {
        "type": "Point",
        "coordinates": [
          77.59647,
          13.0665572
        ]
      },
      "id": "node/6779119335"
    },
    {
      "type": "Feature",
      "properties": {
        "@id": "node/6807542967",
        "amenity": "hospital",
        "healthcare": "hospital",
        "name": "Lourdes High School"
      },
      "geometry": {
        "type": "Point",
        "coordinates": [
          77.540004,
          13.0182102
        ]
      },
      "id": "node/6807542967"
    },
    {
      "type": "Feature",
      "properties": {
        "@id": "node/6807551928",
        "amenity": "hospital",
        "healthcare": "hospital",
        "name": "Boregowda Lingamma Hospital",
        "name:kn": "ಬೋರೆಗೌಡ ಲಿಂಗಮ್ಮ ಆಸ್ಪತ್ರೆ"
      },
      "geometry": {
        "type": "Point",
        "coordinates": [
          77.539386,
          13.016705
        ]
      },
      "id": "node/6807551928"
    },
    {
      "type": "Feature",
      "properties": {
        "@id": "node/6807551937",
        "amenity": "hospital",
        "healthcare": "hospital",
        "name": "Kanva Hospital"
      },
      "geometry": {
        "type": "Point",
        "coordinates": [
          77.5394308,
          13.0175606
        ]
      },
      "id": "node/6807551937"
    },
    {
      "type": "Feature",
      "properties": {
        "@id": "node/6809801083",
        "addr:district": "Bangalore",
        "addr:full": "NEAR COLLAGE, RAILWAY STATION",
        "addr:postcode": "560060",
        "addr:state": "Karnataka",
        "addr:subdistrict": "Bangalore South",
        "amenity": "hospital",
        "healthcare": "hospital",
        "name": "Kengeri Upanagara Government Hospital",
        "name:kn": "ಕೆಂಗೇರಿ ಉಪನಗರ ಸರ್ಕಾರಿ ಆಸ್ಪತ್ರೆ",
        "source": "OpenGovernmentData"
      },
      "geometry": {
        "type": "Point",
        "coordinates": [
          77.4808065,
          12.9156896
        ]
      },
      "id": "node/6809801083"
    },
    {
      "type": "Feature",
      "properties": {
        "@id": "node/6852266953",
        "addr:district": "Bengaluru Urban",
        "addr:full": "Padmanabhanagar, Bengaluru",
        "addr:postcode": "560070",
        "addr:state": "Karnataka",
        "amenity": "hospital",
        "healthcare": "hospital",
        "name": "Yogananda Multi Speciality Hospital",
        "name:kn": "ಯೋಗನಂದ ಆಸ್ಪತ್ರೆ",
        "source": "Local Knowledge"
      },
      "geometry": {
        "type": "Point",
        "coordinates": [
          77.5593919,
          12.9158516
        ]
      },
      "id": "node/6852266953"
    },
    {
      "type": "Feature",
      "properties": {
        "@id": "node/6855409793",
        "addr:district": "Bengaluru Urban",
        "addr:full": "Laxmi, No.20, Shankarmutt Main Road",
        "addr:postcode": "560004",
        "addr:state": "Karnataka",
        "amenity": "hospital",
        "healthcare": "hospital",
        "name": "Dr. Agrawal's Eye Hospital",
        "source": "OpenGovernmentData"
      },
      "geometry": {
        "type": "Point",
        "coordinates": [
          77.5501121,
          12.9998982
        ]
      },
      "id": "node/6855409793"
    },
    {
      "type": "Feature",
      "properties": {
        "@id": "node/6937748988",
        "addr:district": "Bengaluru Urban",
        "addr:full": "No.65,N.H.C.S. Layout,3Road Stage,4Th Block,Basaveshwar Nagar,Kamalanagar Main Road",
        "addr:postcode": "560079",
        "addr:state": "Karnataka",
        "amenity": "hospital",
        "healthcare": "hospital",
        "name": "Ashok Hospital",
        "source": "OpenGovernmentData"
      },
      "geometry": {
        "type": "Point",
        "coordinates": [
          77.5347984,
          12.9948905
        ]
      },
      "id": "node/6937748988"
    },
    {
      "type": "Feature",
      "properties": {
        "@id": "node/6937814427",
        "addr:district": "Bengaluru Urban",
        "addr:full": "#118, 5 Th Main , 7Th Cross, N R Colony , Bull Temple Road",
        "addr:postcode": "560019",
        "addr:state": "Karnataka",
        "amenity": "hospital",
        "name": "Balaji Hospital and Gastroenterology Center",
        "source": "OpenGovernmentData"
      },
      "geometry": {
        "type": "Point",
        "coordinates": [
          77.5666429,
          12.9376087
        ]
      },
      "id": "node/6937814427"
    },
    {
      "type": "Feature",
      "properties": {
        "@id": "node/6937844482",
        "addr:district": "Bengaluru Urban",
        "addr:full": "#43/2, 3Road Cross, OppositeSaroja Memorial School, Jnanajyothi Nagar, Ullal Main Road",
        "addr:postcode": "560056",
        "addr:state": "Karnataka",
        "amenity": "hospital",
        "name": "Abhay Hospital",
        "name:kn": "ಅಭಯ ಆಸ್ಪತ್ರೆ",
        "source": "OpenGovernmentData"
      },
      "geometry": {
        "type": "Point",
        "coordinates": [
          77.4939886,
          12.9517481
        ]
      },
      "id": "node/6937844482"
    },
    {
      "type": "Feature",
      "properties": {
        "@id": "node/6937890455",
        "addr:district": "Bengaluru Urban",
        "addr:full": "No 80, P&T Colony R T Nagar",
        "addr:postcode": "560032",
        "addr:state": "Karnataka",
        "amenity": "hospital",
        "name": "Chaitanya Hospital",
        "name:kn": "ಚೈತನ್ಯ ಆಸ್ಪತ್ರೆ",
        "source": "OpenGovernmentData"
      },
      "geometry": {
        "type": "Point",
        "coordinates": [
          77.5941463,
          13.0237316
        ]
      },
      "id": "node/6937890455"
    },
    {
      "type": "Feature",
      "properties": {
        "@id": "node/6937892396",
        "addr:district": "Bengaluru Urban",
        "addr:full": "53, 7Th Cross , 4Th Main Road, Malleswaram",
        "addr:postcode": "560003",
        "addr:state": "Karnataka",
        "amenity": "hospital",
        "name": "Dr. B. Venkatasubbarao Memorial Hospital",
        "source": "OpenGovernmentData"
      },
      "geometry": {
        "type": "Point",
        "coordinates": [
          77.568151,
          12.9981979
        ]
      },
      "id": "node/6937892396"
    },
    {
      "type": "Feature",
      "properties": {
        "@id": "node/6937898160",
        "addr:district": "Bengaluru Urban",
        "addr:full": "#53/1 (45), Shalini,Susheela Road,Lalbagh Upparahalli ( Lalbagh West Gate)",
        "addr:postcode": "560004",
        "addr:state": "Karnataka",
        "amenity": "hospital",
        "healthcare": "hospital",
        "name": "South City Hospital, Bengaluru Urban",
        "source": "OpenGovernmentData"
      },
      "geometry": {
        "type": "Point",
        "coordinates": [
          77.5802779,
          12.9497745
        ]
      },
      "id": "node/6937898160"
    },
    {
      "type": "Feature",
      "properties": {
        "@id": "node/6938005237",
        "addr:district": "Bengaluru Urban",
        "addr:full": "#978, 18Th Cross,14Th Main, 5Th Block, 1st Stage,H.B.R.Layout",
        "addr:postcode": "560043",
        "addr:state": "Karnataka",
        "amenity": "hospital",
        "name": "Sri Sai Hospital, Bengaluru Urban",
        "source": "OpenGovernmentData"
      },
      "geometry": {
        "type": "Point",
        "coordinates": [
          77.6238732,
          13.0370143
        ]
      },
      "id": "node/6938005237"
    },
    {
      "type": "Feature",
      "properties": {
        "@id": "node/6938414183",
        "addr:district": "Bengaluru Urban",
        "addr:full": "28, 7Th Main 9Th Cross, Malleshwaram",
        "addr:postcode": "560003",
        "addr:state": "Karnataka",
        "amenity": "hospital",
        "name": "Jupiter Hospital And Institute Of Vascular Surgery",
        "source": "OpenGovernmentData"
      },
      "geometry": {
        "type": "Point",
        "coordinates": [
          77.5663653,
          12.9998457
        ]
      },
      "id": "node/6938414183"
    },
    {
      "type": "Feature",
      "properties": {
        "@id": "node/6938540502",
        "addr:district": "Bengaluru Urban",
        "addr:full": "No. 2/3, 5Th Main Shiva Complex, Kamakshipalya, Nagadimain Road , Opp Vishal Theatre",
        "addr:postcode": "560043",
        "addr:state": "Karnataka",
        "amenity": "hospital",
        "name": "Shreyas Hospital, Bengaluru Urban",
        "source": "OpenGovernmentData"
      },
      "geometry": {
        "type": "Point",
        "coordinates": [
          77.5309655,
          12.9829857
        ]
      },
      "id": "node/6938540502"
    },
    {
      "type": "Feature",
      "properties": {
        "@id": "node/6938547661",
        "addr:district": "Bengaluru Urban",
        "addr:full": "# 125 1st Cross Bhuwaneshwarinagar Sultanpalya Main Road R T Nagar Post",
        "addr:postcode": "560032",
        "addr:state": "Karnataka",
        "amenity": "hospital",
        "name": "Ashirwad Hospital",
        "source": "OpenGovernmentData"
      },
      "geometry": {
        "type": "Point",
        "coordinates": [
          77.6045479,
          13.0289685
        ]
      },
      "id": "node/6938547661"
    },
    {
      "type": "Feature",
      "properties": {
        "@id": "node/6938637677",
        "addr:district": "Bengaluru Urban",
        "addr:full": "2118, 12Th Main RoadB Sector, 3Road Phase Yalahanka New Toen",
        "addr:postcode": "560064",
        "addr:state": "Karnataka",
        "amenity": "hospital",
        "name": "N.D.R. Hospital",
        "source": "OpenGovernmentData"
      },
      "geometry": {
        "type": "Point",
        "coordinates": [
          77.5787745,
          13.0965172
        ]
      },
      "id": "node/6938637677"
    },
    {
      "type": "Feature",
      "properties": {
        "@id": "node/6938653696",
        "addr:district": "Bengaluru Urban",
        "addr:full": "# 9 80 Fet Road H M T Layout R T Nagar",
        "addr:postcode": "560032",
        "addr:state": "Karnataka",
        "amenity": "hospital",
        "name": "Asha Kiran Children & Women Health Care Centre",
        "source": "OpenGovernmentData"
      },
      "geometry": {
        "type": "Point",
        "coordinates": [
          77.5933929,
          13.0263529
        ]
      },
      "id": "node/6938653696"
    },
    {
      "type": "Feature",
      "properties": {
        "@id": "node/6938690597",
        "addr:district": "Bengaluru Urban",
        "addr:full": "No.71, Mill Road, Cottonpet",
        "addr:postcode": "560053",
        "addr:state": "Karnataka",
        "amenity": "hospital",
        "name": "Radha Maternity and Surgical Hospital",
        "source": "OpenGovernmentData"
      },
      "geometry": {
        "type": "Point",
        "coordinates": [
          77.5688544,
          12.9690441
        ]
      },
      "id": "node/6938690597"
    },
    {
      "type": "Feature",
      "properties": {
        "@id": "node/6938690598",
        "addr:district": "Bengaluru Urban",
        "addr:full": "No.6/7, Crescent Road Cross, Kumar Park East",
        "addr:postcode": "560001",
        "addr:state": "Karnataka",
        "amenity": "hospital",
        "healthcare:speciality": "Dornier AlphaLithotripsy Treatment; X-Rays; US Scan; Urologist Consultation",
        "name": "Hitech Kidney Stone Hospital, Bengaluru Urban",
        "operator:type": "private",
        "source": "OpenGovernmentData",
        "website": "http://www.hitechkidneystonehospital.org/"
      },
      "geometry": {
        "type": "Point",
        "coordinates": [
          77.5809833,
          12.9878104
        ]
      },
      "id": "node/6938690598"
    },
    {
      "type": "Feature",
      "properties": {
        "@id": "node/6938690600",
        "addr:district": "Bengaluru Urban",
        "addr:full": "1033,4 Th Block Dr Rajdumar Road",
        "addr:postcode": "560010",
        "addr:state": "Karnataka",
        "amenity": "hospital",
        "name": "Sri Dhavantari Ayurveda Hoapital",
        "source": "OpenGovernmentData"
      },
      "geometry": {
        "type": "Point",
        "coordinates": [
          77.5599374,
          12.9822186
        ]
      },
      "id": "node/6938690600"
    },
    {
      "type": "Feature",
      "properties": {
        "@id": "node/6938690603",
        "addr:district": "Bengaluru Urban",
        "addr:full": "No. 851/D , 5Th Block , Rajajinagar , 60Th Cross",
        "addr:postcode": "560040",
        "addr:state": "Karnataka",
        "amenity": "hospital",
        "name": "Vaidyam Hospital",
        "source": "OpenGovernmentData"
      },
      "geometry": {
        "type": "Point",
        "coordinates": [
          77.5528322,
          12.9845512
        ]
      },
      "id": "node/6938690603"
    },
    {
      "type": "Feature",
      "properties": {
        "@id": "node/6938690604",
        "addr:district": "Bengaluru Urban",
        "addr:full": "723 / B Main E S I Hospital Raod, 3Road Block, Rajajinagar",
        "addr:postcode": "560010",
        "addr:state": "Karnataka",
        "amenity": "hospital",
        "name": "Suresh Hospital - Bangalore",
        "source": "OpenGovernmentData"
      },
      "geometry": {
        "type": "Point",
        "coordinates": [
          77.5551014,
          12.9897745
        ]
      },
      "id": "node/6938690604"
    },
    {
      "type": "Feature",
      "properties": {
        "@id": "node/6938690614",
        "addr:district": "Bengaluru Urban",
        "addr:full": "No. 95 and 96, Margosa Road, 15Th Cross, Malleswaram",
        "addr:postcode": "560055",
        "addr:state": "Karnataka",
        "amenity": "hospital",
        "check_date": "2024-05-12",
        "name": "Lakshmi Maternity Home",
        "source": "OpenGovernmentData"
      },
      "geometry": {
        "type": "Point",
        "coordinates": [
          77.5694512,
          13.0058226
        ]
      },
      "id": "node/6938690614"
    },
    {
      "type": "Feature",
      "properties": {
        "@id": "node/6938690621",
        "addr:district": "Bengaluru Urban",
        "addr:full": "# 90/1, West Park Road,Between 17Th And 18Th Cross,Malleswaram",
        "addr:postcode": "560055",
        "addr:state": "Karnataka",
        "amenity": "hospital",
        "name": "Manjunatha Maternity Home and Surgical Centre",
        "source": "OpenGovernmentData"
      },
      "geometry": {
        "type": "Point",
        "coordinates": [
          77.5696993,
          13.0077265
        ]
      },
      "id": "node/6938690621"
    },
    {
      "type": "Feature",
      "properties": {
        "@id": "node/6938690626",
        "addr:district": "Bengaluru Urban",
        "addr:full": "# 111 Railway Parallel Road, 7 Th Cross, Kumara Park (W)",
        "addr:postcode": "560020",
        "addr:state": "Karnataka",
        "addr:subdistrict": "Kumara Park (W)",
        "amenity": "hospital",
        "email": "info@squinteyehospital.com",
        "name": "Samprathi Eye Hospital And Squint Centre",
        "operator:type": "private",
        "source": "OpenGovernmentData",
        "website": "https://squinteyehospital.com/"
      },
      "geometry": {
        "type": "Point",
        "coordinates": [
          77.580691,
          12.9932806
        ]
      },
      "id": "node/6938690626"
    },
    {
      "type": "Feature",
      "properties": {
        "@id": "node/6938690629",
        "addr:district": "Bengaluru Urban",
        "addr:full": "41-42/5 7Th Cross, Saraswathipuram, Nandini Layout, Main Road",
        "addr:postcode": "560096",
        "addr:state": "Karnataka",
        "amenity": "hospital",
        "name": "Shankara Nethralaya Eye Hospital",
        "source": "OpenGovernmentData"
      },
      "geometry": {
        "type": "Point",
        "coordinates": [
          77.5406188,
          13.0089953
        ]
      },
      "id": "node/6938690629"
    },
    {
      "type": "Feature",
      "properties": {
        "@id": "node/6938692472",
        "addr:district": "Bengaluru Urban",
        "addr:full": "No.2, Chandra Complex,J.P.Nagar, 7Th Phase,Puttenahalli,OppositeRbi Cly",
        "addr:postcode": "560078",
        "addr:state": "Karnataka",
        "amenity": "hospital",
        "healthcare": "hospital",
        "name": "Supra South City Hospital",
        "source": "OpenGovernmentData"
      },
      "geometry": {
        "type": "Point",
        "coordinates": [
          77.5799654,
          12.8919509
        ]
      },
      "id": "node/6938692472"
    },
    {
      "type": "Feature",
      "properties": {
        "@id": "node/6938695148",
        "addr:district": "Bengaluru Urban",
        "addr:full": "No. 414/65, 20th Main, West of Chord road, 1st Block, Rajajinagar, Bangalore",
        "addr:postcode": "560010",
        "addr:state": "Karnataka",
        "amenity": "hospital",
        "contact:email": "info@chanrericr.com",
        "contact:phone": "080 - 42516699",
        "healthcare": "hospital",
        "name": "ChanRe Rheumatology and Immunology Center and Research",
        "source": "OpenGovernmentData",
        "website": "https://www.chanrericr.com/"
      },
      "geometry": {
        "type": "Point",
        "coordinates": [
          77.550269,
          12.9992083
        ]
      },
      "id": "node/6938695148"
    },
    {
      "type": "Feature",
      "properties": {
        "@id": "node/6938695149",
        "addr:district": "Bengaluru Urban",
        "addr:full": "54, 4th cross,4th main, NGEF Layout, Nrupathunganagar, Nagarabhavi, Bengaluru, Karnataka 560072",
        "addr:postcode": "560072",
        "addr:state": "Karnataka",
        "amenity": "hospital",
        "name": "Chandana Hospital",
        "source": "OpenGovernmentData"
      },
      "geometry": {
        "type": "Point",
        "coordinates": [
          77.5114394,
          12.9579894
        ]
      },
      "id": "node/6938695149"
    },
    {
      "type": "Feature",
      "properties": {
        "@id": "node/6938695174",
        "addr:district": "Bengaluru Urban",
        "addr:full": "Nagarwara",
        "addr:postcode": "560045",
        "addr:state": "Karnataka",
        "amenity": "hospital",
        "name": "J M J Hospital, Bengaluru Urban",
        "source": "OpenGovernmentData"
      },
      "geometry": {
        "type": "Point",
        "coordinates": [
          77.6230843,
          13.0398217
        ]
      },
      "id": "node/6938695174"
    },
    {
      "type": "Feature",
      "properties": {
        "@id": "node/6938708338",
        "addr:district": "Bengaluru Urban",
        "addr:full": "No 154, 17 Th Main, 29 Th Cross, Near Bnm Institution",
        "addr:postcode": "560070",
        "addr:state": "Karnataka",
        "amenity": "hospital",
        "healthcare": "hospital",
        "name": "Sri Krishna Hospital",
        "source": "OpenGovernmentData"
      },
      "geometry": {
        "type": "Point",
        "coordinates": [
          77.5655432,
          12.9215013
        ]
      },
      "id": "node/6938708338"
    },
    {
      "type": "Feature",
      "properties": {
        "@id": "node/6938717990",
        "addr:district": "Bengaluru Urban",
        "addr:full": "24/1 5Th Cross Malleswaram",
        "addr:postcode": "560003",
        "addr:state": "Karnataka",
        "amenity": "hospital",
        "healthcare": "hospital",
        "name": "Malleswaram Eye Day Care Hospital - Bengalore",
        "source": "OpenGovernmentData"
      },
      "geometry": {
        "type": "Point",
        "coordinates": [
          77.5716037,
          12.9966677
        ]
      },
      "id": "node/6938717990"
    },
    {
      "type": "Feature",
      "properties": {
        "@id": "node/6938717991",
        "addr:district": "Bengaluru Urban",
        "addr:full": "No.02, Sirur Park Road, Seshadripuram",
        "addr:postcode": "560020",
        "addr:state": "Karnataka",
        "amenity": "hospital",
        "healthcare": "hospital",
        "name": "Mahaveer Eye Hospital Private Limited",
        "operator:type": "private",
        "source": "OpenGovernmentData",
        "website": "http://dpal.kar.nic.in/Kanunu%20padakosha%20PDF%20Files/Recognised%20Hospitals.pdf"
      },
      "geometry": {
        "type": "Point",
        "coordinates": [
          77.5729595,
          12.9933551
        ]
      },
      "id": "node/6938717991"
    },
    {
      "type": "Feature",
      "properties": {
        "@id": "node/6938717993",
        "addr:district": "Bengaluru Urban",
        "addr:full": "No.21,22,2nd Main Road, Palace Guttahalli",
        "addr:postcode": "560003",
        "addr:state": "Karnataka",
        "amenity": "hospital",
        "name": "Bilva Hospital",
        "name:kn": "ಬಿಲ್ವಾ ಆಸ್ಪತ್ರೆ",
        "source": "OpenGovernmentData"
      },
      "geometry": {
        "type": "Point",
        "coordinates": [
          77.5802015,
          12.9989833
        ]
      },
      "id": "node/6938717993"
    },
    {
      "type": "Feature",
      "properties": {
        "@id": "node/6938727983",
        "addr:district": "Bengaluru Urban",
        "addr:full": "256/14, Kanakapura Main Road, 7th Block, Jayanagar",
        "addr:postcode": "560082",
        "addr:state": "Karnataka",
        "amenity": "hospital",
        "healthcare:speciality": "ophthalmology",
        "name": "Nethradhama Superspeciality Eye Hospital, Jayanagar",
        "operator:type": "private",
        "source": "OpenGovernmentData",
        "website": "https://www.nethradhama.org/"
      },
      "geometry": {
        "type": "Point",
        "coordinates": [
          77.5773127,
          12.9256932
        ]
      },
      "id": "node/6938727983"
    },
    {
      "type": "Feature",
      "properties": {
        "@id": "node/6938741378",
        "addr:district": "Bengaluru Urban",
        "addr:full": "C K Emerald, No-10,N S Palya Kaveriappa Industrial Area, Bannergatta Road",
        "addr:postcode": "560076",
        "addr:state": "Karnataka",
        "amenity": "hospital",
        "healthcare": "hospital",
        "name": "Dr Agarwals Eye Hospital Ltd",
        "operator": "Dr. Agarwal's Eye Hospital",
        "operator:type": "private",
        "operator:wikidata": "Q17052044",
        "source": "OpenGovernmentData"
      },
      "geometry": {
        "type": "Point",
        "coordinates": [
          77.5994906,
          12.9122295
        ]
      },
      "id": "node/6938741378"
    },
    {
      "type": "Feature",
      "properties": {
        "@id": "node/6938758526",
        "addr:district": "Bengaluru Urban",
        "addr:full": "#86 Hosur Main Road, Madivala",
        "addr:postcode": "560068",
        "addr:state": "Karnataka",
        "amenity": "hospital",
        "name": "Sri Venkateshwara Hospitals",
        "operator:type": "private",
        "source": "OpenGovernmentData",
        "website": "http://dpal.kar.nic.in/Kanunu%20padakosha%20PDF%20Files/Recognised%20Hospitals.pdf"
      },
      "geometry": {
        "type": "Point",
        "coordinates": [
          77.6167399,
          12.926471
        ]
      },
      "id": "node/6938758526"
    },
    {
      "type": "Feature",
      "properties": {
        "@id": "node/6938759412",
        "addr:district": "Bengaluru Urban",
        "addr:full": "Opus, 143, 1st Cross, 5th Block, Koramangala",
        "addr:postcode": "560034",
        "addr:state": "Karnataka",
        "amenity": "hospital",
        "email": "info@novamedicalcenters.com",
        "healthcare:speciality": "multi speciality",
        "name": "Nova Specialty Surgery Center, Koramangala",
        "operator:type": "private",
        "source": "OpenGovernmentData",
        "website": "www.novaspecialtysurgery.com"
      },
      "geometry": {
        "type": "Point",
        "coordinates": [
          77.620208,
          12.9339097
        ]
      },
      "id": "node/6938759412"
    },
    {
      "type": "Feature",
      "properties": {
        "@id": "node/6938772336",
        "addr:district": "Bengaluru Urban",
        "addr:full": "Dr.Gurappa Naidu Complex, Opposite Komarla Brigade Residency. Uttarahalli Main Road, Chikkalasandra",
        "addr:postcode": "560063",
        "addr:state": "Karnataka",
        "amenity": "hospital",
        "healthcare": "hospital",
        "name": "C.S. Hospital",
        "source": "OpenGovernmentData"
      },
      "geometry": {
        "type": "Point",
        "coordinates": [
          77.5528805,
          12.9118831
        ]
      },
      "id": "node/6938772336"
    },
    {
      "type": "Feature",
      "properties": {
        "@id": "node/6938774143",
        "addr:district": "Bengaluru Urban",
        "addr:full": "No.10, Pipeline Road, RPC Layout, Vijayanagar, 2nd Stage",
        "addr:postcode": "560104",
        "addr:state": "Karnataka",
        "amenity": "hospital",
        "email": "skamcBengaluru@gmail.com",
        "healthcare": "hospital",
        "name": "Sri Kalabyraveshwara Swamy Ayurvedic Medical College hospital",
        "operator:type": "private",
        "source": "OpenGovernmentData",
        "website": "http://skayurvediccollegeandhospital.com/"
      },
      "geometry": {
        "type": "Point",
        "coordinates": [
          77.5435022,
          12.9650437
        ]
      },
      "id": "node/6938774143"
    },
    {
      "type": "Feature",
      "properties": {
        "@id": "node/6938775801",
        "addr:district": "Bengaluru Urban",
        "addr:full": "No 18/2, 1st Cross, M.C. Layout, Vijayanagar",
        "addr:postcode": "560079",
        "addr:state": "Karnataka",
        "amenity": "hospital",
        "name": "Anugraha Hospital, Vijayanagar",
        "name:kn": "ಅನುಗ್ರಹ ಆಸ್ಪತ್ರೆ",
        "source": "OpenGovernmentData"
      },
      "geometry": {
        "type": "Point",
        "coordinates": [
          77.5455876,
          12.9765645
        ]
      },
      "id": "node/6938775801"
    },
    {
      "type": "Feature",
      "properties": {
        "@id": "node/6938775815",
        "addr:district": "Bengaluru Urban",
        "addr:full": "No.32/1, Maruthi Complex,M S Nagar Bus Stop,Banaswadi Road",
        "addr:postcode": "560083",
        "addr:state": "Karnataka",
        "amenity": "hospital",
        "name": "Apple Hospital",
        "source": "OpenGovernmentData"
      },
      "geometry": {
        "type": "Point",
        "coordinates": [
          77.5837862,
          13.103924
        ]
      },
      "id": "node/6938775815"
    },
    {
      "type": "Feature",
      "properties": {
        "@id": "node/6938775840",
        "addr:district": "Bengaluru Urban",
        "addr:full": "7Th Cross, Rangaswamy Temple Street",
        "addr:postcode": "560053",
        "addr:state": "Karnataka",
        "amenity": "hospital",
        "name": "Amar Hospital",
        "name:kn": "ಅಮರ್ ಆಸ್ಪತ್ರೆ",
        "source": "OpenGovernmentData"
      },
      "geometry": {
        "type": "Point",
        "coordinates": [
          77.5781228,
          12.9711822
        ]
      },
      "id": "node/6938775840"
    },
    {
      "type": "Feature",
      "properties": {
        "@id": "node/6938775845",
        "addr:district": "Bengaluru Urban",
        "addr:full": "# 122, 5th Main Road, Chamarajpet",
        "addr:postcode": "560018",
        "addr:state": "Karnataka",
        "amenity": "hospital",
        "email": "retinaKarnatakaa@gmail.com",
        "name": "Retina Institute Of Karnataka",
        "operator:type": "private",
        "source": "OpenGovernmentData",
        "website": "https://www.retinainstitute.org/"
      },
      "geometry": {
        "type": "Point",
        "coordinates": [
          77.5640827,
          12.95727
        ]
      },
      "id": "node/6938775845"
    },
    {
      "type": "Feature",
      "properties": {
        "@id": "node/6938775846",
        "addr:district": "Bengaluru Urban",
        "addr:full": "123, 5Th Main Road, Chamarajpet",
        "addr:postcode": "560018",
        "addr:state": "Karnataka",
        "amenity": "hospital",
        "name": "The Venlakh Hospital",
        "source": "OpenGovernmentData"
      },
      "geometry": {
        "type": "Point",
        "coordinates": [
          77.5644522,
          12.9572978
        ]
      },
      "id": "node/6938775846"
    },
    {
      "type": "Feature",
      "properties": {
        "@id": "node/6938775854",
        "addr:district": "Bengaluru Urban",
        "addr:full": "No.10/4 & 10/5, 3Road Main Road, Hanumanthanagar",
        "addr:postcode": "560019",
        "addr:state": "Karnataka",
        "amenity": "hospital",
        "name": "Vishwabharathi Hospital Pvt. Ltd",
        "source": "OpenGovernmentData"
      },
      "geometry": {
        "type": "Point",
        "coordinates": [
          77.5644596,
          12.9406698
        ]
      },
      "id": "node/6938775854"
    },
    {
      "type": "Feature",
      "properties": {
        "@id": "node/6938775855",
        "addr:district": "Bengaluru Urban",
        "addr:full": "No 519/34, 2nd Cross 10Th Main, Bsk 1st Stage Banashankari",
        "addr:postcode": "560050",
        "addr:state": "Karnataka",
        "amenity": "hospital",
        "name": "Sunetra Eye Hospital, Bengaluru Urban",
        "source": "OpenGovernmentData"
      },
      "geometry": {
        "type": "Point",
        "coordinates": [
          77.5578493,
          12.9404548
        ]
      },
      "id": "node/6938775855"
    },
    {
      "type": "Feature",
      "properties": {
        "@id": "node/6938775856",
        "addr:district": "Bengaluru Urban",
        "addr:full": "No. 39, 8Th B Main Raod, Bsk 2nd Stage",
        "addr:postcode": "560070",
        "addr:state": "Karnataka",
        "amenity": "hospital",
        "name": "Sri Vivekananda Sevashrama",
        "source": "OpenGovernmentData"
      },
      "geometry": {
        "type": "Point",
        "coordinates": [
          77.5711893,
          12.9253299
        ]
      },
      "id": "node/6938775856"
    },
    {
      "type": "Feature",
      "properties": {
        "@id": "node/6938775857",
        "addr:district": "Bengaluru Urban",
        "addr:full": "# 39, 17Thc Cross, 8Thb Main, Banashankari Ii Stage",
        "addr:postcode": "560070",
        "addr:state": "Karnataka",
        "amenity": "hospital",
        "name": "Saraswathi Hospital",
        "name:kn": "ಸರಸ್ವತಿ ಆಸ್ಪತ್ರೆ",
        "source": "OpenGovernmentData"
      },
      "geometry": {
        "type": "Point",
        "coordinates": [
          77.568896,
          12.9276382
        ]
      },
      "id": "node/6938775857"
    },
    {
      "type": "Feature",
      "properties": {
        "@id": "node/6938777900",
        "addr:district": "Bengaluru Urban",
        "addr:full": "Plot No.3 and 4, Sadaramangala Industrial Area, Near Itpl",
        "addr:postcode": "560048",
        "addr:state": "Karnataka",
        "amenity": "hospital",
        "healthcare": "hospital",
        "name": "Narayana Multispeciality Hospital",
        "operator:type": "private",
        "source": "OpenGovernmentData",
        "website": "https://www.narayanahealth.org/"
      },
      "geometry": {
        "type": "Point",
        "coordinates": [
          77.7337486,
          12.9894936
        ]
      },
      "id": "node/6938777900"
    },
    {
      "type": "Feature",
      "properties": {
        "@id": "node/6938777910",
        "addr:district": "Bengaluru Urban",
        "addr:full": "Hosur Road",
        "addr:postcode": "560029",
        "addr:state": "Karnataka",
        "amenity": "hospital",
        "email": "rmo@nimhans.kar.nic.in;ms@nimhans.kar.nic.in",
        "healthcare": "hospital",
        "name": "National Institute of Mental Health and Neuro Sciences",
        "operator:type": "government",
        "short_name": "NIMHANS",
        "source": "OpenGovernmentData",
        "website": "https://nimhans.ac.in/"
      },
      "geometry": {
        "type": "Point",
        "coordinates": [
          77.5944105,
          12.9386321
        ]
      },
      "id": "node/6938777910"
    },
    {
      "type": "Feature",
      "properties": {
        "@id": "node/6938777925",
        "addr:district": "Bengaluru Urban",
        "addr:full": "No.160, 1st Floor,Rashi Complex,2nd Stage,2nd Block,Near Bda Complex, Nagarabhavi",
        "addr:postcode": "560072",
        "addr:state": "Karnataka",
        "amenity": "hospital",
        "name": "Netraspandana Healthcare and Research Pvt. Ltd",
        "source": "OpenGovernmentData"
      },
      "geometry": {
        "type": "Point",
        "coordinates": [
          77.5461361,
          12.9291283
        ]
      },
      "id": "node/6938777925"
    },
    {
      "type": "Feature",
      "properties": {
        "@id": "node/6938777940",
        "addr:district": "Bengaluru Urban",
        "addr:full": "No 150/3 Jnrt Mansion B.B. Road",
        "addr:postcode": "560064",
        "addr:state": "Karnataka",
        "amenity": "hospital",
        "check_date": "2024-09-27",
        "name": "North City CT Scan",
        "source": "OpenGovernmentData"
      },
      "geometry": {
        "type": "Point",
        "coordinates": [
          77.594104,
          13.0945892
        ]
      },
      "id": "node/6938777940"
    },
    {
      "type": "Feature",
      "properties": {
        "@id": "node/6938777945",
        "addr:district": "Bengaluru Urban",
        "addr:full": "Bkf Chand , Nephro- Urology Centre, Ca - 6,15Th, Main Street, 11Th Cross, Padmanabhanagar",
        "addr:postcode": "560070",
        "addr:state": "Karnataka",
        "amenity": "hospital",
        "name": "Nu Trust",
        "source": "OpenGovernmentData"
      },
      "geometry": {
        "type": "Point",
        "coordinates": [
          77.5550705,
          12.9176216
        ]
      },
      "id": "node/6938777945"
    },
    {
      "type": "Feature",
      "properties": {
        "@id": "node/6938777957",
        "addr:district": "Bengaluru Urban",
        "addr:full": "67/1, H V R Complex Magadi Main Road Kanakapura",
        "addr:postcode": "560079",
        "addr:state": "Karnataka",
        "amenity": "hospital",
        "name": "Padmavathi Hospital, Bengaluru Urban",
        "source": "OpenGovernmentData"
      },
      "geometry": {
        "type": "Point",
        "coordinates": [
          77.5333714,
          12.9817311
        ]
      },
      "id": "node/6938777957"
    },
    {
      "type": "Feature",
      "properties": {
        "@id": "node/6938777962",
        "addr:district": "Bengaluru Rural",
        "addr:full": "# 1/3, Heggenanalli Main Road, Opposite Ganesh Temple, Near Peenya 2nd Stage, , Last Bus Stop",
        "addr:postcode": "560091",
        "addr:state": "Karnataka",
        "amenity": "hospital",
        "name": "Panchamukhi Specialityu Hospital",
        "source": "OpenGovernmentData"
      },
      "geometry": {
        "type": "Point",
        "coordinates": [
          77.5031644,
          12.9957177
        ]
      },
      "id": "node/6938777962"
    },
    {
      "type": "Feature",
      "properties": {
        "@id": "node/6938779562",
        "addr:district": "Bengaluru Urban",
        "addr:full": "No. 127/1, Sri Gandhanda Kaval, Sunkadakatte, Viswaneedam Post, Magadi Main Road",
        "addr:postcode": "560054",
        "addr:state": "Karnataka",
        "amenity": "hospital",
        "name": "Sri Lakshmi Multi Speciality Hospital",
        "source": "OpenGovernmentData"
      },
      "geometry": {
        "type": "Point",
        "coordinates": [
          77.5087273,
          12.9881868
        ]
      },
      "id": "node/6938779562"
    },
    {
      "type": "Feature",
      "properties": {
        "@id": "node/6938781514",
        "addr:district": "Bengaluru Urban",
        "addr:full": "Hennur Main Road Opposite Srirama Temple",
        "addr:postcode": "560043",
        "addr:state": "Karnataka",
        "amenity": "hospital",
        "healthcare": "hospital",
        "name": "K C Raju Multi Speciality Hospital",
        "source": "OpenGovernmentData"
      },
      "geometry": {
        "type": "Point",
        "coordinates": [
          77.6235594,
          13.0090828
        ]
      },
      "id": "node/6938781514"
    },
    {
      "type": "Feature",
      "properties": {
        "@id": "node/6938783140",
        "addr:district": "Bengaluru Urban",
        "addr:full": "#129, 1 Main Road, Kattriguppe, Banashankari Iii Stage",
        "addr:postcode": "560085",
        "addr:state": "Karnataka",
        "amenity": "hospital",
        "name": "Ring Road Hospital",
        "source": "OpenGovernmentData"
      },
      "geometry": {
        "type": "Point",
        "coordinates": [
          77.5519297,
          12.9278657
        ]
      },
      "id": "node/6938783140"
    },
    {
      "type": "Feature",
      "properties": {
        "@id": "node/6938787285",
        "addr:district": "Bengaluru Urban",
        "addr:full": "Dsp Tower, No 40, 1st Floor Above Icici Bank Ltd",
        "addr:postcode": "560076",
        "addr:state": "Karnataka",
        "addr:subdistrict": "Arkere",
        "amenity": "hospital",
        "healthcare": "hospital",
        "name": "Vasan Eye Care Hospital, Bannergatta Road",
        "operator:type": "private",
        "source": "OpenGovernmentData",
        "website": "http://www.vasaneye.in/"
      },
      "geometry": {
        "type": "Point",
        "coordinates": [
          77.5957945,
          12.8822813
        ]
      },
      "id": "node/6938787285"
    },
    {
      "type": "Feature",
      "properties": {
        "@id": "node/6938790393",
        "addr:district": "Bengaluru Rural",
        "addr:full": "No. 38/2, 2nd Main Road, Madiwala New Extension",
        "addr:postcode": "560068",
        "addr:state": "Karnataka",
        "amenity": "hospital",
        "name": "Varalakshmi Hospital",
        "name:kn": "ವರಲಕ್ಷ್ಮಿ ಆಸ್ಪತ್ರೆ",
        "source": "OpenGovernmentData"
      },
      "geometry": {
        "type": "Point",
        "coordinates": [
          77.6170966,
          12.924624
        ]
      },
      "id": "node/6938790393"
    },
    {
      "type": "Feature",
      "properties": {
        "@id": "node/6938794412",
        "addr:district": "Bengaluru Urban",
        "addr:full": "1105, 5Th Cross,Kn Extension, Yeshwanthpur",
        "addr:postcode": "560022",
        "addr:state": "Karnataka",
        "amenity": "hospital",
        "name": "Kala Hospital",
        "source": "OpenGovernmentData"
      },
      "geometry": {
        "type": "Point",
        "coordinates": [
          77.5587304,
          13.0223669
        ]
      },
      "id": "node/6938794412"
    },
    {
      "type": "Feature",
      "properties": {
        "@id": "node/6938863247",
        "addr:district": "Bengaluru Urban",
        "addr:full": "#942, 28Th Main, 9Th Block,Jayanagar",
        "addr:postcode": "560039",
        "addr:state": "Karnataka",
        "amenity": "hospital",
        "check_date": "2025-12-06",
        "healthcare": "hospital",
        "name": "Shekhar Hospital, Jayanagar",
        "name:kn": "ಶೇಖರ ಆಸ್ಪತ್ರೆ",
        "source": "OpenGovernmentData"
      },
      "geometry": {
        "type": "Point",
        "coordinates": [
          77.5948906,
          12.917589
        ]
      },
      "id": "node/6938863247"
    },
    {
      "type": "Feature",
      "properties": {
        "@id": "node/6938864290",
        "addr:district": "Bengaluru Urban",
        "addr:full": "#21/1, Lakshmipura Main Road,Vidyaranyapura,Opposite Lakshmipura Lake",
        "addr:postcode": "560097",
        "addr:state": "Karnataka",
        "amenity": "hospital",
        "name": "Rajalakshmi Hospital",
        "source": "OpenGovernmentData"
      },
      "geometry": {
        "type": "Point",
        "coordinates": [
          77.5308891,
          13.0842019
        ]
      },
      "id": "node/6938864290"
    },
    {
      "type": "Feature",
      "properties": {
        "@id": "node/6938876210",
        "addr:district": "Bengaluru Urban",
        "addr:full": "Plot No.2(A-2) A Type Bbmp No.57-64-2, Shivana Arcade",
        "addr:postcode": "560078",
        "addr:state": "Karnataka",
        "amenity": "hospital",
        "healthcare": "hospital",
        "name": "Vasan Eye Care Hospital, Sarakki",
        "operator:type": "private",
        "source": "OpenGovernmentData",
        "website": "http://www.vasaneye.in/"
      },
      "geometry": {
        "type": "Point",
        "coordinates": [
          77.5732398,
          12.9103393
        ]
      },
      "id": "node/6938876210"
    },
    {
      "type": "Feature",
      "properties": {
        "@id": "node/6938889541",
        "addr:district": "Bengaluru Urban",
        "addr:full": "#103, Munnekolal, Verthur Road, Marthahalli Post",
        "addr:postcode": "560037",
        "addr:state": "Karnataka",
        "amenity": "hospital",
        "name": "Lions Airport City Hospital",
        "source": "OpenGovernmentData"
      },
      "geometry": {
        "type": "Point",
        "coordinates": [
          77.7051643,
          12.9551501
        ]
      },
      "id": "node/6938889541"
    },
    {
      "type": "Feature",
      "properties": {
        "@id": "node/6938896388",
        "addr:district": "Bengaluru Rural",
        "addr:full": "No-8, 1st Cross Ngr Layout Roopera Agrahara",
        "addr:postcode": "560068",
        "addr:state": "Karnataka",
        "amenity": "hospital",
        "name": "Mahanth Hospital",
        "source": "OpenGovernmentData"
      },
      "geometry": {
        "type": "Point",
        "coordinates": [
          77.6235715,
          12.9079615
        ]
      },
      "id": "node/6938896388"
    },
    {
      "type": "Feature",
      "properties": {
        "@id": "node/6938912267",
        "addr:district": "Bengaluru Urban",
        "addr:full": "No.1156, 26th Main, 4th `T` Block, Jayanagar (Opposite 4th `T` BlockBus Depot)",
        "addr:postcode": "560041",
        "addr:state": "Karnataka",
        "amenity": "hospital",
        "email": "info@sunayanaeyehospital.com",
        "healthcare": "hospital",
        "name": "Sunayana Eye Hospital",
        "operator:type": "private",
        "source": "OpenGovernmentData",
        "website": "https://sunayanaeyehospital.com/"
      },
      "geometry": {
        "type": "Point",
        "coordinates": [
          77.5937748,
          12.9255233
        ]
      },
      "id": "node/6938912267"
    },
    {
      "type": "Feature",
      "properties": {
        "@id": "node/6938948962",
        "addr:district": "Bengaluru Urban",
        "addr:full": "402, 2nd Cross Judges Colony Ganganagar",
        "addr:postcode": "560032",
        "addr:state": "Karnataka",
        "amenity": "hospital",
        "name": "Lakshmi Hospital, Ganganagar",
        "source": "OpenGovernmentData"
      },
      "geometry": {
        "type": "Point",
        "coordinates": [
          77.592089,
          13.024837
        ]
      },
      "id": "node/6938948962"
    },
    {
      "type": "Feature",
      "properties": {
        "@id": "node/6938949273",
        "addr:district": "Bengaluru Urban",
        "addr:full": "No. 3Ac 902, 3Road A Cross, 1st Block,9Th A Main, Kalyannagar",
        "addr:postcode": "560043",
        "addr:state": "Karnataka",
        "amenity": "hospital",
        "name": "Lokhande S Hospital",
        "source": "OpenGovernmentData"
      },
      "geometry": {
        "type": "Point",
        "coordinates": [
          77.6479433,
          13.0186045
        ]
      },
      "id": "node/6938949273"
    },
    {
      "type": "Feature",
      "properties": {
        "@id": "node/6938988776",
        "addr:district": "Bengaluru Urban",
        "addr:full": "1st Main Road, 7th Cross, Ganganagar",
        "addr:postcode": "560032",
        "addr:state": "Karnataka",
        "addr:subdistrict": "Ganganagar",
        "amenity": "hospital",
        "healthcare:speciality": "Piles; fistula; fissure",
        "name": "Dr. T.V.Ramesh Piles Hospital",
        "operator:type": "private",
        "source": "OpenGovernmentData",
        "website": "https://www.pilesramesh.com/"
      },
      "geometry": {
        "type": "Point",
        "coordinates": [
          77.5856289,
          13.0250141
        ]
      },
      "id": "node/6938988776"
    },
    {
      "type": "Feature",
      "properties": {
        "@id": "node/6938995621",
        "addr:district": "Bengaluru Urban",
        "addr:full": "909, 47Th Cross, 9Thmain, 5Th Block, Opposite Adarshapalace Apts And Near Raghavendra Matha, Jayanagar",
        "addr:postcode": "560041",
        "addr:state": "Karnataka",
        "amenity": "hospital",
        "healthcare": "hospital",
        "name": "Dr Kamini Rao Hospital(A Unit Of Bacc Health Care Pvt Ltd)",
        "source": "OpenGovernmentData"
      },
      "geometry": {
        "type": "Point",
        "coordinates": [
          77.5847384,
          12.9163994
        ]
      },
      "id": "node/6938995621"
    },
    {
      "type": "Feature",
      "properties": {
        "@id": "node/6939048258",
        "addr:district": "Bengaluru Urban",
        "addr:full": "No 44-45/2, 2nd Cross, Raja Rammohan Roy Extension, Opposite Double Road",
        "addr:postcode": "560027",
        "addr:state": "Karnataka",
        "amenity": "hospital",
        "name": "HCG",
        "source": "OpenGovernmentData"
      },
      "geometry": {
        "type": "Point",
        "coordinates": [
          77.592659,
          12.9605309
        ]
      },
      "id": "node/6939048258"
    },
    {
      "type": "Feature",
      "properties": {
        "@id": "node/6939074293",
        "addr:district": "Bengaluru Urban",
        "addr:full": "Kadugondanahalli",
        "addr:postcode": "560045",
        "addr:state": "Karnataka",
        "amenity": "hospital",
        "email": "drbramc@rediffmail.com",
        "healthcare:speciality": "multi speciality",
        "name": "Dr Ambedkar Medical College Hospital",
        "operator:type": "private",
        "source": "OpenGovernmentData",
        "website": "http://www.bramc.org/"
      },
      "geometry": {
        "type": "Point",
        "coordinates": [
          77.613084,
          13.0218188
        ]
      },
      "id": "node/6939074293"
    },
    {
      "type": "Feature",
      "properties": {
        "@id": "node/6939075872",
        "addr:district": "Bengaluru Urban",
        "addr:full": "15/1 Iyappaswamy Templestraight Road",
        "addr:postcode": "560021",
        "addr:state": "Karnataka",
        "amenity": "hospital",
        "healthcare": "hospital",
        "name": "Supriya Hospital, Bengaluru Urban",
        "source": "OpenGovernmentData"
      },
      "geometry": {
        "type": "Point",
        "coordinates": [
          77.5588015,
          12.9929043
        ]
      },
      "id": "node/6939075872"
    },
    {
      "type": "Feature",
      "properties": {
        "@id": "node/6939076687",
        "addr:district": "Bengaluru Urban",
        "addr:full": "91, Kavalbhyrasandra Dr Amc Road, Rt Nagar Post R T Nagar",
        "addr:postcode": "560032",
        "addr:state": "Karnataka",
        "amenity": "hospital",
        "name": "Manju Sree Hospital",
        "name:kn": "ಮಂಜುಶ್ರೀ ಆಸ್ಪತ್ರೆ",
        "source": "OpenGovernmentData",
        "wheelchair": "yes"
      },
      "geometry": {
        "type": "Point",
        "coordinates": [
          77.6070739,
          13.0212406
        ]
      },
      "id": "node/6939076687"
    },
    {
      "type": "Feature",
      "properties": {
        "@id": "node/6939108450",
        "addr:district": "Bengaluru Urban",
        "addr:full": "No.138, Aec Layout, Sanjay Nagar",
        "addr:postcode": "560094",
        "addr:state": "Karnataka",
        "amenity": "hospital",
        "name": "Raj Mahal Vilas Hospital",
        "source": "OpenGovernmentData"
      },
      "geometry": {
        "type": "Point",
        "coordinates": [
          77.5770459,
          13.0322819
        ]
      },
      "id": "node/6939108450"
    },
    {
      "type": "Feature",
      "properties": {
        "@id": "node/6939253041",
        "addr:district": "Bengaluru Urban",
        "addr:full": "#434, 18Th Main 80 Ft Road, 6Th Block, Opp Koramangala Bus Depot",
        "addr:housenumber": "434",
        "addr:postcode": "560095",
        "addr:state": "Karnataka",
        "addr:street": "18th Main Road",
        "amenity": "hospital",
        "check_date": "2024-01-10",
        "email": "care@devieyehospital.in",
        "full_name": "Devi Super Speciality Eye Hospital Pvt Ltd",
        "healthcare": "hospital",
        "healthcare:speciality": "multi speciality",
        "name": "Devi Eye Hospital",
        "operator:type": "private",
        "source": "OpenGovernmentData",
        "website": "http://www.devieyehospital.in/"
      },
      "geometry": {
        "type": "Point",
        "coordinates": [
          77.6238987,
          12.9412109
        ]
      },
      "id": "node/6939253041"
    },
    {
      "type": "Feature",
      "properties": {
        "@id": "node/6939257334",
        "addr:district": "Bengaluru Urban",
        "addr:full": "42, 7Th Block,Ii Stage,Nagarabhavi Ring Road,Near Bhojana Shale Hotel",
        "addr:postcode": "560072",
        "addr:state": "Karnataka",
        "amenity": "hospital",
        "name": "Essential Hospital",
        "source": "OpenGovernmentData"
      },
      "geometry": {
        "type": "Point",
        "coordinates": [
          77.5096312,
          12.974865
        ]
      },
      "id": "node/6939257334"
    },
    {
      "type": "Feature",
      "properties": {
        "@id": "node/6939311791",
        "addr:district": "Bengaluru Urban",
        "addr:full": "#3/666, Hennur Bande,Hennur Main Road, Kalayan Nagar Post,International Link Road",
        "addr:postcode": "560043",
        "addr:state": "Karnataka",
        "amenity": "hospital",
        "name": "Shree Vijayalakshmi Hospital and Trauma Centre",
        "source": "OpenGovernmentData"
      },
      "geometry": {
        "type": "Point",
        "coordinates": [
          77.6409059,
          13.0373572
        ]
      },
      "id": "node/6939311791"
    },
    {
      "type": "Feature",
      "properties": {
        "@id": "node/6939319393",
        "addr:district": "Bengaluru Urban",
        "addr:full": "127/1, Bull Temple Road",
        "addr:postcode": "560019",
        "addr:state": "Karnataka",
        "amenity": "hospital",
        "name": "Kalasa Maternity Home",
        "source": "OpenGovernmentData"
      },
      "geometry": {
        "type": "Point",
        "coordinates": [
          77.5672585,
          12.9548208
        ]
      },
      "id": "node/6939319393"
    },
    {
      "type": "Feature",
      "properties": {
        "@id": "node/6939438895",
        "addr:district": "Bengaluru Urban",
        "addr:full": "1031, 20Th Main Road, 5Th Block, Rajajinagar",
        "addr:postcode": "560010",
        "addr:state": "Karnataka",
        "amenity": "hospital",
        "name": "Sidvin Hospital Pvt Ltd",
        "source": "OpenGovernmentData"
      },
      "geometry": {
        "type": "Point",
        "coordinates": [
          77.5493681,
          12.982442
        ]
      },
      "id": "node/6939438895"
    },
    {
      "type": "Feature",
      "properties": {
        "@id": "node/6939444286",
        "addr:district": "Bengaluru Urban",
        "addr:full": "#271, 5Th Block, 100 Feet Road, 3Road Phase, Banashankari",
        "addr:postcode": "560085",
        "addr:state": "Karnataka",
        "amenity": "hospital",
        "name": "Abhilash Hospital And Sara Rehabilitation Centre",
        "source": "OpenGovernmentData"
      },
      "geometry": {
        "type": "Point",
        "coordinates": [
          77.5509238,
          12.9246384
        ]
      },
      "id": "node/6939444286"
    },
    {
      "type": "Feature",
      "properties": {
        "@id": "node/6939445234",
        "addr:district": "Bengaluru Urban",
        "addr:full": "# 88, 17th, A Main, 2nd Cross, 5th Block, Koramangala",
        "addr:postcode": "560095",
        "addr:state": "Karnataka",
        "amenity": "hospital",
        "healthcare:speciality": "Clinical Labs; Diagnosis; Medical Oncology; Radiation oncology; Surgical Oncology",
        "name": "HCG, Koramangala",
        "operator:type": "private",
        "source": "OpenGovernmentData",
        "website": "https://www.hcgoncology.com/"
      },
      "geometry": {
        "type": "Point",
        "coordinates": [
          77.6228848,
          12.9343279
        ]
      },
      "id": "node/6939445234"
    },
    {
      "type": "Feature",
      "properties": {
        "@id": "node/6939522367",
        "addr:district": "Bengaluru Urban",
        "addr:full": "No.4, Achaiah Chetty Layout, Mekri Circle",
        "addr:postcode": "560080",
        "addr:state": "Karnataka",
        "amenity": "hospital",
        "name": "Ganesh Nursing Home, Bengaluru Urban",
        "source": "OpenGovernmentData"
      },
      "geometry": {
        "type": "Point",
        "coordinates": [
          77.6330289,
          12.8957636
        ]
      },
      "id": "node/6939522367"
    },
    {
      "type": "Feature",
      "properties": {
        "@id": "node/6939562670",
        "addr:district": "Bengaluru Rural",
        "addr:full": "No 4/158, Hongasandra Begur Main Road Bdgur Main Road",
        "addr:postcode": "560068",
        "addr:state": "Karnataka",
        "amenity": "hospital",
        "name": "Kavya Hospital",
        "source": "OpenGovernmentData"
      },
      "geometry": {
        "type": "Point",
        "coordinates": [
          77.6263127,
          12.8987442
        ]
      },
      "id": "node/6939562670"
    },
    {
      "type": "Feature",
      "properties": {
        "@id": "node/6939582677",
        "addr:district": "Bengaluru Urban",
        "addr:full": "30, 2nd Cross Anjaneya Nagar, 3Road Stage Banashankari",
        "addr:postcode": "560085",
        "addr:state": "Karnataka",
        "amenity": "hospital",
        "name": "Sg Hospital",
        "source": "OpenGovernmentData"
      },
      "geometry": {
        "type": "Point",
        "coordinates": [
          77.5457901,
          12.9275311
        ]
      },
      "id": "node/6939582677"
    },
    {
      "type": "Feature",
      "properties": {
        "@id": "node/6939699617",
        "addr:district": "Bengaluru Urban",
        "addr:full": "Near Nti Qtrs, Jataka Stand, P.G.Halli, East",
        "addr:postcode": "560003",
        "addr:state": "Karnataka",
        "amenity": "hospital",
        "name": "Place Guttahalli Maternity Home",
        "source": "OpenGovernmentData"
      },
      "geometry": {
        "type": "Point",
        "coordinates": [
          77.5819892,
          12.9988238
        ]
      },
      "id": "node/6939699617"
    },
    {
      "type": "Feature",
      "properties": {
        "@id": "node/6939719899",
        "addr:district": "Bengaluru Urban",
        "addr:full": "26, 1st Main, 2nd Cross, Ckc Garden Off Mission Road",
        "addr:postcode": "560027",
        "addr:state": "Karnataka",
        "amenity": "hospital",
        "name": "Phoenix Hospital, Bengaluru Urban",
        "source": "OpenGovernmentData"
      },
      "geometry": {
        "type": "Point",
        "coordinates": [
          77.5911717,
          12.9608027
        ]
      },
      "id": "node/6939719899"
    },
    {
      "type": "Feature",
      "properties": {
        "@id": "node/6944095844",
        "addr:district": "Bengaluru Rural",
        "addr:full": "No 73, 3Road Main Road, Kengeri Satellite Town, Kengeri",
        "addr:postcode": "560060",
        "addr:state": "Karnataka",
        "amenity": "hospital",
        "name": "Shreya Hospital, Bengaluru Rural",
        "source": "OpenGovernmentData"
      },
      "geometry": {
        "type": "Point",
        "coordinates": [
          77.4832503,
          12.9215104
        ]
      },
      "id": "node/6944095844"
    },
    {
      "type": "Feature",
      "properties": {
        "@id": "node/6944095845",
        "addr:district": "Bengaluru Urban",
        "addr:full": "#205-4c, 4th Cross, 3 Road Block",
        "addr:postcode": "560043",
        "addr:state": "Karnataka",
        "addr:subdistrict": "Banaswadi",
        "amenity": "hospital",
        "name": "Vasan Eye Care Hospital, Banaswadi",
        "operator:type": "private",
        "source": "OpenGovernmentData",
        "website": "http://www.vasaneye.in/"
      },
      "geometry": {
        "type": "Point",
        "coordinates": [
          77.6335546,
          13.0241341
        ]
      },
      "id": "node/6944095845"
    },
    {
      "type": "Feature",
      "properties": {
        "@id": "node/6944096856",
        "addr:district": "Bengaluru Rural",
        "addr:full": "80 Ft. Road",
        "addr:postcode": "560060",
        "addr:state": "Karnataka",
        "amenity": "hospital",
        "name": "Sri Annapoorneshwari Hospital",
        "source": "OpenGovernmentData"
      },
      "geometry": {
        "type": "Point",
        "coordinates": [
          77.4857756,
          12.9255704
        ]
      },
      "id": "node/6944096856"
    },
    {
      "type": "Feature",
      "properties": {
        "@id": "node/6944105329",
        "addr:district": "Bengaluru Urban",
        "addr:full": "No.533, 108 Bus Stop, Ganganagar",
        "addr:postcode": "560032",
        "addr:state": "Karnataka",
        "addr:subdistrict": "R.T.Nagar",
        "amenity": "hospital",
        "name": "Vasan Eye Care Hospital, R.T.Nagar",
        "operator:type": "private",
        "source": "OpenGovernmentData",
        "website": "http://www.vasaneye.in/"
      },
      "geometry": {
        "type": "Point",
        "coordinates": [
          77.5920609,
          13.0251833
        ]
      },
      "id": "node/6944105329"
    },
    {
      "type": "Feature",
      "properties": {
        "@id": "node/6944128588",
        "addr:district": "Bengaluru Urban",
        "addr:full": "K. R. Road, V. V. Puram",
        "addr:postcode": "560004",
        "addr:state": "Karnataka",
        "amenity": "hospital",
        "name": "Kims Hospital and Research Centre",
        "source": "OpenGovernmentData"
      },
      "geometry": {
        "type": "Point",
        "coordinates": [
          77.5747874,
          12.9563016
        ]
      },
      "id": "node/6944128588"
    },
    {
      "type": "Feature",
      "properties": {
        "@id": "node/6944138103",
        "addr:district": "Bengaluru Urban",
        "addr:full": "56, 8Th Cross, Wilson Garden",
        "addr:postcode": "560027",
        "addr:state": "Karnataka",
        "amenity": "hospital",
        "healthcare": "hospital",
        "name": "Karthik Hospital, Bengaluru Urban",
        "source": "OpenGovernmentData"
      },
      "geometry": {
        "type": "Point",
        "coordinates": [
          77.5949925,
          12.9489406
        ]
      },
      "id": "node/6944138103"
    },
    {
      "type": "Feature",
      "properties": {
        "@id": "node/6944138105",
        "addr:district": "Bengaluru Urban",
        "addr:full": "10, Vokkaligara Bhavana, Hudson Circle",
        "addr:postcode": "560027",
        "addr:state": "Karnataka",
        "amenity": "hospital",
        "name": "Bangalore Kidney Stones Hospital",
        "source": "OpenGovernmentData"
      },
      "geometry": {
        "type": "Point",
        "coordinates": [
          77.5892667,
          12.9670215
        ]
      },
      "id": "node/6944138105"
    },
    {
      "type": "Feature",
      "properties": {
        "@id": "node/6944143695",
        "addr:district": "Bengaluru Urban",
        "addr:full": "21st Cross Kaggadasapura Main Road C V Raman Nagar",
        "addr:postcode": "560093",
        "addr:state": "Karnataka",
        "amenity": "hospital",
        "name": "Sree Lakshmi Hospital",
        "source": "OpenGovernmentData"
      },
      "geometry": {
        "type": "Point",
        "coordinates": [
          77.6814736,
          12.9825937
        ]
      },
      "id": "node/6944143695"
    },
    {
      "type": "Feature",
      "properties": {
        "@id": "node/6944201468",
        "addr:district": "Bengaluru Urban",
        "addr:full": "# 77, 100 Ft.Ring Road, B.S.K.3rd Stage, 5th Block",
        "addr:postcode": "560085",
        "addr:state": "Karnataka",
        "amenity": "hospital",
        "email": "abhayaeye@yahoo.com",
        "healthcare:speciality": "Cataract",
        "name": "Abhaya Eye Hospital, Super Speciality Eye Care Centre",
        "operator:type": "private",
        "source": "OpenGovernmentData",
        "website": "http://www.abhayaeyehospital.com/"
      },
      "geometry": {
        "type": "Point",
        "coordinates": [
          77.5471291,
          12.9271131
        ]
      },
      "id": "node/6944201468"
    },
    {
      "type": "Feature",
      "properties": {
        "@id": "node/6944231454",
        "addr:district": "Bengaluru Urban",
        "addr:full": "Pillana Garden",
        "addr:postcode": "560045",
        "addr:state": "Karnataka",
        "amenity": "hospital",
        "name": "Mediscope Hospital Private Limited",
        "operator:type": "private",
        "source": "OpenGovernmentData",
        "website": "http://dpal.kar.nic.in/Kanunu%20padakosha%20PDF%20Files/Recognised%20Hospitals.pdf"
      },
      "geometry": {
        "type": "Point",
        "coordinates": [
          77.6162584,
          12.9994472
        ]
      },
      "id": "node/6944231454"
    },
    {
      "type": "Feature",
      "properties": {
        "@id": "node/6944231456",
        "addr:district": "Bengaluru Urban",
        "addr:full": "85 Byrathi, Hennur Main Road,Near Kothnur Police Station",
        "addr:postcode": "560077",
        "addr:state": "Karnataka",
        "amenity": "hospital",
        "name": "Medi Derma Hospital",
        "source": "OpenGovernmentData"
      },
      "geometry": {
        "type": "Point",
        "coordinates": [
          77.6517145,
          13.0555559
        ]
      },
      "id": "node/6944231456"
    },
    {
      "type": "Feature",
      "properties": {
        "@id": "node/6944231472",
        "addr:district": "Bengaluru Rural",
        "addr:full": "No-304, Kuvempu Street, Bazar Street , Kenegeri",
        "addr:postcode": "560060",
        "addr:state": "Karnataka",
        "amenity": "hospital",
        "name": "Mathru Hospital - Bangalore",
        "name:kn": "ಮಾತೃ ಆಸ್ಪತ್ರೆ",
        "source": "OpenGovernmentData"
      },
      "geometry": {
        "type": "Point",
        "coordinates": [
          77.4806057,
          12.9110975
        ]
      },
      "id": "node/6944231472"
    },
    {
      "type": "Feature",
      "properties": {
        "@id": "node/6944239588",
        "addr:district": "Bengaluru Urban",
        "addr:full": "22/70, St. John`S Road, (Opposite R B A N M S Ground)",
        "addr:postcode": "560042",
        "addr:state": "Karnataka",
        "amenity": "hospital",
        "name": "Manjushree Speciality Hospital",
        "source": "OpenGovernmentData"
      },
      "geometry": {
        "type": "Point",
        "coordinates": [
          77.6124926,
          12.9825845
        ]
      },
      "id": "node/6944239588"
    },
    {
      "type": "Feature",
      "properties": {
        "@id": "node/6944256035",
        "addr:district": "Bengaluru Urban",
        "addr:full": "158, 6Th Main Road 4Th Stage, Ii Phase West Of Chord Road",
        "addr:postcode": "560086",
        "addr:state": "Karnataka",
        "amenity": "hospital",
        "name": "Namratha Nursing And Maternity Home",
        "source": "OpenGovernmentData"
      },
      "geometry": {
        "type": "Point",
        "coordinates": [
          77.5432728,
          13.0045747
        ]
      },
      "id": "node/6944256035"
    },
    {
      "type": "Feature",
      "properties": {
        "@id": "node/6944256036",
        "addr:district": "Bengaluru Urban",
        "addr:full": "5/81, 50 Feet Road, 20Th Main Road, Muneshwara Block, Girinagar",
        "addr:postcode": "560085",
        "addr:state": "Karnataka",
        "amenity": "hospital",
        "name": "The Pulse Multi Speciality Hospital",
        "source": "OpenGovernmentData"
      },
      "geometry": {
        "type": "Point",
        "coordinates": [
          77.5473283,
          12.9424801
        ]
      },
      "id": "node/6944256036"
    },
    {
      "type": "Feature",
      "properties": {
        "@id": "node/6944256037",
        "addr:city": "Bangaluru",
        "addr:district": "Bengaluru Urban",
        "addr:full": "No. 16, 3Road Cross, Shankarpuram",
        "addr:housenumber": "16",
        "addr:postcode": "560004",
        "addr:state": "Karnataka",
        "addr:street": "3rd Cross Road",
        "amenity": "hospital",
        "emergency": "yes",
        "healthcare": "hospital",
        "healthcare:speciality": "general",
        "name": "Popular Hospital",
        "operator": "Dr Lingham Murali",
        "operator:type": "private",
        "source": "local knowledge"
      },
      "geometry": {
        "type": "Point",
        "coordinates": [
          77.5703564,
          12.9514854
        ]
      },
      "id": "node/6944256037"
    },
    {
      "type": "Feature",
      "properties": {
        "@id": "node/6944269353",
        "addr:district": "Bengaluru Urban",
        "addr:full": "Kempegoudanagara, Near Police Station, South",
        "addr:postcode": "560018",
        "addr:state": "Karnataka",
        "amenity": "hospital",
        "name": "Gavipuramguttahalli Maternity Home",
        "source": "OpenGovernmentData"
      },
      "geometry": {
        "type": "Point",
        "coordinates": [
          77.5548633,
          12.9526505
        ]
      },
      "id": "node/6944269353"
    },
    {
      "type": "Feature",
      "properties": {
        "@id": "node/6944274074",
        "addr:district": "Bengaluru Urban",
        "addr:full": "No. 16, Hoysala Nagar, Maruti Complex, Ramamurthy Nagar Extension",
        "addr:postcode": "560016",
        "addr:state": "Karnataka",
        "amenity": "hospital",
        "name": "Ayurseva Hospital",
        "source": "OpenGovernmentData"
      },
      "geometry": {
        "type": "Point",
        "coordinates": [
          77.6640775,
          13.0139247
        ]
      },
      "id": "node/6944274074"
    },
    {
      "type": "Feature",
      "properties": {
        "@id": "node/6944276882",
        "addr:district": "Bengaluru Urban",
        "addr:full": "No-170, 12th, Ist Main, Near Anjaneya Temple, Opposite Karnatakaa Bank",
        "addr:postcode": "560086",
        "addr:state": "Karnataka",
        "amenity": "hospital",
        "email": "info@bengaluruspinecare.com",
        "name": "Spine Care And Ortho Care Hospital",
        "operator:type": "private",
        "source": "OpenGovernmentData",
        "website": "https://www.bengaluruspinecare.com/"
      },
      "geometry": {
        "type": "Point",
        "coordinates": [
          77.5493883,
          12.9745134
        ]
      },
      "id": "node/6944276882"
    },
    {
      "type": "Feature",
      "properties": {
        "@id": "node/6944283814",
        "addr:district": "Bengaluru Urban",
        "addr:full": "#3, Gottigere, Bannerghatta Main Road,Near Gottigere Bus Stand",
        "addr:postcode": "560083",
        "addr:state": "Karnataka",
        "amenity": "hospital",
        "healthcare": "hospital",
        "name": "Vijayashree Hospitals",
        "name:kn": "ವಿಜಯಶ್ರೀ ಆಸ್ಪತ್ರೆಗಳು",
        "source": "OpenGovernmentData",
        "wheelchair": "yes"
      },
      "geometry": {
        "type": "Point",
        "coordinates": [
          77.5892687,
          12.8579673
        ]
      },
      "id": "node/6944283814"
    },
    {
      "type": "Feature",
      "properties": {
        "@id": "node/6944287716",
        "addr:district": "Bengaluru Urban",
        "addr:full": "66 B/7, Pipe Line Road, Vijayanagara",
        "addr:postcode": "560040",
        "addr:state": "Karnataka",
        "amenity": "hospital",
        "name": "Tanmay Hospital",
        "source": "OpenGovernmentData"
      },
      "geometry": {
        "type": "Point",
        "coordinates": [
          77.5474034,
          12.9733764
        ]
      },
      "id": "node/6944287716"
    },
    {
      "type": "Feature",
      "properties": {
        "@id": "node/6944290474",
        "addr:district": "Bengaluru Urban",
        "addr:full": "#477, I Main 'B' Block, Aecs Layout,,Kundalahalli",
        "addr:postcode": "560037",
        "addr:state": "Karnataka",
        "amenity": "hospital",
        "check_date": "2025-08-05",
        "name": "Aayug Multi Speciality Hospital",
        "operator:type": "private",
        "source": "OpenGovernmentData",
        "website": "http://dpal.kar.nic.in/Kanunu%20padakosha%20PDF%20Files/Recognised%20Hospitals.pdf"
      },
      "geometry": {
        "type": "Point",
        "coordinates": [
          77.7150508,
          12.9651587
        ]
      },
      "id": "node/6944290474"
    },
    {
      "type": "Feature",
      "properties": {
        "@id": "node/6944290475",
        "addr:district": "Bengaluru Urban",
        "addr:full": "96,Varthur Main Road, Marathahalli",
        "addr:postcode": "560037",
        "addr:state": "Karnataka",
        "amenity": "hospital",
        "check_date": "2024-12-29",
        "healthcare": "hospital",
        "name": "MGA Hospital",
        "source": "OpenGovernmentData"
      },
      "geometry": {
        "type": "Point",
        "coordinates": [
          77.7002262,
          12.9568547
        ]
      },
      "id": "node/6944290475"
    },
    {
      "type": "Feature",
      "properties": {
        "@id": "node/6944290477",
        "addr:district": "Bengaluru Rural",
        "addr:full": "Bommanahalli, Hosur Road",
        "addr:postcode": "560068",
        "addr:state": "Karnataka",
        "amenity": "hospital",
        "name": "Blossom Hospital",
        "source": "OpenGovernmentData",
        "website": "https://blossomhospitals.com/"
      },
      "geometry": {
        "type": "Point",
        "coordinates": [
          77.6595353,
          12.8705439
        ]
      },
      "id": "node/6944290477"
    },
    {
      "type": "Feature",
      "properties": {
        "@id": "node/6944290482",
        "addr:district": "Bengaluru Urban",
        "addr:full": "L 168, Sector - 6, Ring Road, Hsr Layout",
        "addr:postcode": "560040",
        "addr:state": "Karnataka",
        "amenity": "hospital",
        "name": "Bhagavathi Multi Speciality Hospital",
        "source": "OpenGovernmentData"
      },
      "geometry": {
        "type": "Point",
        "coordinates": [
          77.6308219,
          12.9160636
        ]
      },
      "id": "node/6944290482"
    },
    {
      "type": "Feature",
      "properties": {
        "@id": "node/6944290483",
        "addr:district": "Bengaluru Urban",
        "addr:full": "# 33, Bannerghatta Road (Service Road), B.T.M.Layout B.T.M. Layout 2nd Stage",
        "addr:postcode": "560076",
        "addr:state": "Karnataka",
        "amenity": "hospital",
        "name": "Sri Sai Ram Hospital - Bangalore",
        "source": "OpenGovernmentData"
      },
      "geometry": {
        "type": "Point",
        "coordinates": [
          77.6003156,
          12.9144587
        ]
      },
      "id": "node/6944290483"
    },
    {
      "type": "Feature",
      "properties": {
        "@id": "node/6944309977",
        "addr:district": "Bengaluru Urban",
        "addr:full": "No. 1869, 5Th Main, 13Th Cross, R.P.C. Lay Out, Vijayanagar",
        "addr:postcode": "560040",
        "addr:state": "Karnataka",
        "amenity": "hospital",
        "healthcare": "hospital",
        "name": "Susheel Hospital",
        "source": "OpenGovernmentData"
      },
      "geometry": {
        "type": "Point",
        "coordinates": [
          77.5427189,
          12.9645006
        ]
      },
      "id": "node/6944309977"
    },
    {
      "type": "Feature",
      "properties": {
        "@id": "node/6944332151",
        "addr:district": "Bengaluru Urban",
        "addr:full": "#63, 2nd Main, Byraveshwara Nagar,2nd Main , Nagarbhavi Main Road",
        "addr:postcode": "560072",
        "addr:state": "Karnataka",
        "amenity": "hospital",
        "name": "Dhanush Hospital",
        "name:kn": "ಧನುಷ್ ಆಸ್ಪತ್ರೆ",
        "source": "OpenGovernmentData"
      },
      "geometry": {
        "type": "Point",
        "coordinates": [
          77.52312,
          12.9654318
        ]
      },
      "id": "node/6944332151"
    },
    {
      "type": "Feature",
      "properties": {
        "@id": "node/6944364980",
        "addr:district": "Bengaluru Urban",
        "addr:full": "No. 114, 5Th Cross, Sai Baba Temple Road, Cambridge Layout, Ulsoor",
        "addr:postcode": "560008",
        "addr:state": "Karnataka",
        "amenity": "hospital",
        "name": "Sadhana Eye Hospital, Bengaluru Urban",
        "source": "OpenGovernmentData"
      },
      "geometry": {
        "type": "Point",
        "coordinates": [
          77.6307987,
          12.970023
        ]
      },
      "id": "node/6944364980"
    },
    {
      "type": "Feature",
      "properties": {
        "@id": "node/6944392363",
        "addr:district": "Bengaluru Urban",
        "addr:full": "9, Patalamma Temple Street, Basavanagudi",
        "addr:postcode": "560004",
        "addr:state": "Karnataka",
        "amenity": "hospital",
        "name": "Av Hospital",
        "source": "OpenGovernmentData"
      },
      "geometry": {
        "type": "Point",
        "coordinates": [
          77.5786096,
          12.938853
        ]
      },
      "id": "node/6944392363"
    },
    {
      "type": "Feature",
      "properties": {
        "@id": "node/6944392364",
        "addr:district": "Bengaluru Urban",
        "addr:full": "No. 40/1, J.J.R. Nagar Main Road, K.H. Ranganath Colony, Behind Sadarshini Hotel",
        "addr:postcode": "560018",
        "addr:state": "Karnataka",
        "amenity": "hospital",
        "healthcare": "hospital",
        "name": "Balaji Hospital, K.H. Ranganath Colony",
        "source": "OpenGovernmentData"
      },
      "geometry": {
        "type": "Point",
        "coordinates": [
          77.5602901,
          12.9632506
        ]
      },
      "id": "node/6944392364"
    },
    {
      "type": "Feature",
      "properties": {
        "@id": "node/6944392375",
        "addr:district": "Bengaluru Urban",
        "addr:full": "904, 1st Block, Hrbr Layout (Near Overhead Water Tank, Outer Ring Road) Bansawadi",
        "addr:postcode": "560043",
        "addr:state": "Karnataka",
        "amenity": "hospital",
        "name": "Banasawadi Hospital",
        "name:kn": "ಬಾನಸವಾಡಿ ಆಸ್ಪತ್ರೆ",
        "source": "OpenGovernmentData"
      },
      "geometry": {
        "type": "Point",
        "coordinates": [
          77.6509675,
          13.0205082
        ]
      },
      "id": "node/6944392375"
    },
    {
      "type": "Feature",
      "properties": {
        "@id": "node/6944392376",
        "addr:district": "Bengaluru Urban",
        "addr:full": "#4 Ac-426,4Thcross,2nd Block, Oop.Kalyana Nagar,Telephone Exchange",
        "addr:postcode": "560043",
        "addr:state": "Karnataka",
        "amenity": "hospital",
        "name": "Bangalore Eye Hospital And Retina Centre",
        "source": "OpenGovernmentData"
      },
      "geometry": {
        "type": "Point",
        "coordinates": [
          77.6387729,
          13.0221036
        ]
      },
      "id": "node/6944392376"
    },
    {
      "type": "Feature",
      "properties": {
        "@id": "node/6944400794",
        "addr:district": "Bengaluru Rural",
        "addr:full": "#709, 1st Cross, Ring Road, Kengeri Upanagar,Behind Vijaya Bank",
        "addr:postcode": "560060",
        "addr:state": "Karnataka",
        "amenity": "hospital",
        "name": "Belaku Eye Hospital",
        "source": "OpenGovernmentData"
      },
      "geometry": {
        "type": "Point",
        "coordinates": [
          77.4800451,
          12.9110766
        ]
      },
      "id": "node/6944400794"
    },
    {
      "type": "Feature",
      "properties": {
        "@id": "node/6944400815",
        "addr:district": "Bengaluru Urban",
        "addr:full": "No.2 , 8Th A Main,S.R.Nagar,Near Corporation Offices",
        "addr:postcode": "560027",
        "addr:state": "Karnataka",
        "amenity": "hospital",
        "name": "Bhavatprabhu Hospitals Pvt Limited",
        "source": "OpenGovernmentData"
      },
      "geometry": {
        "type": "Point",
        "coordinates": [
          77.5903161,
          12.9670615
        ]
      },
      "id": "node/6944400815"
    },
    {
      "type": "Feature",
      "properties": {
        "@id": "node/6944418996",
        "addr:district": "Bengaluru Urban",
        "addr:full": "No.1 Haudin Road, Off Ulsoor Road",
        "addr:postcode": "560042",
        "addr:state": "Karnataka",
        "amenity": "hospital",
        "name": "Nikad Ortho Centre",
        "source": "OpenGovernmentData"
      },
      "geometry": {
        "type": "Point",
        "coordinates": [
          77.6184806,
          12.975802
        ]
      },
      "id": "node/6944418996"
    },
    {
      "type": "Feature",
      "properties": {
        "@id": "node/6944437383",
        "addr:district": "Bengaluru Urban",
        "addr:full": "# 141/142, 1st Main, Krishnandanagar, Khb Colony",
        "addr:postcode": "560096",
        "addr:state": "Karnataka",
        "addr:subdistrict": "Nandini Layout",
        "amenity": "hospital",
        "email": "info@rakshahospital.in",
        "name": "Raksha Multispeciality Hospital",
        "operator:type": "private",
        "source": "OpenGovernmentData",
        "website": "http://www.rakshahospital.in/"
      },
      "geometry": {
        "type": "Point",
        "coordinates": [
          77.5419559,
          13.0195733
        ]
      },
      "id": "node/6944437383"
    },
    {
      "type": "Feature",
      "properties": {
        "@id": "node/6944449930",
        "addr:district": "Bengaluru Urban",
        "addr:full": "18/17,Cambridge Road,Ulsoor",
        "addr:postcode": "560038",
        "addr:state": "Karnataka",
        "amenity": "hospital",
        "name": "Cambridge Hospital",
        "source": "OpenGovernmentData"
      },
      "geometry": {
        "type": "Point",
        "coordinates": [
          77.5419813,
          13.0195955
        ]
      },
      "id": "node/6944449930"
    },
    {
      "type": "Feature",
      "properties": {
        "@id": "node/6944464768",
        "addr:district": "Bengaluru Urban",
        "addr:full": "2069/2074, 16Th B Cross, (Near Mother Dairy Cross), Yelahanka New Town",
        "addr:postcode": "560064",
        "addr:state": "Karnataka",
        "amenity": "hospital",
        "check_date": "2024-10-18",
        "name": "Prasad Hospital, Bengaluru Urban",
        "source": "OpenGovernmentData"
      },
      "geometry": {
        "type": "Point",
        "coordinates": [
          77.5773677,
          13.0983472
        ]
      },
      "id": "node/6944464768"
    },
    {
      "type": "Feature",
      "properties": {
        "@id": "node/6944464779",
        "addr:district": "Bengaluru Urban",
        "addr:full": "Near Bagalur Cross Signal,International Airport Main Road,Yelahanka",
        "addr:postcode": "560063",
        "addr:state": "Karnataka",
        "amenity": "hospital",
        "name": "Saranalaya Hospital",
        "source": "OpenGovernmentData"
      },
      "geometry": {
        "type": "Point",
        "coordinates": [
          77.6126106,
          13.1215236
        ]
      },
      "id": "node/6944464779"
    },
    {
      "type": "Feature",
      "properties": {
        "@id": "node/6944464994",
        "addr:district": "Bengaluru Urban",
        "addr:full": "Kasturabanagar, Mysore Road , South",
        "addr:postcode": "560026",
        "addr:state": "Karnataka",
        "amenity": "hospital",
        "name": "Azad Nagar Maternity Home",
        "source": "OpenGovernmentData"
      },
      "geometry": {
        "type": "Point",
        "coordinates": [
          77.5485635,
          12.9559644
        ]
      },
      "id": "node/6944464994"
    },
    {
      "type": "Feature",
      "properties": {
        "@id": "node/6944507652",
        "addr:district": "Bengaluru Urban",
        "addr:full": "1,Dewan N, Madhava Rao Road, Basavanagudi",
        "addr:postcode": "560004",
        "addr:state": "Karnataka",
        "amenity": "hospital",
        "healthcare": "hospital",
        "name": "Gunasheela Surgical and Maternity Hospital",
        "source": "OpenGovernmentData"
      },
      "geometry": {
        "type": "Point",
        "coordinates": [
          77.5764705,
          12.9403012
        ]
      },
      "id": "node/6944507652"
    },
    {
      "type": "Feature",
      "properties": {
        "@id": "node/6944507653",
        "addr:district": "Bengaluru Urban",
        "addr:full": "#3/2, 27Th Cross, Banashankari 2nd Stage,Near Brigade Software Park",
        "addr:postcode": "560070",
        "addr:state": "Karnataka",
        "amenity": "hospital",
        "healthcare": "hospital",
        "name": "Excel Care Hospital",
        "source": "OpenGovernmentData"
      },
      "geometry": {
        "type": "Point",
        "coordinates": [
          77.5736019,
          12.9207314
        ]
      },
      "id": "node/6944507653"
    },
    {
      "type": "Feature",
      "properties": {
        "@id": "node/6944507654",
        "addr:district": "Bengaluru Urban",
        "addr:full": "No 28&29, 7Th Main Diagnal Road, Jayanagar 4Th Blook",
        "addr:postcode": "560011",
        "addr:state": "Karnataka",
        "amenity": "hospital",
        "name": "Vasan Eye Care Hospital, Jayanagar",
        "source": "OpenGovernmentData"
      },
      "geometry": {
        "type": "Point",
        "coordinates": [
          77.5819811,
          12.9292015
        ]
      },
      "id": "node/6944507654"
    },
    {
      "type": "Feature",
      "properties": {
        "@id": "node/6944507655",
        "addr:district": "Bengaluru Urban",
        "addr:full": "#240, 32nd Cross, 7 Th Block",
        "addr:postcode": "560001",
        "addr:state": "Karnataka",
        "addr:subdistrict": "Jayanagar",
        "amenity": "hospital",
        "email": "shridhar@hitechkidneystonehospital.org; suresh@hitechkidneystonehospital.org",
        "healthcare:speciality": "Dornier AlphaLithotripsy Treatment; X-Rays; US Scan; Urologist Consultation",
        "name": "Hi Tech Kidney Stone Hospital",
        "operator:type": "private",
        "source": "OpenGovernmentData",
        "website": "http://www.hitechkidneystonehospital.org/"
      },
      "geometry": {
        "type": "Point",
        "coordinates": [
          77.579028,
          12.9271389
        ]
      },
      "id": "node/6944507655"
    },
    {
      "type": "Feature",
      "properties": {
        "@id": "node/6944507660",
        "addr:district": "Bengaluru Urban",
        "addr:full": "2269, 22nd Cross K R Road, K.R.Road",
        "addr:postcode": "560070",
        "addr:state": "Karnataka",
        "amenity": "hospital",
        "name": "Dr. Vidyananda's Surgery and Dia Centre",
        "source": "OpenGovernmentData"
      },
      "geometry": {
        "type": "Point",
        "coordinates": [
          77.573217,
          12.9242515
        ]
      },
      "id": "node/6944507660"
    },
    {
      "type": "Feature",
      "properties": {
        "@id": "node/6944507676",
        "addr:district": "Bengaluru Rural",
        "addr:full": "124, Kanakapura Main Road, Jayanagara 7Th Block, Bangalore",
        "addr:postcode": "560082",
        "addr:state": "Karnataka",
        "amenity": "hospital",
        "name": "Srushti Hospital, Bengaluru Rural",
        "name:kn": "ಸೃಷ್ಟಿ ಆಸ್ಪತ್ರೆ",
        "source": "OpenGovernmentData"
      },
      "geometry": {
        "type": "Point",
        "coordinates": [
          77.6207364,
          12.8981572
        ]
      },
      "id": "node/6944507676"
    },
    {
      "type": "Feature",
      "properties": {
        "@id": "node/6944507681",
        "addr:district": "Bengaluru Urban",
        "addr:full": "12/13, Bilekahalli, Bannerghatta Road",
        "addr:postcode": "560076",
        "addr:state": "Karnataka",
        "amenity": "hospital",
        "healthcare": "hospital",
        "name": "Parimala Speciality Hospital",
        "operator:type": "private",
        "source": "OpenGovernmentData",
        "website": "https://www.parimalahospital.com/"
      },
      "geometry": {
        "type": "Point",
        "coordinates": [
          77.6005474,
          12.9004567
        ]
      },
      "id": "node/6944507681"
    },
    {
      "type": "Feature",
      "properties": {
        "@id": "node/6944507682",
        "addr:district": "Bengaluru Urban",
        "addr:full": "Weavers Colony Main Road, Bannerghatta Road",
        "addr:postcode": "560083",
        "addr:state": "Karnataka",
        "amenity": "hospital",
        "name": "Banashankari Hospital",
        "source": "OpenGovernmentData"
      },
      "geometry": {
        "type": "Point",
        "coordinates": [
          77.583809,
          12.8443653
        ]
      },
      "id": "node/6944507682"
    },
    {
      "type": "Feature",
      "properties": {
        "@id": "node/6944525274",
        "addr:district": "Bengaluru Urban",
        "addr:full": "No. 31, Kammanahalli Main Road Near Venkateswara Ent",
        "addr:postcode": "560084",
        "addr:state": "Karnataka",
        "amenity": "hospital",
        "name": "R K Hospital, Bengaluru Urban",
        "source": "OpenGovernmentData"
      },
      "geometry": {
        "type": "Point",
        "coordinates": [
          77.6354731,
          13.0138123
        ]
      },
      "id": "node/6944525274"
    },
    {
      "type": "Feature",
      "properties": {
        "@id": "node/6944525392",
        "addr:district": "Bengaluru Urban",
        "addr:full": "#11, Krishna Nagar Industrial Layout, D.R.C.Post,Near Christ College,Hosur",
        "addr:postcode": "560029",
        "addr:state": "Karnataka",
        "amenity": "hospital",
        "name": "Prasad Eye Hospital, Bengaluru Urban",
        "source": "OpenGovernmentData"
      },
      "geometry": {
        "type": "Point",
        "coordinates": [
          77.6079905,
          12.9356703
        ]
      },
      "id": "node/6944525392"
    },
    {
      "type": "Feature",
      "properties": {
        "@id": "node/6944525393",
        "addr:district": "Bengaluru Urban",
        "addr:full": "No 193, So Feet Road, 2nd Block 2nd Stage",
        "addr:postcode": "560072",
        "addr:state": "Karnataka",
        "amenity": "hospital",
        "name": "Unity Lifline Hospital Pvt Ltd",
        "source": "OpenGovernmentData"
      },
      "geometry": {
        "type": "Point",
        "coordinates": [
          77.5108275,
          12.9819768
        ]
      },
      "id": "node/6944525393"
    },
    {
      "type": "Feature",
      "properties": {
        "@id": "node/6944543261",
        "addr:district": "Bengaluru Urban",
        "addr:full": "#4,Sfhs,Next To Nandini Layout",
        "addr:postcode": "560096",
        "addr:state": "Karnataka",
        "amenity": "hospital",
        "healthcare": "hospital",
        "healthcare:speciality": "blood_check;general",
        "name": "J.P.Nursing Home",
        "opening_hours": "24/7",
        "operator": "Jyothi Prakash",
        "operator:type": "public",
        "source": "OpenGovernmentData"
      },
      "geometry": {
        "type": "Point",
        "coordinates": [
          77.5384723,
          13.0098352
        ]
      },
      "id": "node/6944543261"
    },
    {
      "type": "Feature",
      "properties": {
        "@id": "node/6944560298",
        "addr:district": "Bengaluru Urban",
        "addr:full": "Cbi Road, (10Th Cross) Between 2 nd & 3 nd Main Ganganagar",
        "addr:postcode": "560032",
        "addr:state": "Karnataka",
        "amenity": "hospital",
        "name": "North Side Health Centre",
        "source": "OpenGovernmentData"
      },
      "geometry": {
        "type": "Point",
        "coordinates": [
          77.5870813,
          13.0267995
        ]
      },
      "id": "node/6944560298"
    },
    {
      "type": "Feature",
      "properties": {
        "@id": "node/6944577884",
        "addr:district": "Bengaluru Urban",
        "addr:full": "No. 1, Near Water Tank Jakkur Main Road Amruthahalli",
        "addr:postcode": "560092",
        "addr:state": "Karnataka",
        "amenity": "hospital",
        "name": "Amrutha Hospital",
        "name:kn": "ಅಂಬುರ್ ಬಿರಿಯಾನಿ",
        "source": "OpenGovernmentData"
      },
      "geometry": {
        "type": "Point",
        "coordinates": [
          77.5992653,
          13.0657486
        ]
      },
      "id": "node/6944577884"
    },
    {
      "type": "Feature",
      "properties": {
        "@id": "node/6944578226",
        "addr:district": "Bengaluru Urban",
        "addr:full": "No.886, Beml Layout,Near Police Station Main Road,Rajarajeshwari Nagar",
        "addr:postcode": "560098",
        "addr:state": "Karnataka",
        "amenity": "hospital",
        "name": "Unity Hospital, Bengaluru Urban",
        "source": "OpenGovernmentData"
      },
      "geometry": {
        "type": "Point",
        "coordinates": [
          77.5207892,
          12.910823
        ]
      },
      "id": "node/6944578226"
    },
    {
      "type": "Feature",
      "properties": {
        "@id": "node/6944578925",
        "addr:district": "Bengaluru Urban",
        "addr:full": "Ist Floor, Lic Colony Main Road, Jeevan Bhima Nagar",
        "addr:postcode": "560032",
        "addr:state": "Karnataka",
        "amenity": "hospital",
        "name": "Dr Chaitanyas Dental Care & Implant Centre",
        "source": "OpenGovernmentData"
      },
      "geometry": {
        "type": "Point",
        "coordinates": [
          77.6565533,
          12.9675989
        ]
      },
      "id": "node/6944578925"
    },
    {
      "type": "Feature",
      "properties": {
        "@id": "node/6944578930",
        "addr:district": "Bengaluru Urban",
        "addr:full": "No.53, 3Road Main Road, Opposite To Maruti Layout, B.T.M Layout 1st Stage",
        "addr:postcode": "560029",
        "addr:state": "Karnataka",
        "amenity": "hospital",
        "healthcare": "hospital",
        "name": "Kareem E.N.T and Multispeciality Centre",
        "source": "OpenGovernmentData"
      },
      "geometry": {
        "type": "Point",
        "coordinates": [
          77.6058905,
          12.9188948
        ]
      },
      "id": "node/6944578930"
    },
    {
      "type": "Feature",
      "properties": {
        "@id": "node/6944616329",
        "addr:district": "Bengaluru Urban",
        "addr:full": "106/2&135 - Mysore Road Kengeri",
        "addr:postcode": "560054",
        "addr:state": "Karnataka",
        "amenity": "hospital",
        "name": "HK Hospital",
        "source": "OpenGovernmentData"
      },
      "geometry": {
        "type": "Point",
        "coordinates": [
          77.4784157,
          12.9085981
        ]
      },
      "id": "node/6944616329"
    },
    {
      "type": "Feature",
      "properties": {
        "@id": "node/6944707745",
        "addr:district": "Bengaluru Urban",
        "addr:full": "C.M.H.Road, Indiranagar, 2nd Stage",
        "addr:postcode": "560038",
        "addr:state": "Karnataka",
        "addr:subdistrict": "Indiranagar",
        "amenity": "hospital",
        "check_date": "2026-01-07",
        "email": "info.cnh@nhhospitals.org",
        "healthcare:speciality": "multi speciality",
        "name": "Chinmaya Narayana Super Specialty Centre",
        "operator:type": "private",
        "source": "OpenGovernmentData",
        "website": "https://www.narayanahealth.org/"
      },
      "geometry": {
        "type": "Point",
        "coordinates": [
          77.6459773,
          12.9777106
        ]
      },
      "id": "node/6944707745"
    },
    {
      "type": "Feature",
      "properties": {
        "@id": "node/6944888150",
        "addr:district": "Bengaluru Urban",
        "addr:full": "37, M.N. Krishna Rao Road, Opp Lalbagh West Gate",
        "addr:postcode": "560004",
        "addr:state": "Karnataka",
        "amenity": "hospital",
        "healthcare": "hospital",
        "name": "Jyothi The Lasik Vision Centre",
        "source": "OpenGovernmentData"
      },
      "geometry": {
        "type": "Point",
        "coordinates": [
          77.5790786,
          12.9496114
        ]
      },
      "id": "node/6944888150"
    },
    {
      "type": "Feature",
      "properties": {
        "@id": "node/6944895084",
        "addr:district": "Bengaluru Rural",
        "addr:full": "116/2, Herohalli, Anjananagar, Opposite Petrol Bunk",
        "addr:postcode": "560091",
        "addr:state": "Karnataka",
        "amenity": "hospital",
        "name": "S.S.G. Hospital",
        "source": "OpenGovernmentData"
      },
      "geometry": {
        "type": "Point",
        "coordinates": [
          77.4794832,
          12.9868695
        ]
      },
      "id": "node/6944895084"
    },
    {
      "type": "Feature",
      "properties": {
        "@id": "node/6944925493",
        "addr:district": "Bengaluru Urban",
        "addr:full": "J.C.Road",
        "addr:postcode": "560002",
        "addr:state": "Karnataka",
        "amenity": "hospital",
        "name": "Bengaluru West Lions Hospital",
        "operator:type": "private",
        "source": "OpenGovernmentData",
        "website": "http://dpal.kar.nic.in/Kanunu%20padakosha%20PDF%20Files/Recognised%20Hospitals.pdf"
      },
      "geometry": {
        "type": "Point",
        "coordinates": [
          77.5830996,
          12.9563042
        ]
      },
      "id": "node/6944925493"
    },
    {
      "type": "Feature",
      "properties": {
        "@id": "node/6944983789",
        "addr:district": "Bengaluru Urban",
        "addr:full": "17th Cross, Near Main Bus Stand, MC Road, Vijayanagar",
        "addr:postcode": "560040",
        "addr:state": "Karnataka",
        "amenity": "hospital",
        "check_date": "2024-12-21",
        "healthcare": "hospital",
        "name": "Vijayanagar Hospital",
        "operator:type": "private",
        "source": "OpenGovernmentData",
        "website": "http://dpal.kar.nic.in/Kanunu%20padakosha%20PDF%20Files/Recognised%20Hospitals.pdf"
      },
      "geometry": {
        "type": "Point",
        "coordinates": [
          77.5371969,
          12.9716291
        ]
      },
      "id": "node/6944983789"
    },
    {
      "type": "Feature",
      "properties": {
        "@id": "node/6945001435",
        "addr:district": "Bengaluru Urban",
        "addr:full": "No. 36, Vagdevi, Shankara Park, Opposite Jnanodaya School",
        "addr:postcode": "560004",
        "addr:state": "Karnataka",
        "amenity": "hospital",
        "healthcare": "hospital",
        "name": "Abhinava Eye Hospital",
        "source": "OpenGovernmentData"
      },
      "geometry": {
        "type": "Point",
        "coordinates": [
          77.5683897,
          12.9550181
        ]
      },
      "id": "node/6945001435"
    },
    {
      "type": "Feature",
      "properties": {
        "@id": "node/6945010490",
        "addr:district": "Bengaluru Urban",
        "addr:full": "No. 4, Sarakki Industrial Estate, 3Road Phase, J.P.Nagar, Bannerghatta Road",
        "addr:postcode": "560076",
        "addr:state": "Karnataka",
        "amenity": "hospital",
        "name": "North Star Maternity and Nursing Home",
        "source": "OpenGovernmentData"
      },
      "geometry": {
        "type": "Point",
        "coordinates": [
          77.5849275,
          12.9067079
        ]
      },
      "id": "node/6945010490"
    },
    {
      "type": "Feature",
      "properties": {
        "@id": "node/6945020140",
        "addr:district": "Bengaluru Urban",
        "addr:full": "No 37, Next To Ganesha Temple Near Cubbonpet Market Near Cubbonpet Market",
        "addr:postcode": "560002",
        "addr:state": "Karnataka",
        "amenity": "hospital",
        "name": "Punarjyoti Eye Hospital, Bengaluru Urban",
        "source": "OpenGovernmentData"
      },
      "geometry": {
        "type": "Point",
        "coordinates": [
          77.5843965,
          12.9685305
        ]
      },
      "id": "node/6945020140"
    },
    {
      "type": "Feature",
      "properties": {
        "@id": "node/6945031202",
        "addr:district": "Bengaluru Urban",
        "addr:full": "1 & 2, Hennur Road Cross, Lingarajpuram,Below Railway Flyover",
        "addr:postcode": "560084",
        "addr:state": "Karnataka",
        "amenity": "hospital",
        "name": "Sundar Hospital",
        "source": "OpenGovernmentData"
      },
      "geometry": {
        "type": "Point",
        "coordinates": [
          77.6221479,
          13.0080166
        ]
      },
      "id": "node/6945031202"
    },
    {
      "type": "Feature",
      "properties": {
        "@id": "node/6945033191",
        "addr:district": "Bengaluru Urban",
        "addr:full": "Opposite Syndicate Bank, Old Madras Road, Krihnarjapuram",
        "addr:postcode": "560001",
        "addr:state": "Karnataka",
        "amenity": "hospital",
        "name": "Sri Ramakrishna Hospital, Bengaluru Urban",
        "source": "OpenGovernmentData"
      },
      "geometry": {
        "type": "Point",
        "coordinates": [
          77.6961802,
          13.0121705
        ]
      },
      "id": "node/6945033191"
    },
    {
      "type": "Feature",
      "properties": {
        "@id": "node/6945050485",
        "addr:district": "Bengaluru Urban",
        "addr:full": "No. 15, Drls Plaza, 1st Floor, Nh-4, Above Andhra Bank, T. Dasarahalli",
        "addr:postcode": "560057",
        "addr:state": "Karnataka",
        "amenity": "hospital",
        "name": "Sri Venkateshwara Eye Hospital",
        "source": "OpenGovernmentData"
      },
      "geometry": {
        "type": "Point",
        "coordinates": [
          77.5136653,
          13.0423919
        ]
      },
      "id": "node/6945050485"
    },
    {
      "type": "Feature",
      "properties": {
        "@id": "node/6945075435",
        "addr:district": "Bengaluru Urban",
        "addr:full": "No 29, 9Th Cross Adi Kabir Ashram Road,H.D Devegowda Road",
        "addr:postcode": "560037",
        "addr:state": "Karnataka",
        "amenity": "hospital",
        "name": "V Care Hospital",
        "source": "OpenGovernmentData"
      },
      "geometry": {
        "type": "Point",
        "coordinates": [
          77.5973475,
          13.015884
        ]
      },
      "id": "node/6945075435"
    },
    {
      "type": "Feature",
      "properties": {
        "@id": "node/6945309984",
        "addr:district": "Bengaluru Urban",
        "addr:full": "No.20/1, 2nd Cross, Widia Layout, Chandra Layout Main Road,Vijayanagar",
        "addr:postcode": "560040",
        "addr:state": "Karnataka",
        "amenity": "hospital",
        "healthcare": "hospital",
        "name": "A.M. Hospital",
        "source": "OpenGovernmentData"
      },
      "geometry": {
        "type": "Point",
        "coordinates": [
          77.5315556,
          12.9601022
        ]
      },
      "id": "node/6945309984"
    },
    {
      "type": "Feature",
      "properties": {
        "@id": "node/6945348721",
        "addr:district": "Bengaluru Urban",
        "addr:full": "#966/ 22, Service Road, RPC Layout, Vijayanagar, Opposite Syndicate Bank",
        "addr:postcode": "560104",
        "addr:state": "Karnataka",
        "amenity": "hospital",
        "healthcare": "hospital",
        "healthcare:speciality": "Cataract Treatment; Cornea Clinic; Retina Clinic; Glaucoma Clinic",
        "name": "Divya Drishti Eye Hospital, Vijayanagar",
        "operator:type": "private",
        "source": "OpenGovernmentData",
        "website": "http://divyadrishtieyehospital.com/"
      },
      "geometry": {
        "type": "Point",
        "coordinates": [
          77.5352668,
          12.9586907
        ]
      },
      "id": "node/6945348721"
    },
    {
      "type": "Feature",
      "properties": {
        "@id": "node/6945398483",
        "addr:district": "Bengaluru Urban",
        "addr:full": "No-14, Maruthi Nagar, Nagarabhavi Main Road",
        "addr:postcode": "560072",
        "addr:state": "Karnataka",
        "amenity": "hospital",
        "name": "Shridevi Hospital, Bengaluru Urban",
        "source": "OpenGovernmentData"
      },
      "geometry": {
        "type": "Point",
        "coordinates": [
          77.5217172,
          12.9617045
        ]
      },
      "id": "node/6945398483"
    },
    {
      "type": "Feature",
      "properties": {
        "@id": "node/6945434031",
        "addr:district": "Bengaluru Urban",
        "addr:full": "No.60, Near Banaswadi Bus Stop, Banaswadi Main Road",
        "addr:postcode": "560043",
        "addr:state": "Karnataka",
        "amenity": "hospital",
        "name": "Srinivasa Eye Hospital",
        "source": "OpenGovernmentData"
      },
      "geometry": {
        "type": "Point",
        "coordinates": [
          77.6515616,
          13.0147224
        ]
      },
      "id": "node/6945434031"
    },
    {
      "type": "Feature",
      "properties": {
        "@id": "node/6945724749",
        "addr:district": "Bengaluru Urban",
        "addr:full": "Ramamurthynagar",
        "addr:postcode": "560016",
        "addr:state": "Karnataka",
        "amenity": "hospital",
        "name": "Spandana Hospital And Medical Centre",
        "source": "OpenGovernmentData",
        "wheelchair": "yes"
      },
      "geometry": {
        "type": "Point",
        "coordinates": [
          77.6743939,
          13.0112166
        ]
      },
      "id": "node/6945724749"
    },
    {
      "type": "Feature",
      "properties": {
        "@id": "node/6945768862",
        "addr:district": "Bengaluru Urban",
        "addr:full": "No. 12, Park Road, Bale Peth",
        "addr:postcode": "560053",
        "addr:state": "Karnataka",
        "amenity": "hospital",
        "name": "Sreeniwasa Hospital",
        "name:kn": "ಶ್ರೀನಿವಾಸ ದೇವಸ್ಥಾನ",
        "source": "OpenGovernmentData"
      },
      "geometry": {
        "type": "Point",
        "coordinates": [
          77.5725357,
          12.9732706
        ]
      },
      "id": "node/6945768862"
    },
    {
      "type": "Feature",
      "properties": {
        "@id": "node/6946978667",
        "addr:district": "Bengaluru Rural",
        "addr:full": "Magadi Main Road, Sunkadakatte",
        "addr:postcode": "560091",
        "addr:state": "Karnataka",
        "amenity": "hospital",
        "name": "Ashraya Medinova Pvt Ltd",
        "source": "OpenGovernmentData"
      },
      "geometry": {
        "type": "Point",
        "coordinates": [
          77.5078006,
          12.988865
        ]
      },
      "id": "node/6946978667"
    },
    {
      "type": "Feature",
      "properties": {
        "@id": "node/6947003707",
        "addr:district": "Bengaluru Urban",
        "addr:full": "2nd Cross, Magadi Road",
        "addr:postcode": "560023",
        "addr:state": "Karnataka",
        "amenity": "hospital",
        "name": "Magadi Road Maternity Home",
        "source": "OpenGovernmentData"
      },
      "geometry": {
        "type": "Point",
        "coordinates": [
          77.561823,
          12.9741253
        ]
      },
      "id": "node/6947003707"
    },
    {
      "type": "Feature",
      "properties": {
        "@id": "node/6947033494",
        "addr:district": "Bengaluru Urban",
        "addr:full": "No.877, Modi Hospital Road, West of Chord Road, II Stage Extension",
        "addr:postcode": "560086",
        "addr:state": "Karnataka",
        "amenity": "hospital",
        "healthcare": "hospital",
        "name": "Pristine Hospital",
        "name:kn": "ಪ್ರಿಸ್ಟೀನ್ ಆಸ್ಪತ್ರೆ",
        "operator:type": "private",
        "source": "OpenGovernmentData",
        "website": "http://pristinehospitals.com/"
      },
      "geometry": {
        "type": "Point",
        "coordinates": [
          77.5432779,
          12.9980009
        ]
      },
      "id": "node/6947033494"
    },
    {
      "type": "Feature",
      "properties": {
        "@id": "node/6947106775",
        "addr:district": "Bengaluru Urban",
        "addr:full": "7Th B Cross, 1st Floor Banaswadi Road Jai Bharath Nagar",
        "addr:postcode": "560033",
        "addr:state": "Karnataka",
        "amenity": "hospital",
        "healthcare": "hospital",
        "name": "Dr Zamindar's Micro Surgical Eye Centre",
        "source": "OpenGovernmentData"
      },
      "geometry": {
        "type": "Point",
        "coordinates": [
          77.6329015,
          13.0021978
        ]
      },
      "id": "node/6947106775"
    },
    {
      "type": "Feature",
      "properties": {
        "@id": "node/6947226705",
        "addr:district": "Bengaluru Rural",
        "addr:full": "Ktg Educational Campus, Sy No. 93, Srigandadakaval, Sunkadakatte Road, Vishwaneedam Post",
        "addr:postcode": "560091",
        "addr:state": "Karnataka",
        "amenity": "hospital",
        "name": "K.T.G. Hospital",
        "source": "OpenGovernmentData"
      },
      "geometry": {
        "type": "Point",
        "coordinates": [
          77.5054027,
          13.0004769
        ]
      },
      "id": "node/6947226705"
    },
    {
      "type": "Feature",
      "properties": {
        "@id": "node/6947247040",
        "addr:district": "Bengaluru Rural",
        "addr:full": "Sri Murthy Complex, No.43, Garvey Bhav Palya Hongasandra Village Begur, Hosur Main Road Bommanahalli, Hobli",
        "addr:postcode": "560068",
        "addr:state": "Karnataka",
        "amenity": "hospital",
        "name": "Vasan Eye Care Hospital",
        "source": "OpenGovernmentData"
      },
      "geometry": {
        "type": "Point",
        "coordinates": [
          77.6339279,
          12.8980516
        ]
      },
      "id": "node/6947247040"
    },
    {
      "type": "Feature",
      "properties": {
        "@id": "node/6947371813",
        "addr:district": "Bengaluru Urban",
        "addr:full": "#289.1 Cross, Cambridge Layout, Halasuru, Near Sai Baba Temple",
        "addr:postcode": "560008",
        "addr:state": "Karnataka",
        "amenity": "hospital",
        "name": "Health Cottage Hospital",
        "source": "OpenGovernmentData"
      },
      "geometry": {
        "type": "Point",
        "coordinates": [
          77.6321116,
          12.9709143
        ]
      },
      "id": "node/6947371813"
    },
    {
      "type": "Feature",
      "properties": {
        "@id": "node/6947375064",
        "addr:district": "Bengaluru Urban",
        "addr:full": "No.4, Sagar Complex,Gopalakrishna Layout,Vasanthapura Main Road,Subramanyapura Post,Uttarahalli Hobli",
        "addr:postcode": "560061",
        "addr:state": "Karnataka",
        "amenity": "hospital",
        "name": "Samastha Hospitals Pvt Ltd",
        "source": "OpenGovernmentData"
      },
      "geometry": {
        "type": "Point",
        "coordinates": [
          77.5473364,
          12.89708
        ]
      },
      "id": "node/6947375064"
    },
    {
      "type": "Feature",
      "properties": {
        "@id": "node/6947430278",
        "addr:district": "Bengaluru Urban",
        "addr:full": "#200/A, Hmt Layout, Karthik Complex, Dinnur Main Road, R.T. Nagar",
        "addr:postcode": "560032",
        "addr:state": "Karnataka",
        "amenity": "hospital",
        "name": "Poornima Hospital",
        "source": "OpenGovernmentData"
      },
      "geometry": {
        "type": "Point",
        "coordinates": [
          77.595128,
          13.0263344
        ]
      },
      "id": "node/6947430278"
    },
    {
      "type": "Feature",
      "properties": {
        "@id": "node/6947499707",
        "addr:district": "Bengaluru Urban",
        "addr:full": "No.1013, 1st Block, 3 Road Cross, Hrbr Layout, Kalyan Nagar",
        "addr:postcode": "560043",
        "addr:state": "Karnataka",
        "amenity": "hospital",
        "name": "Dr.Zamindar Microsurgical Eye Centre",
        "operator:type": "private",
        "source": "OpenGovernmentData",
        "website": "https://drzamindarseyecentre.com/"
      },
      "geometry": {
        "type": "Point",
        "coordinates": [
          77.6547577,
          13.0178594
        ]
      },
      "id": "node/6947499707"
    },
    {
      "type": "Feature",
      "properties": {
        "@id": "node/6947499708",
        "addr:district": "Bengaluru Urban",
        "addr:full": "#1,9 Cross 9 Main Hennur Cross, Kalyan Nagar Post",
        "addr:postcode": "560043",
        "addr:state": "Karnataka",
        "amenity": "hospital",
        "name": "Good Shepherd Hospital",
        "source": "OpenGovernmentData"
      },
      "geometry": {
        "type": "Point",
        "coordinates": [
          77.633289,
          13.0328036
        ]
      },
      "id": "node/6947499708"
    },
    {
      "type": "Feature",
      "properties": {
        "@id": "node/6947499711",
        "addr:district": "Bengaluru Urban",
        "addr:full": "No.33, Coles Road,Frazer Town",
        "addr:postcode": "560005",
        "addr:state": "Karnataka",
        "amenity": "hospital",
        "name": "Dr.Agarwal Eye Hospital, Frazer Town, Bangalore",
        "source": "OpenGovernmentData"
      },
      "geometry": {
        "type": "Point",
        "coordinates": [
          77.6128413,
          12.9960196
        ]
      },
      "id": "node/6947499711"
    },
    {
      "type": "Feature",
      "properties": {
        "@id": "node/6947504016",
        "addr:district": "Bengaluru Rural",
        "addr:full": "12, D Rajgopal Road, Next To Food World, Nagashettyhalli, Sanjaynagar",
        "addr:postcode": "560091",
        "addr:state": "Karnataka",
        "amenity": "hospital",
        "healthcare": "hospital",
        "name": "Mamta Hospital, Bengaluru Rural",
        "source": "OpenGovernmentData"
      },
      "geometry": {
        "type": "Point",
        "coordinates": [
          77.5744454,
          13.0377564
        ]
      },
      "id": "node/6947504016"
    },
    {
      "type": "Feature",
      "properties": {
        "@id": "node/6947504017",
        "addr:district": "Bengaluru Urban",
        "addr:full": "No.2, Ngef Layout, Sanjaynagar Main Road",
        "addr:postcode": "560094",
        "addr:state": "Karnataka",
        "amenity": "hospital",
        "name": "S. J. Hospital",
        "source": "OpenGovernmentData"
      },
      "geometry": {
        "type": "Point",
        "coordinates": [
          77.575065,
          13.0360827
        ]
      },
      "id": "node/6947504017"
    },
    {
      "type": "Feature",
      "properties": {
        "@id": "node/6947504038",
        "addr:district": "Bengaluru Urban",
        "addr:full": "No. 5, Langford Gardens, Near Richmond Circle",
        "addr:postcode": "560025",
        "addr:state": "Karnataka",
        "amenity": "hospital",
        "name": "Republic Hospital",
        "source": "OpenGovernmentData"
      },
      "geometry": {
        "type": "Point",
        "coordinates": [
          77.5982255,
          12.964162
        ]
      },
      "id": "node/6947504038"
    },
    {
      "type": "Feature",
      "properties": {
        "@id": "node/6947556032",
        "addr:district": "Bengaluru Urban",
        "addr:full": "11/2 8Th Cross, Gangadhar Nagar 100 Ring Road, J.P Nagar Post",
        "addr:postcode": "560078",
        "addr:state": "Karnataka",
        "amenity": "hospital",
        "name": "R.R. Hospital and Trauma Centre",
        "source": "OpenGovernmentData"
      },
      "geometry": {
        "type": "Point",
        "coordinates": [
          77.5716318,
          12.9074269
        ]
      },
      "id": "node/6947556032"
    },
    {
      "type": "Feature",
      "properties": {
        "@id": "node/6947662464",
        "addr:district": "Bengaluru Urban",
        "addr:full": "37/, 1st Cross, Devasandra Main Road, K.R.Puram",
        "addr:postcode": "560035",
        "addr:state": "Karnataka",
        "amenity": "hospital",
        "name": "Suresh Hospital, Bengaluru Urban",
        "source": "OpenGovernmentData"
      },
      "geometry": {
        "type": "Point",
        "coordinates": [
          77.6971089,
          13.0080397
        ]
      },
      "id": "node/6947662464"
    },
    {
      "type": "Feature",
      "properties": {
        "@id": "node/6947662469",
        "addr:district": "Bengaluru Urban",
        "addr:full": "2 1st Floor, Kr Purav",
        "addr:postcode": "560003",
        "addr:state": "Karnataka",
        "amenity": "hospital",
        "name": "Sri Ram Netralaya and Surgical Centre",
        "source": "OpenGovernmentData"
      },
      "geometry": {
        "type": "Point",
        "coordinates": [
          77.6948659,
          13.0088071
        ]
      },
      "id": "node/6947662469"
    },
    {
      "type": "Feature",
      "properties": {
        "@id": "node/6947662474",
        "addr:district": "Bengaluru Urban",
        "addr:full": "No. 42-B1, Below Synicate Bank, Sri Thimmappa Complex, Old Madras Road, Krishnarajapuram",
        "addr:postcode": "560036",
        "addr:state": "Karnataka",
        "amenity": "hospital",
        "name": "Patil Hospital, Bengaluru Urban",
        "source": "OpenGovernmentData"
      },
      "geometry": {
        "type": "Point",
        "coordinates": [
          77.6969567,
          13.0090854
        ]
      },
      "id": "node/6947662474"
    },
    {
      "type": "Feature",
      "properties": {
        "@id": "node/6947662480",
        "addr:district": "Bengaluru Urban",
        "addr:full": "#311, 4B Cross, R.M. Nagar Main Road, Kasthuri Nagar",
        "addr:postcode": "560016",
        "addr:state": "Karnataka",
        "amenity": "hospital",
        "name": "Sri Sai Eye Hospital",
        "source": "OpenGovernmentData"
      },
      "geometry": {
        "type": "Point",
        "coordinates": [
          77.6659168,
          13.011968
        ]
      },
      "id": "node/6947662480"
    },
    {
      "type": "Feature",
      "properties": {
        "@id": "node/6947674447",
        "addr:district": "Bengaluru Urban",
        "addr:full": "No.162, 4Th Main, Opposite Post Office, Viveknagar, 20Yds, Viveknagar Bus Stand",
        "addr:postcode": "560047",
        "addr:state": "Karnataka",
        "amenity": "hospital",
        "name": "Sri Ram Speciality Hospital",
        "source": "OpenGovernmentData"
      },
      "geometry": {
        "type": "Point",
        "coordinates": [
          77.6209764,
          12.9543777
        ]
      },
      "id": "node/6947674447"
    },
    {
      "type": "Feature",
      "properties": {
        "@id": "node/6947678585",
        "addr:district": "Bengaluru Urban",
        "addr:full": "No.1, 1 Cross Rananurthy Road",
        "addr:postcode": "560084",
        "addr:state": "Karnataka",
        "amenity": "hospital",
        "email": "info@zionhospitals.com",
        "name": "Zion Hospital And Research Centre Pvt.Ltd.",
        "operator:type": "private",
        "source": "OpenGovernmentData",
        "website": "http://zionhospitals.com/"
      },
      "geometry": {
        "type": "Point",
        "coordinates": [
          77.6354957,
          13.0149675
        ]
      },
      "id": "node/6947678585"
    },
    {
      "type": "Feature",
      "properties": {
        "@id": "node/6947682046",
        "addr:district": "Bengaluru Rural",
        "addr:full": "208, 210, Hegganahalli Main Road, Near Peenya 2nd Stage, Hegganahalli",
        "addr:postcode": "560091",
        "addr:state": "Karnataka",
        "amenity": "hospital",
        "name": "Jai Maruthi Hospital",
        "source": "OpenGovernmentData"
      },
      "geometry": {
        "type": "Point",
        "coordinates": [
          77.5055636,
          13.0068811
        ]
      },
      "id": "node/6947682046"
    },
    {
      "type": "Feature",
      "properties": {
        "@id": "node/6947682067",
        "addr:district": "Bengaluru Urban",
        "addr:full": "Victoria Hospital Campus",
        "addr:postcode": "560002",
        "addr:state": "Karnataka",
        "amenity": "hospital",
        "healthcare": "hospital",
        "name": "Institute Of Nephro Urology hospital",
        "source": "OpenGovernmentData"
      },
      "geometry": {
        "type": "Point",
        "coordinates": [
          77.5728562,
          12.9619528
        ]
      },
      "id": "node/6947682067"
    },
    {
      "type": "Feature",
      "properties": {
        "@id": "node/6947701126",
        "addr:district": "Bengaluru Urban",
        "addr:full": "Koramangala",
        "addr:postcode": "560095",
        "addr:state": "Karnataka",
        "amenity": "hospital",
        "healthcare": "hospital",
        "name": "Well Spring hospital",
        "source": "OpenGovernmentData"
      },
      "geometry": {
        "type": "Point",
        "coordinates": [
          77.6224349,
          12.9425676
        ]
      },
      "id": "node/6947701126"
    },
    {
      "type": "Feature",
      "properties": {
        "@id": "node/6947707788",
        "addr:district": "Bengaluru Urban",
        "addr:full": "Bengaluru Urban",
        "addr:postcode": "560002",
        "addr:state": "Karnataka",
        "amenity": "hospital",
        "name": "Aaroyha Mandir Hospital",
        "source": "OpenGovernmentData"
      },
      "geometry": {
        "type": "Point",
        "coordinates": [
          77.5502452,
          13.0105038
        ]
      },
      "id": "node/6947707788"
    },
    {
      "type": "Feature",
      "properties": {
        "@id": "node/6947707895",
        "addr:district": "Bengaluru Urban",
        "addr:full": "# 52 /10 80 Ft Road, Khb Colony Basaveshwaranagar",
        "addr:postcode": "560079",
        "addr:state": "Karnataka",
        "amenity": "hospital",
        "email": "support@punyahospitals.com",
        "healthcare": "hospital",
        "name": "Punya Hospital, Bengaluru Urban",
        "operator:type": "private",
        "source": "OpenGovernmentData",
        "website": "https://punyahospitals.com/"
      },
      "geometry": {
        "type": "Point",
        "coordinates": [
          77.5374853,
          12.9862161
        ]
      },
      "id": "node/6947707895"
    },
    {
      "type": "Feature",
      "properties": {
        "@id": "node/6947707903",
        "addr:district": "Bengaluru Urban",
        "addr:full": "4,Kirloskar Colony, Basaveshwaranagar",
        "addr:postcode": "560079",
        "addr:state": "Karnataka",
        "amenity": "hospital",
        "name": "Vijaya Hospital, Bengaluru Urban",
        "source": "OpenGovernmentData"
      },
      "geometry": {
        "type": "Point",
        "coordinates": [
          77.48376,
          12.9418827
        ]
      },
      "id": "node/6947707903"
    },
    {
      "type": "Feature",
      "properties": {
        "@id": "node/6947716888",
        "addr:district": "Bengaluru Urban",
        "addr:full": "No. 8, 60Ft. Road, Pattegara Palya, Vijayanagar",
        "addr:postcode": "560079",
        "addr:state": "Karnataka",
        "amenity": "hospital",
        "name": "Sandhyashree Hospital",
        "name:kn": "ಸಂಧ್ಯಾಶ್ರೀ ಆಸ್ಪತ್ರೆ",
        "source": "OpenGovernmentData"
      },
      "geometry": {
        "type": "Point",
        "coordinates": [
          77.5261763,
          12.9761802
        ]
      },
      "id": "node/6947716888"
    },
    {
      "type": "Feature",
      "properties": {
        "@id": "node/6947716900",
        "addr:district": "Bengaluru Urban",
        "addr:full": "No.21,22,1st Floor,Horamavu Main Road",
        "addr:postcode": "560043",
        "addr:state": "Karnataka",
        "amenity": "hospital",
        "name": "Dr. Sailaja's Super Speciality Eye Hospital",
        "source": "OpenGovernmentData"
      },
      "geometry": {
        "type": "Point",
        "coordinates": [
          77.6614188,
          13.0276736
        ]
      },
      "id": "node/6947716900"
    },
    {
      "type": "Feature",
      "properties": {
        "@id": "node/6947750361",
        "addr:district": "Bengaluru Urban",
        "addr:full": "No. 113, 4Th Cross, R. K. Layout, Padmanabhanagar",
        "addr:postcode": "560070",
        "addr:state": "Karnataka",
        "amenity": "hospital",
        "healthcare": "hospital",
        "name": "Hillside Hospital",
        "source": "OpenGovernmentData"
      },
      "geometry": {
        "type": "Point",
        "coordinates": [
          77.5589544,
          12.9162753
        ]
      },
      "id": "node/6947750361"
    },
    {
      "type": "Feature",
      "properties": {
        "@id": "node/6947915400",
        "addr:district": "Bengaluru Urban",
        "addr:full": "Sindhi Hospital Road Sampangiramnagar S R Nagar",
        "addr:postcode": "560027",
        "addr:state": "Karnataka",
        "amenity": "hospital",
        "name": "Pd Hinduja Sindhi Hospital",
        "source": "OpenGovernmentData"
      },
      "geometry": {
        "type": "Point",
        "coordinates": [
          77.5926509,
          12.9646359
        ]
      },
      "id": "node/6947915400"
    },
    {
      "type": "Feature",
      "properties": {
        "@id": "node/6948030294",
        "addr:district": "Bengaluru Urban",
        "addr:full": "1078 11Th Main 9Th Cross Above Punjab National Bank Mahalakshmipura",
        "addr:postcode": "560086",
        "addr:state": "Karnataka",
        "amenity": "hospital",
        "healthcare": "hospital",
        "name": "Sri Ranga Arogyadhama",
        "source": "OpenGovernmentData"
      },
      "geometry": {
        "type": "Point",
        "coordinates": [
          77.542782,
          12.9986239
        ]
      },
      "id": "node/6948030294"
    },
    {
      "type": "Feature",
      "properties": {
        "@id": "node/6948059664",
        "addr:district": "Bengaluru Urban",
        "addr:full": "No.4, 5Th Block,2nd Stage Nagarabhavi",
        "addr:postcode": "560072",
        "addr:state": "Karnataka",
        "amenity": "hospital",
        "name": "Brinda Hospital",
        "source": "OpenGovernmentData"
      },
      "geometry": {
        "type": "Point",
        "coordinates": [
          77.5115959,
          12.978053
        ]
      },
      "id": "node/6948059664"
    },
    {
      "type": "Feature",
      "properties": {
        "@id": "node/6948187839",
        "addr:district": "Mysuru",
        "addr:full": "34/1, Ta.Ra.Su. Circla Yadavagiri",
        "addr:postcode": "570020",
        "addr:state": "Karnataka",
        "amenity": "hospital",
        "name": "Sankalpa Hospital",
        "name:kn": "ಸಂಕಲ್ಪ ಆಸ್ಪತ್ರೆ",
        "source": "OpenGovernmentData"
      },
      "geometry": {
        "type": "Point",
        "coordinates": [
          77.4918039,
          12.95119
        ]
      },
      "id": "node/6948187839"
    },
    {
      "type": "Feature",
      "properties": {
        "@id": "node/6948391975",
        "addr:district": "Bengaluru Urban",
        "addr:full": "No. 86, 2nd Main,16Th D Cross,Malagala,Inner Ring Road,Underpass, Nagarabhavi 2nd Stag",
        "addr:postcode": "560072",
        "addr:state": "Karnataka",
        "amenity": "hospital",
        "name": "Deepashri Hospital",
        "source": "OpenGovernmentData"
      },
      "geometry": {
        "type": "Point",
        "coordinates": [
          77.5108503,
          12.9705902
        ]
      },
      "id": "node/6948391975"
    },
    {
      "type": "Feature",
      "properties": {
        "@id": "node/6948438892",
        "addr:district": "Bengaluru Urban",
        "addr:full": "10Th, A Main, 68Th Cross, 5Th Block, Rajajinagar Near Bhasyam Circle",
        "addr:postcode": "560010",
        "addr:state": "Karnataka",
        "amenity": "hospital",
        "name": "Rotary Eye Hospital (A Unit Of Bangalore North Rotary Trust)",
        "source": "OpenGovernmentData"
      },
      "geometry": {
        "type": "Point",
        "coordinates": [
          77.5549364,
          12.9817233
        ]
      },
      "id": "node/6948438892"
    },
    {
      "type": "Feature",
      "properties": {
        "@id": "node/6948459038",
        "addr:district": "Bengaluru Urban",
        "addr:full": "No. 22/21, 6Th Cross, K N Extn, Yeshwanth Pur",
        "addr:postcode": "560022",
        "addr:state": "Karnataka",
        "amenity": "hospital",
        "name": "Acharya Tulsi Jain Hospital",
        "source": "OpenGovernmentData"
      },
      "geometry": {
        "type": "Point",
        "coordinates": [
          77.5567093,
          13.0218344
        ]
      },
      "id": "node/6948459038"
    },
    {
      "type": "Feature",
      "properties": {
        "@id": "node/6948552667",
        "addr:district": "Bengaluru Urban",
        "addr:full": "#20, 7Th Cross Rosegarden, Neelasandra",
        "addr:postcode": "560047",
        "addr:state": "Karnataka",
        "amenity": "hospital",
        "name": "Get Well Hospital",
        "source": "OpenGovernmentData"
      },
      "geometry": {
        "type": "Point",
        "coordinates": [
          77.61503,
          12.9526616
        ]
      },
      "id": "node/6948552667"
    },
    {
      "type": "Feature",
      "properties": {
        "@id": "node/6948590938",
        "addr:district": "Bengaluru Urban",
        "addr:full": "No.2, Ex-Servicemen Colony, 5Th Cross, Dinnur Main Road, R.T.Nagar",
        "addr:postcode": "560032",
        "addr:state": "Karnataka",
        "amenity": "hospital",
        "name": "Premier Hospital",
        "source": "OpenGovernmentData"
      },
      "geometry": {
        "type": "Point",
        "coordinates": [
          77.5960574,
          13.0241863
        ]
      },
      "id": "node/6948590938"
    },
    {
      "type": "Feature",
      "properties": {
        "@id": "node/6948604083",
        "addr:district": "Bengaluru Urban",
        "addr:full": "No - 30,1st Cross, Opp Geleyara Balaga Bus Stop,Mahalakshmipuram,Banglore",
        "addr:postcode": "560086",
        "addr:state": "Karnataka",
        "amenity": "hospital",
        "name": "Gurukripa Hospital and Health Care Centre",
        "source": "OpenGovernmentData"
      },
      "geometry": {
        "type": "Point",
        "coordinates": [
          77.5461146,
          13.0001802
        ]
      },
      "id": "node/6948604083"
    },
    {
      "type": "Feature",
      "properties": {
        "@id": "node/6948659616",
        "addr:district": "Bengaluru Urban",
        "addr:full": "Lmc 1210 &1211 ,1st Main, 1st Stage, 3Road Block Hbr Layout",
        "addr:postcode": "560001",
        "addr:state": "Karnataka",
        "amenity": "hospital",
        "name": "Avian Medicare and Research Centre",
        "source": "OpenGovernmentData",
        "wheelchair": "yes"
      },
      "geometry": {
        "type": "Point",
        "coordinates": [
          77.6227882,
          13.0269276
        ]
      },
      "id": "node/6948659616"
    },
    {
      "type": "Feature",
      "properties": {
        "@id": "node/6948751340",
        "addr:district": "Bengaluru Rural",
        "addr:full": "13/29,Prathik Complexhongaasandra, Begur Road",
        "addr:postcode": "560068",
        "addr:state": "Karnataka",
        "amenity": "hospital",
        "name": "Vinayaka Health Care and Maternity Home",
        "source": "OpenGovernmentData"
      },
      "geometry": {
        "type": "Point",
        "coordinates": [
          77.6257829,
          12.8919999
        ]
      },
      "id": "node/6948751340"
    },
    {
      "type": "Feature",
      "properties": {
        "@id": "node/6950124287",
        "addr:district": "Bengaluru Urban",
        "addr:full": "No. 101, Tc Palya Road,Raghavendra Nagar,Ram Murthy Nagar Extension",
        "addr:postcode": "560016",
        "addr:state": "Karnataka",
        "addr:street": "Opposite to bus stop",
        "amenity": "hospital",
        "name": "Little Flower Hospital",
        "source": "OpenGovernmentData",
        "wheelchair": "yes"
      },
      "geometry": {
        "type": "Point",
        "coordinates": [
          77.6771966,
          13.0113204
        ]
      },
      "id": "node/6950124287"
    },
    {
      "type": "Feature",
      "properties": {
        "@id": "node/6950124308",
        "addr:district": "Bengaluru Urban",
        "addr:full": "506, Aswathankatte Road V V Puram",
        "addr:postcode": "560004",
        "addr:state": "Karnataka",
        "amenity": "hospital",
        "name": "Venkateswara Hospital, Bengaluru Urban",
        "name:kn": "ವೆಂಕಟೇಶ್ವರ ಆಸ್ಪತ್ರೆ",
        "source": "OpenGovernmentData"
      },
      "geometry": {
        "type": "Point",
        "coordinates": [
          77.5755649,
          12.9543465
        ]
      },
      "id": "node/6950124308"
    },
    {
      "type": "Feature",
      "properties": {
        "@id": "node/6950185719",
        "addr:district": "Bengaluru Urban",
        "addr:full": "No.12, Laggere Main Road, Laggere, Bengaluru",
        "addr:postcode": "560058",
        "addr:state": "Karnataka",
        "amenity": "hospital",
        "name": "Sai Baba Hospital",
        "name:kn": "ಸಾಯಿಬಾಬ ಆಸ್ಪತ್ರೆ",
        "source": "OpenGovernmentData"
      },
      "geometry": {
        "type": "Point",
        "coordinates": [
          77.5222108,
          13.0093599
        ]
      },
      "id": "node/6950185719"
    },
    {
      "type": "Feature",
      "properties": {
        "@id": "node/6950185729",
        "addr:district": "Bengaluru Rural",
        "addr:full": "No. 21/3 Vasanthpur Main Road Konanakunte Cross",
        "addr:postcode": "560062",
        "addr:state": "Karnataka",
        "amenity": "hospital",
        "name": "Metro Hospital, Bengaluru Rural",
        "source": "OpenGovernmentData"
      },
      "geometry": {
        "type": "Point",
        "coordinates": [
          77.5612113,
          12.8914666
        ]
      },
      "id": "node/6950185729"
    },
    {
      "type": "Feature",
      "properties": {
        "@id": "node/6950185730",
        "addr:district": "Bengaluru Urban",
        "addr:full": "58, M. Muniyappa Complex Magadi Main Road, Agrahara Dasarahalli,",
        "addr:postcode": "560079",
        "addr:state": "Karnataka",
        "amenity": "hospital",
        "name": "Madhu Hospital, Bengaluru Urban",
        "source": "OpenGovernmentData"
      },
      "geometry": {
        "type": "Point",
        "coordinates": [
          77.5429603,
          12.9783164
        ]
      },
      "id": "node/6950185730"
    },
    {
      "type": "Feature",
      "properties": {
        "@id": "node/6950412307",
        "addr:district": "Bengaluru Urban",
        "addr:full": "5, Arabic College Main Road, Banglore",
        "addr:postcode": "560045",
        "addr:state": "Karnataka",
        "amenity": "hospital",
        "name": "Al- Habeeb Hospital",
        "source": "OpenGovernmentData"
      },
      "geometry": {
        "type": "Point",
        "coordinates": [
          77.6196139,
          13.0236062
        ]
      },
      "id": "node/6950412307"
    },
    {
      "type": "Feature",
      "properties": {
        "@id": "node/6950412318",
        "addr:district": "Bengaluru Urban",
        "addr:full": "No.2/2, ARS Mansion, New Mico Factory Road, Opposite GovernmentHigh School, Adugodi",
        "addr:postcode": "560030",
        "addr:state": "Karnataka",
        "amenity": "hospital",
        "email": "communication@santhigiriashram.org",
        "name": "Santhigiri Ayurveda and Siddha Hospital, Bengaluru Urban",
        "operator:type": "private",
        "source": "OpenGovernmentData",
        "website": "https://www.santhigiriashram.org/"
      },
      "geometry": {
        "type": "Point",
        "coordinates": [
          77.6065864,
          12.9439008
        ]
      },
      "id": "node/6950412318"
    },
    {
      "type": "Feature",
      "properties": {
        "@id": "node/7139631443",
        "amenity": "hospital",
        "name": "Padmashree Diagnostics"
      },
      "geometry": {
        "type": "Point",
        "coordinates": [
          77.5436792,
          12.9745983
        ]
      },
      "id": "node/7139631443"
    },
    {
      "type": "Feature",
      "properties": {
        "@id": "node/7140653801",
        "amenity": "hospital",
        "healthcare": "hospital",
        "name": "Venus MultiSpeciality Hospital"
      },
      "geometry": {
        "type": "Point",
        "coordinates": [
          77.6807872,
          12.9721779
        ]
      },
      "id": "node/7140653801"
    },
    {
      "type": "Feature",
      "properties": {
        "@id": "node/7202723905",
        "addr:district": "Bangalore",
        "addr:full": "3rd Main Rd, NGR Layout, Roopena Agrahara, Bommanahalli",
        "addr:postcode": "560068",
        "addr:state": "Karnataka",
        "addr:subdistrict": "Bangalore South",
        "amenity": "hospital",
        "name": "Roopena Agrahara Government Hospital",
        "source": "OpenGovernmentData"
      },
      "geometry": {
        "type": "Point",
        "coordinates": [
          77.6244654,
          12.9102142
        ]
      },
      "id": "node/7202723905"
    },
    {
      "type": "Feature",
      "properties": {
        "@id": "node/7202724055",
        "addr:district": "Bangalore",
        "addr:full": "Gunjur",
        "addr:postcode": "560087",
        "addr:state": "Karnataka",
        "addr:subdistrict": "Bangalore East",
        "amenity": "hospital",
        "name": "Government Hospital, Gunjur",
        "source": "OpenGovernmentData"
      },
      "geometry": {
        "type": "Point",
        "coordinates": [
          77.736038,
          12.922327
        ]
      },
      "id": "node/7202724055"
    },
    {
      "type": "Feature",
      "properties": {
        "@id": "node/7202935749",
        "addr:district": "Bangalore",
        "addr:full": "Thippenahalli",
        "addr:postcode": "560073",
        "addr:state": "Karnataka",
        "addr:subdistrict": "Bangalore North",
        "amenity": "hospital",
        "name": "Thippenalli Government Hospital",
        "source": "OpenGovernmentData"
      },
      "geometry": {
        "type": "Point",
        "coordinates": [
          77.483923,
          13.031132
        ]
      },
      "id": "node/7202935749"
    },
    {
      "type": "Feature",
      "properties": {
        "@id": "node/7202935803",
        "addr:district": "Bangalore",
        "addr:full": "Peenya Post, Muneshwara Badavane",
        "addr:postcode": "560058",
        "addr:state": "Karnataka",
        "addr:subdistrict": "Bangalore North",
        "amenity": "hospital",
        "name": "Laggere Government Hospital",
        "name:kn": "ಲಗ್ಗೆರೆ ಸರ್ಕಾರಿ ಆಸ್ಪತ್ರೆ",
        "source": "OpenGovernmentData"
      },
      "geometry": {
        "type": "Point",
        "coordinates": [
          77.5231852,
          13.009817
        ]
      },
      "id": "node/7202935803"
    },
    {
      "type": "Feature",
      "properties": {
        "@id": "node/7202935809",
        "addr:district": "Bangalore",
        "addr:full": "Seegehalli, Virgonagara Post",
        "addr:postcode": "560049",
        "addr:state": "Karnataka",
        "addr:subdistrict": "Bangalore East",
        "amenity": "hospital",
        "name": "Seegehalli Government Hospital",
        "name:kn": "ಸೀಗೇಹಳ್ಳಿ ಸರ್ಕಾರಿ ಆಸ್ಪತ್ರೆ",
        "source": "OpenGovernmentData"
      },
      "geometry": {
        "type": "Point",
        "coordinates": [
          77.7169887,
          13.0164321
        ]
      },
      "id": "node/7202935809"
    },
    {
      "type": "Feature",
      "properties": {
        "@id": "node/7202935821",
        "addr:district": "Bangalore",
        "addr:full": "Sir M Vishweshwaraiah Layout 6th Block, Ullal Uppanagar",
        "addr:postcode": "560056",
        "addr:state": "Karnataka",
        "addr:subdistrict": "Bangalore North",
        "amenity": "hospital",
        "name": "Ullalu Government Hospital",
        "source": "OpenGovernmentData"
      },
      "geometry": {
        "type": "Point",
        "coordinates": [
          77.4751834,
          12.9629127
        ]
      },
      "id": "node/7202935821"
    },
    {
      "type": "Feature",
      "properties": {
        "@id": "node/7202935829",
        "addr:district": "Chitradurga",
        "addr:full": "K.C. General Hospital, Srirampura",
        "addr:postcode": "560003",
        "addr:state": "Karnataka",
        "addr:subdistrict": "Hosdurga",
        "amenity": "hospital",
        "contact:phone": "08199-242555",
        "name": "K.C. General Hospital",
        "source": "OpenGovernmentData"
      },
      "geometry": {
        "type": "Point",
        "coordinates": [
          77.5694167,
          12.993382
        ]
      },
      "id": "node/7202935829"
    },
    {
      "type": "Feature",
      "properties": {
        "@id": "node/7202935849",
        "addr:district": "Bangalore",
        "addr:full": "Nelamaheshwarinagar T DASARAHALLI",
        "addr:postcode": "560057",
        "addr:state": "Karnataka",
        "addr:subdistrict": "Bangalore North",
        "amenity": "hospital",
        "name": "NELAMAHESHWARI Government Hospital",
        "source": "OpenGovernmentData"
      },
      "geometry": {
        "type": "Point",
        "coordinates": [
          77.510442,
          13.049152
        ]
      },
      "id": "node/7202935849"
    },
    {
      "type": "Feature",
      "properties": {
        "@id": "node/7213498681",
        "addr:district": "Bengaluru Urban",
        "addr:full": "Sri Balaji Krupa Layout",
        "addr:postcode": "560077",
        "addr:state": "Karnataka",
        "amenity": "hospital",
        "name": "Sai Hospital",
        "source": "OpenGovernmentData"
      },
      "geometry": {
        "type": "Point",
        "coordinates": [
          77.6329103,
          13.0701337
        ]
      },
      "id": "node/7213498681"
    },
    {
      "type": "Feature",
      "properties": {
        "@id": "node/7213514086",
        "addr:district": "Bengaluru Rural",
        "addr:full": "Mutharayana Nagar, Gnana Bharathi, Bengaluru",
        "addr:postcode": "560056",
        "addr:state": "Karnataka",
        "amenity": "hospital",
        "name": "Sree Ranga Hospital",
        "source": "OpenGovernmentData"
      },
      "geometry": {
        "type": "Point",
        "coordinates": [
          77.4927128,
          12.9358669
        ]
      },
      "id": "node/7213514086"
    },
    {
      "type": "Feature",
      "properties": {
        "@id": "node/7213565705",
        "addr:district": "Bengaluru Urban",
        "addr:full": "48/1, KHB Colony Main Rd, Sultanpalya, Hebbal, Bengaluru",
        "addr:postcode": "560032",
        "addr:state": "Karnataka",
        "amenity": "hospital",
        "healthcare": "hospital",
        "name": "Cure Hospital",
        "source": "OpenGovernmentData"
      },
      "geometry": {
        "type": "Point",
        "coordinates": [
          77.6085263,
          13.0324318
        ]
      },
      "id": "node/7213565705"
    },
    {
      "type": "Feature",
      "properties": {
        "@id": "node/7235403686",
        "amenity": "hospital",
        "name": "Yashas Neurocare"
      },
      "geometry": {
        "type": "Point",
        "coordinates": [
          77.5454024,
          12.9853993
        ]
      },
      "id": "node/7235403686"
    },
    {
      "type": "Feature",
      "properties": {
        "@id": "node/7235403985",
        "amenity": "hospital",
        "name": "Focus Diagnostic Center"
      },
      "geometry": {
        "type": "Point",
        "coordinates": [
          77.549951,
          12.9870634
        ]
      },
      "id": "node/7235403985"
    },
    {
      "type": "Feature",
      "properties": {
        "@id": "node/7258378647",
        "amenity": "hospital",
        "healthcare": "hospital",
        "healthcare:speciality": "optometry;optometrist",
        "name": "Vittal Eye HOspital"
      },
      "geometry": {
        "type": "Point",
        "coordinates": [
          77.5412566,
          12.931298
        ]
      },
      "id": "node/7258378647"
    },
    {
      "type": "Feature",
      "properties": {
        "@id": "node/7489626471",
        "amenity": "hospital",
        "healthcare": "hospital",
        "name": "naveen clinc"
      },
      "geometry": {
        "type": "Point",
        "coordinates": [
          77.5050224,
          13.0413777
        ]
      },
      "id": "node/7489626471"
    },
    {
      "type": "Feature",
      "properties": {
        "@id": "node/7514681681",
        "addr:city": "Bengaluru",
        "addr:postcode": "560068",
        "amenity": "hospital",
        "healthcare": "hospital",
        "name": "Chamundi Hi Tech Hospital"
      },
      "geometry": {
        "type": "Point",
        "coordinates": [
          77.6177848,
          12.9240924
        ]
      },
      "id": "node/7514681681"
    },
    {
      "type": "Feature",
      "properties": {
        "@id": "node/7572131814",
        "addr:district": "Bengaluru Urban",
        "addr:full": "Nagappareddy Layout, Kaggadasapura, Bengaluru",
        "addr:postcode": "560093",
        "addr:state": "Karnataka",
        "amenity": "hospital",
        "name": "Little Flower Hospital",
        "source": "Local Knowledge"
      },
      "geometry": {
        "type": "Point",
        "coordinates": [
          77.6823734,
          12.9807257
        ]
      },
      "id": "node/7572131814"
    },
    {
      "type": "Feature",
      "properties": {
        "@id": "node/7572131816",
        "addr:district": "Bengaluru Urban",
        "addr:full": "Ayyappa Nagar, Krishnarajapura, Bengaluru",
        "addr:postcode": "560036",
        "addr:state": "Karnataka",
        "amenity": "hospital",
        "name": "NMPC Hospital",
        "source": "Local Knowledge"
      },
      "geometry": {
        "type": "Point",
        "coordinates": [
          77.7004289,
          13.006205
        ]
      },
      "id": "node/7572131816"
    },
    {
      "type": "Feature",
      "properties": {
        "@id": "node/7572131818",
        "addr:district": "Bengaluru Urban",
        "addr:full": "Devasandra Main Road, Krishnarajapura, Bengaluru",
        "addr:postcode": "560036",
        "addr:state": "Karnataka",
        "amenity": "hospital",
        "name": "R R Hospital",
        "source": "Local Knowledge"
      },
      "geometry": {
        "type": "Point",
        "coordinates": [
          77.697197,
          13.0082031
        ]
      },
      "id": "node/7572131818"
    },
    {
      "type": "Feature",
      "properties": {
        "@id": "node/7572131819",
        "addr:district": "Bengaluru Urban",
        "addr:full": "Udayanagar Extension, Mahadevapura, Bengaluru",
        "addr:postcode": "560013",
        "addr:state": "Karnataka",
        "amenity": "hospital",
        "name": "Jeevan Hospital",
        "source": "Local Knowledge"
      },
      "geometry": {
        "type": "Point",
        "coordinates": [
          77.6713322,
          12.9901305
        ]
      },
      "id": "node/7572131819"
    },
    {
      "type": "Feature",
      "properties": {
        "@id": "node/7572131823",
        "addr:district": "Bengaluru Urban",
        "addr:full": "Ayyappa Nagar, Krishnarajapura, Bengaluru",
        "addr:postcode": "560036",
        "addr:state": "Karnataka",
        "amenity": "hospital",
        "name": "Vicky Family Life",
        "source": "Local Knowledge"
      },
      "geometry": {
        "type": "Point",
        "coordinates": [
          77.7059531,
          13.0031618
        ]
      },
      "id": "node/7572131823"
    },
    {
      "type": "Feature",
      "properties": {
        "@id": "node/7572131824",
        "addr:district": "Bengaluru Urban",
        "addr:full": "Udaya Nagar, Mahadevapura, Bengaluru",
        "addr:postcode": "560016",
        "addr:state": "Karnataka",
        "amenity": "hospital",
        "name": "Vedam Ayurveda Multi Speciality Hospital",
        "source": "Local Knowledge"
      },
      "geometry": {
        "type": "Point",
        "coordinates": [
          77.6709989,
          12.9946786
        ]
      },
      "id": "node/7572131824"
    },
    {
      "type": "Feature",
      "properties": {
        "@id": "node/7572131833",
        "addr:district": "Bengaluru Urban",
        "addr:full": "Horamavu, Near Banaswadi, Bengaluru",
        "addr:postcode": "560043",
        "addr:state": "Karnataka",
        "amenity": "hospital",
        "name": "Stroke Treatment Paralysis",
        "source": "Local Knowledge"
      },
      "geometry": {
        "type": "Point",
        "coordinates": [
          77.6585299,
          13.0239995
        ]
      },
      "id": "node/7572131833"
    },
    {
      "type": "Feature",
      "properties": {
        "@id": "node/7572131835",
        "addr:district": "Bengaluru Urban",
        "addr:full": "Banaswadi, Bengaluru",
        "addr:postcode": "560043",
        "addr:state": "Karnataka",
        "amenity": "hospital",
        "name": "Geriatric Hospitals",
        "source": "Local Knowledge"
      },
      "geometry": {
        "type": "Point",
        "coordinates": [
          77.6599575,
          13.0283977
        ]
      },
      "id": "node/7572131835"
    },
    {
      "type": "Feature",
      "properties": {
        "@id": "node/7572131842",
        "addr:district": "Bengaluru Urban",
        "addr:full": "Sunshine Layout, Krishnarajapura, Bengaluru",
        "addr:postcode": "560036",
        "addr:state": "Karnataka",
        "amenity": "hospital",
        "name": "Health Plus Multi Speciality Hospital",
        "source": "Local Knowledge"
      },
      "geometry": {
        "type": "Point",
        "coordinates": [
          77.6994046,
          13.0219523
        ]
      },
      "id": "node/7572131842"
    },
    {
      "type": "Feature",
      "properties": {
        "@id": "node/7572131844",
        "addr:district": "Bengaluru Urban",
        "addr:full": "Udaya Nagar, Bengaluru",
        "addr:postcode": "560016",
        "addr:state": "Karnataka",
        "amenity": "hospital",
        "name": "Pragathi Piles Hospital",
        "source": "Local Knowledge"
      },
      "geometry": {
        "type": "Point",
        "coordinates": [
          77.671863,
          12.9966313
        ]
      },
      "id": "node/7572131844"
    },
    {
      "type": "Feature",
      "properties": {
        "@id": "node/7572131866",
        "addr:district": "Bengaluru Urban",
        "addr:full": "Udaya Nagar, Mahadevapura, Bengaluru",
        "addr:postcode": "560016",
        "addr:state": "Karnataka",
        "amenity": "hospital",
        "name": "Mahaveer Hospitals",
        "source": "Local Knowledge"
      },
      "geometry": {
        "type": "Point",
        "coordinates": [
          77.6741439,
          12.9895049
        ]
      },
      "id": "node/7572131866"
    },
    {
      "type": "Feature",
      "properties": {
        "@id": "node/7572131884",
        "addr:district": "Bengaluru Urban",
        "addr:full": "Punyabhoomi Layout, Kalkere, Bengaluru",
        "addr:postcode": "560016",
        "addr:state": "Karnataka",
        "amenity": "hospital",
        "name": "Eshawar HospItal",
        "source": "Local Knowledge"
      },
      "geometry": {
        "type": "Point",
        "coordinates": [
          77.6747693,
          13.033219
        ]
      },
      "id": "node/7572131884"
    },
    {
      "type": "Feature",
      "properties": {
        "@id": "node/7572131892",
        "addr:district": "Bengaluru Urban",
        "addr:full": "Malleshpalya, New Tippasandra, Bengaluru",
        "addr:postcode": "560075",
        "addr:state": "Karnataka",
        "amenity": "hospital",
        "healthcare": "hospital",
        "name": "Medihope Super Specialty Hospital",
        "source": "Local Knowledge"
      },
      "geometry": {
        "type": "Point",
        "coordinates": [
          77.675186,
          12.973637
        ]
      },
      "id": "node/7572131892"
    },
    {
      "type": "Feature",
      "properties": {
        "@id": "node/7572131894",
        "addr:district": "Bengaluru Urban",
        "addr:full": "Udaya Nagar, Mahadevapura, Bengaluru",
        "addr:postcode": "560016",
        "addr:state": "Karnataka",
        "amenity": "hospital",
        "name": "Cure N Care Hospital",
        "source": "Local Knowledge"
      },
      "geometry": {
        "type": "Point",
        "coordinates": [
          77.676589,
          12.989869
        ]
      },
      "id": "node/7572131894"
    },
    {
      "type": "Feature",
      "properties": {
        "@id": "node/7572131905",
        "addr:district": "Bengaluru Urban",
        "addr:full": "V B Layout, Krishnarajapura, Bengaluru",
        "addr:postcode": "560036",
        "addr:state": "Karnataka",
        "amenity": "hospital",
        "name": "Sad Bydya Shala Ayurvedic Hospital",
        "source": "Local Knowledge"
      },
      "geometry": {
        "type": "Point",
        "coordinates": [
          77.6969464,
          13.0106539
        ]
      },
      "id": "node/7572131905"
    },
    {
      "type": "Feature",
      "properties": {
        "@id": "node/7572131909",
        "addr:district": "Bengaluru Urban",
        "addr:full": "Krishnarajapura, Bengaluru",
        "addr:postcode": "560036",
        "addr:state": "Karnataka",
        "amenity": "hospital",
        "name": "Sri Lakshmi Super Speciality Hospital",
        "source": "Local Knowledge"
      },
      "geometry": {
        "type": "Point",
        "coordinates": [
          77.697361,
          13.011115
        ]
      },
      "id": "node/7572131909"
    },
    {
      "type": "Feature",
      "properties": {
        "@id": "node/7572131920",
        "addr:district": "Bengaluru Urban",
        "addr:full": "Surya Layout, Ayyappa Nagar, Krishnarajapura, Bengaluru",
        "addr:postcode": "560036",
        "addr:state": "Karnataka",
        "amenity": "hospital",
        "name": "Kids Health Link",
        "source": "Local Knowledge"
      },
      "geometry": {
        "type": "Point",
        "coordinates": [
          77.7128759,
          13.0031938
        ]
      },
      "id": "node/7572131920"
    },
    {
      "type": "Feature",
      "properties": {
        "@id": "node/7572131923",
        "addr:district": "Bengaluru Urban",
        "addr:full": "Udaya Nagar, Bengaluru",
        "addr:postcode": "560016",
        "addr:state": "Karnataka",
        "amenity": "hospital",
        "name": "Prakruti Hospital",
        "source": "Local Knowledge"
      },
      "geometry": {
        "type": "Point",
        "coordinates": [
          77.6757833,
          12.991561
        ]
      },
      "id": "node/7572131923"
    },
    {
      "type": "Feature",
      "properties": {
        "@id": "node/7572131935",
        "addr:district": "Bengaluru Urban",
        "addr:full": "Ayyappa Nagar, Krishnarajapura, Bengaluru",
        "addr:postcode": "560036",
        "addr:state": "Karnataka",
        "amenity": "hospital",
        "name": "Amrutha Healthcare",
        "source": "Local Knowledge"
      },
      "geometry": {
        "type": "Point",
        "coordinates": [
          77.7114153,
          13.0042616
        ]
      },
      "id": "node/7572131935"
    },
    {
      "type": "Feature",
      "properties": {
        "@id": "node/7572526686",
        "addr:district": "Bengaluru Urban",
        "addr:full": "Govindarajanagar, Bengaluru",
        "addr:postcode": "560040",
        "addr:state": "Karnataka",
        "amenity": "hospital",
        "name": "Kamadhenu Hospital",
        "source": "Local Knowledge"
      },
      "geometry": {
        "type": "Point",
        "coordinates": [
          77.534972,
          12.975501
        ]
      },
      "id": "node/7572526686"
    },
    {
      "type": "Feature",
      "properties": {
        "@id": "node/7572526687",
        "addr:district": "Bengaluru Urban",
        "addr:full": "Indiranagar, Bengaluru",
        "addr:postcode": "560008",
        "addr:state": "Karnataka",
        "amenity": "hospital",
        "healthcare": "hospital",
        "name": "Dr. Rajesh Hospitals Eye and Dental",
        "source": "Local Knowledge"
      },
      "geometry": {
        "type": "Point",
        "coordinates": [
          77.6422131,
          12.9688989
        ]
      },
      "id": "node/7572526687"
    },
    {
      "type": "Feature",
      "properties": {
        "@id": "node/7572526690",
        "addr:district": "Bengaluru Urban",
        "addr:full": "Kaveri Nagar, Murgesh Pallya, Bengaluru",
        "addr:postcode": "560017",
        "addr:state": "Karnataka",
        "amenity": "hospital",
        "name": "OJUS Multi Speciality Hospital",
        "source": "Local Knowledge",
        "wheelchair": "limited"
      },
      "geometry": {
        "type": "Point",
        "coordinates": [
          77.653945,
          12.957269
        ]
      },
      "id": "node/7572526690"
    },
    {
      "type": "Feature",
      "properties": {
        "@id": "node/7572526693",
        "addr:district": "Bengaluru Urban",
        "addr:full": "Govindaraja Nagar Ward, Priyadarshini Layout, Kamakshipalya, Bengaluru",
        "addr:postcode": "560079",
        "addr:state": "Karnataka",
        "amenity": "hospital",
        "name": "Benaka Hospital",
        "source": "Local Knowledge"
      },
      "geometry": {
        "type": "Point",
        "coordinates": [
          77.5289448,
          12.9835824
        ]
      },
      "id": "node/7572526693"
    },
    {
      "type": "Feature",
      "properties": {
        "@id": "node/7572526698",
        "addr:district": "Bengaluru Urban",
        "addr:full": "Stage 2, Vijayanagar, Bengaluru",
        "addr:postcode": "560040",
        "addr:state": "Karnataka",
        "amenity": "hospital",
        "name": "Goverment Hospital, Hosahalli",
        "source": "Local Knowledge"
      },
      "geometry": {
        "type": "Point",
        "coordinates": [
          77.5342045,
          12.9744928
        ]
      },
      "id": "node/7572526698"
    },
    {
      "type": "Feature",
      "properties": {
        "@id": "node/7572526699",
        "addr:district": "Bengaluru Urban",
        "addr:full": "Jyothi Nagar, Bengaluru",
        "addr:postcode": "560017",
        "addr:state": "Karnataka",
        "amenity": "hospital",
        "name": "Jhon's Medical Hospital",
        "source": "Local Knowledge"
      },
      "geometry": {
        "type": "Point",
        "coordinates": [
          77.6662889,
          12.9635299
        ]
      },
      "id": "node/7572526699"
    },
    {
      "type": "Feature",
      "properties": {
        "@id": "node/7572526700",
        "addr:district": "Bengaluru Urban",
        "addr:full": "Govindaraja Nagar Ward, Kalyan Nagar, Vijayanagar, Bengaluru",
        "addr:postcode": "560072",
        "addr:state": "Karnataka",
        "amenity": "hospital",
        "name": "Vijaya Hospital",
        "source": "Local Knowledge"
      },
      "geometry": {
        "type": "Point",
        "coordinates": [
          77.5226459,
          12.96767
        ]
      },
      "id": "node/7572526700"
    },
    {
      "type": "Feature",
      "properties": {
        "@id": "node/7572526703",
        "addr:district": "Bengaluru Urban",
        "addr:full": "Govindaraja Nagar Ward, Pattegarhpalya, Vijayanagar, Bengaluru",
        "addr:postcode": "560079",
        "addr:state": "Karnataka",
        "amenity": "hospital",
        "name": "Government Hospital",
        "name:kn": "ಸರ್ಕಾರಿ ಆಸ್ಪತ್ರೆ",
        "source": "Local Knowledge"
      },
      "geometry": {
        "type": "Point",
        "coordinates": [
          77.5251934,
          12.9780731
        ]
      },
      "id": "node/7572526703"
    },
    {
      "type": "Feature",
      "properties": {
        "@id": "node/7572526708",
        "addr:district": "Bengaluru Urban",
        "addr:full": "Hoshalli Extension, Vijayanagar, Bengaluru",
        "addr:postcode": "560040",
        "addr:state": "Karnataka",
        "amenity": "hospital",
        "name": "Sriprasad Ayurveda",
        "source": "Local Knowledge"
      },
      "geometry": {
        "type": "Point",
        "coordinates": [
          77.5462808,
          12.9734087
        ]
      },
      "id": "node/7572526708"
    },
    {
      "type": "Feature",
      "properties": {
        "@id": "node/7572526709",
        "addr:district": "Bengaluru Urban",
        "addr:full": "Near Vijayanagar Police Station, Vijaya Nagar, Bengaluru",
        "addr:postcode": "560040",
        "addr:state": "Karnataka",
        "amenity": "hospital",
        "healthcare": "hospital",
        "name": "Vidya Eye Hospital",
        "source": "Local Knowledge"
      },
      "geometry": {
        "type": "Point",
        "coordinates": [
          77.5377684,
          12.9707429
        ]
      },
      "id": "node/7572526709"
    },
    {
      "type": "Feature",
      "properties": {
        "@id": "node/7572526710",
        "addr:district": "Bengaluru Urban",
        "addr:full": "Someshvarapura Layout, Jogupalya, Bengaluru",
        "addr:postcode": "560008",
        "addr:state": "Karnataka",
        "amenity": "hospital",
        "name": "Sai Baba Hospital",
        "name:kn": "ಸಾಯಿಬಾಬ ಆಸ್ಪತ್ರೆ",
        "source": "Local Knowledge"
      },
      "geometry": {
        "type": "Point",
        "coordinates": [
          77.6317472,
          12.9698194
        ]
      },
      "id": "node/7572526710"
    },
    {
      "type": "Feature",
      "properties": {
        "@id": "node/7572526717",
        "addr:district": "Bengaluru Urban",
        "addr:full": "Amarjyoti Layout, Domlur, Bengaluru",
        "addr:postcode": "560071",
        "addr:state": "Karnataka",
        "amenity": "hospital",
        "name": "Shree Sai Speciality Hospital",
        "source": "Local Knowledge"
      },
      "geometry": {
        "type": "Point",
        "coordinates": [
          77.6418006,
          12.9555948
        ]
      },
      "id": "node/7572526717"
    },
    {
      "type": "Feature",
      "properties": {
        "@id": "node/7572526718",
        "addr:district": "Bengaluru Urban",
        "addr:full": "Maruthi Nagar, Attiguppe, Bengaluru",
        "addr:postcode": "560040",
        "addr:state": "Karnataka",
        "amenity": "hospital",
        "name": "Shree Dhanvantari Ayurveda Hospital",
        "source": "Local Knowledge"
      },
      "geometry": {
        "type": "Point",
        "coordinates": [
          77.5222312,
          12.9615606
        ]
      },
      "id": "node/7572526718"
    },
    {
      "type": "Feature",
      "properties": {
        "@id": "node/7572526728",
        "addr:district": "Bengaluru Urban",
        "addr:full": "Netravati Road, Maruthi Nagar, Bengaluru",
        "addr:postcode": "560072",
        "addr:state": "Karnataka",
        "amenity": "hospital",
        "name": "Srinivasam Cancer Care Multi Speciality Hospital",
        "source": "Local Knowledge"
      },
      "geometry": {
        "type": "Point",
        "coordinates": [
          77.523151,
          12.961509
        ]
      },
      "id": "node/7572526728"
    },
    {
      "type": "Feature",
      "properties": {
        "@id": "node/7572526747",
        "addr:district": "Bengaluru Urban",
        "addr:floor": "G",
        "addr:full": "Near Rajeshwari Theatre, Murgesh Pallya, Bengaluru",
        "addr:postcode": "560017",
        "addr:state": "Karnataka",
        "amenity": "hospital",
        "check_date": "2025-10-19",
        "healthcare": "hospital",
        "level": "0",
        "name": "Magdum Hospital",
        "source": "Local Knowledge"
      },
      "geometry": {
        "type": "Point",
        "coordinates": [
          77.6603768,
          12.9589495
        ]
      },
      "id": "node/7572526747"
    },
    {
      "type": "Feature",
      "properties": {
        "@id": "node/7572526750",
        "addr:district": "Bengaluru Urban",
        "addr:full": "Indiranagar, Bengaluru",
        "addr:postcode": "560008",
        "addr:state": "Karnataka",
        "amenity": "hospital",
        "healthcare": "hospital",
        "name": "Athoz Hospitals",
        "source": "Local Knowledge"
      },
      "geometry": {
        "type": "Point",
        "coordinates": [
          77.6424996,
          12.9673428
        ]
      },
      "id": "node/7572526750"
    },
    {
      "type": "Feature",
      "properties": {
        "@id": "node/7572526752",
        "addr:district": "Bengaluru Urban",
        "addr:full": "Rajajinagar, Bengaluru",
        "addr:postcode": "560010",
        "addr:state": "Karnataka",
        "amenity": "hospital",
        "name": "G.R. Hospital",
        "source": "Local Knowledge"
      },
      "geometry": {
        "type": "Point",
        "coordinates": [
          77.5548818,
          12.9802303
        ]
      },
      "id": "node/7572526752"
    },
    {
      "type": "Feature",
      "properties": {
        "@id": "node/7572526753",
        "addr:district": "Bengaluru Urban",
        "addr:full": "Nagarabhavi Main Road, Govindaraja Nagar Ward, Vijayanagar, Bengaluru",
        "addr:postcode": "560040",
        "addr:state": "Karnataka",
        "amenity": "hospital",
        "name": "Sneha Horizon Hospital",
        "source": "Local Knowledge"
      },
      "geometry": {
        "type": "Point",
        "coordinates": [
          77.5358001,
          12.9754301
        ]
      },
      "id": "node/7572526753"
    },
    {
      "type": "Feature",
      "properties": {
        "@id": "node/7572526756",
        "addr:district": "Bengaluru Urban",
        "addr:full": "Nagarabavi Main Road, Mudalapalya, Vijayanagar, Bengaluru",
        "addr:postcode": "560072",
        "addr:state": "Karnataka",
        "amenity": "hospital",
        "name": "Jagjeevanram Hospital",
        "source": "Local Knowledge"
      },
      "geometry": {
        "type": "Point",
        "coordinates": [
          77.524492,
          12.968292
        ]
      },
      "id": "node/7572526756"
    },
    {
      "type": "Feature",
      "properties": {
        "@id": "node/7572526757",
        "addr:district": "Bengaluru Urban",
        "addr:full": "CHBS Layout, Vijayanagar, Bengaluru",
        "addr:postcode": "560040",
        "addr:state": "Karnataka",
        "amenity": "hospital",
        "name": "Kangroo Hospital",
        "source": "Local Knowledge"
      },
      "geometry": {
        "type": "Point",
        "coordinates": [
          77.542325,
          12.974339
        ]
      },
      "id": "node/7572526757"
    },
    {
      "type": "Feature",
      "properties": {
        "@id": "node/7572526762",
        "addr:district": "Bengaluru Urban",
        "addr:full": "Rajajinagar, Bengaluru",
        "addr:postcode": "560023",
        "addr:state": "Karnataka",
        "amenity": "hospital",
        "name": "Abhinav Hospital",
        "source": "Local Knowledge"
      },
      "geometry": {
        "type": "Point",
        "coordinates": [
          77.553782,
          12.9757486
        ]
      },
      "id": "node/7572526762"
    },
    {
      "type": "Feature",
      "properties": {
        "@id": "node/7572526763",
        "addr:district": "Bengaluru Urban",
        "addr:full": "Govindaraja Nagar Ward, PF Layout, Vijayanagar, Bengaluru",
        "addr:postcode": "560040",
        "addr:state": "Karnataka",
        "amenity": "hospital",
        "name": "Suhusannidhi Hospital",
        "source": "Local Knowledge"
      },
      "geometry": {
        "type": "Point",
        "coordinates": [
          77.534951,
          12.969102
        ]
      },
      "id": "node/7572526763"
    },
    {
      "type": "Feature",
      "properties": {
        "@id": "node/7572526764",
        "addr:district": "Bengaluru Urban",
        "addr:full": "Vishweshwaraiah Layout, Annapurneshwari Nagar, Bengaluru",
        "addr:postcode": "560056",
        "addr:state": "Karnataka",
        "amenity": "hospital",
        "name": "Abivrud Cancer Care & Research Centre",
        "source": "Local Knowledge"
      },
      "geometry": {
        "type": "Point",
        "coordinates": [
          77.4973049,
          12.963967
        ]
      },
      "id": "node/7572526764"
    },
    {
      "type": "Feature",
      "properties": {
        "@id": "node/7572526766",
        "addr:district": "Bengaluru Urban",
        "addr:full": "Govindaraja Nagar Ward, Panchasheel Nagar, Vijayanagar, Bengaluru",
        "addr:postcode": "560072",
        "addr:state": "Karnataka",
        "amenity": "hospital",
        "name": "Panchsheela Nagar Hospital",
        "source": "Local Knowledge"
      },
      "geometry": {
        "type": "Point",
        "coordinates": [
          77.5208943,
          12.9745497
        ]
      },
      "id": "node/7572526766"
    },
    {
      "type": "Feature",
      "properties": {
        "@id": "node/7572526767",
        "addr:district": "Bengaluru Urban",
        "addr:full": "Someshvarapura Layout, Jogupalya, Bengaluru",
        "addr:postcode": "560008",
        "addr:state": "Karnataka",
        "amenity": "hospital",
        "name": "ESIC Hospital",
        "source": "Local Knowledge"
      },
      "geometry": {
        "type": "Point",
        "coordinates": [
          77.6317545,
          12.9693009
        ]
      },
      "id": "node/7572526767"
    },
    {
      "type": "Feature",
      "properties": {
        "@id": "node/7572526776",
        "addr:district": "Bengaluru Urban",
        "addr:full": "CHBS Layout, MC Layout, Vijayanagar, Bengaluru",
        "addr:postcode": "560040",
        "addr:state": "Karnataka",
        "amenity": "hospital",
        "name": "Sai Ortho and Dental Centre",
        "source": "Local Knowledge"
      },
      "geometry": {
        "type": "Point",
        "coordinates": [
          77.5360801,
          12.9698191
        ]
      },
      "id": "node/7572526776"
    },
    {
      "type": "Feature",
      "properties": {
        "@id": "node/7572526781",
        "addr:district": "Bengaluru Urban",
        "addr:full": "Agrahara Dasarahalli, Rajajinagar, Bengaluru",
        "addr:postcode": "560010",
        "addr:state": "Karnataka",
        "amenity": "hospital",
        "name": "Ammashrees Hospital",
        "source": "Local Knowledge"
      },
      "geometry": {
        "type": "Point",
        "coordinates": [
          77.5441641,
          12.9794315
        ]
      },
      "id": "node/7572526781"
    },
    {
      "type": "Feature",
      "properties": {
        "@id": "node/7572526782",
        "addr:district": "Bengaluru Urban",
        "addr:full": "Kodihalli, Bengaluru",
        "addr:postcode": "560008",
        "addr:state": "Karnataka",
        "amenity": "hospital",
        "name": "Lohitha Hospital",
        "source": "Local Knowledge"
      },
      "geometry": {
        "type": "Point",
        "coordinates": [
          77.64308,
          12.963951
        ]
      },
      "id": "node/7572526782"
    },
    {
      "type": "Feature",
      "properties": {
        "@id": "node/7572526783",
        "addr:district": "Bengaluru Urban",
        "addr:full": "Govindrajanagar, Anubhav Nagar, Mudalapalya, Vijayanagar, Bengaluru",
        "addr:postcode": "560072",
        "addr:state": "Karnataka",
        "amenity": "hospital",
        "name": "Government Hospital",
        "name:kn": "ಸರ್ಕಾರಿ ಆಸ್ಪತ್ರೆ",
        "source": "Local Knowledge"
      },
      "geometry": {
        "type": "Point",
        "coordinates": [
          77.5188899,
          12.9639829
        ]
      },
      "id": "node/7572526783"
    },
    {
      "type": "Feature",
      "properties": {
        "@id": "node/7572526785",
        "addr:district": "Bengaluru Urban",
        "addr:full": "Radhakrishna Main Road, Mines &,Geology Layout, Mallathahalli, Bengaluru",
        "addr:postcode": "560056",
        "addr:state": "Karnataka",
        "amenity": "hospital",
        "name": "Revathi Hospital",
        "source": "Local Knowledge"
      },
      "geometry": {
        "type": "Point",
        "coordinates": [
          77.5015759,
          12.9679971
        ]
      },
      "id": "node/7572526785"
    },
    {
      "type": "Feature",
      "properties": {
        "@id": "node/7572526787",
        "addr:district": "Bengaluru Urban",
        "addr:full": "Govindaraja Nagar Ward, Garden Villas, Vijayanagar, Bengaluru",
        "addr:postcode": "560072",
        "addr:state": "Karnataka",
        "amenity": "hospital",
        "name": "Shanthakumari Hospital",
        "source": "Local Knowledge"
      },
      "geometry": {
        "type": "Point",
        "coordinates": [
          77.5188263,
          12.9637162
        ]
      },
      "id": "node/7572526787"
    },
    {
      "type": "Feature",
      "properties": {
        "@id": "node/7572526791",
        "addr:district": "Bengaluru Urban",
        "addr:full": "Hans Complex, Manuvana, Vijayanagar, Bengaluru",
        "addr:postcode": "560040",
        "addr:state": "Karnataka",
        "amenity": "hospital",
        "name": "Bengaluru Child Neurology and Rehabilitaion Centre",
        "source": "Local Knowledge"
      },
      "geometry": {
        "type": "Point",
        "coordinates": [
          77.5461246,
          12.9735574
        ]
      },
      "id": "node/7572526791"
    },
    {
      "type": "Feature",
      "properties": {
        "@id": "node/7572526792",
        "addr:district": "Bengaluru Urban",
        "addr:full": "Srinivasnagar, Amarajyothi Nagar, Vijayanagar, Bengaluru",
        "addr:postcode": "560072",
        "addr:state": "Karnataka",
        "amenity": "hospital",
        "name": "Sumati Hospital",
        "source": "Local Knowledge"
      },
      "geometry": {
        "type": "Point",
        "coordinates": [
          77.524439,
          12.976379
        ]
      },
      "id": "node/7572526792"
    },
    {
      "type": "Feature",
      "properties": {
        "@id": "node/7572526798",
        "addr:district": "Bengaluru Urban",
        "addr:full": "Konena Agrahara, Murgesh Pallya, Bengaluru",
        "addr:postcode": "560017",
        "addr:state": "Karnataka",
        "amenity": "hospital",
        "healthcare": "hospital",
        "name": "Dr. Hemant Agrawal",
        "source": "Local Knowledge"
      },
      "geometry": {
        "type": "Point",
        "coordinates": [
          77.659636,
          12.9583212
        ]
      },
      "id": "node/7572526798"
    },
    {
      "type": "Feature",
      "properties": {
        "@id": "node/7572526800",
        "addr:district": "Bengaluru Urban",
        "addr:full": "Near SBI, Vijayanagar, Bengaluru",
        "addr:postcode": "560040",
        "addr:state": "Karnataka",
        "amenity": "hospital",
        "name": "Dr. Nothesh Child Specialist",
        "source": "Local Knowledge"
      },
      "geometry": {
        "type": "Point",
        "coordinates": [
          77.540659,
          12.975423
        ]
      },
      "id": "node/7572526800"
    },
    {
      "type": "Feature",
      "properties": {
        "@id": "node/7572526801",
        "addr:district": "Bengaluru Urban",
        "addr:full": "Amarjyoti Layout, Domlur, Bengaluru",
        "addr:postcode": "560071",
        "addr:state": "Karnataka",
        "amenity": "hospital",
        "name": "Swasthya Hospitals",
        "source": "Local Knowledge"
      },
      "geometry": {
        "type": "Point",
        "coordinates": [
          77.6401572,
          12.9544981
        ]
      },
      "id": "node/7572526801"
    },
    {
      "type": "Feature",
      "properties": {
        "@id": "node/7572526802",
        "addr:district": "Bengaluru Urban",
        "addr:full": "Kaveri Nagar, Murgesh Pallya, Bengaluru",
        "addr:postcode": "560017",
        "addr:state": "Karnataka",
        "amenity": "hospital",
        "name": "Miracle Hopital",
        "source": "Local Knowledge",
        "wheelchair": "limited"
      },
      "geometry": {
        "type": "Point",
        "coordinates": [
          77.654322,
          12.958861
        ]
      },
      "id": "node/7572526802"
    },
    {
      "type": "Feature",
      "properties": {
        "@id": "node/7572526804",
        "addr:district": "Bengaluru Urban",
        "addr:full": "Vijaya Nagar, Bengaluru",
        "addr:postcode": "560040",
        "addr:state": "Karnataka",
        "amenity": "hospital",
        "name": "Sastry Memorial Hospital",
        "source": "Local Knowledge"
      },
      "geometry": {
        "type": "Point",
        "coordinates": [
          77.5332834,
          12.9698787
        ]
      },
      "id": "node/7572526804"
    },
    {
      "type": "Feature",
      "properties": {
        "@id": "node/7572669027",
        "addr:district": "Bengaluru Urban",
        "addr:full": "AECS Layout, Kudlu",
        "addr:postcode": "560068",
        "addr:state": "Karnataka",
        "amenity": "hospital",
        "name": "Hospitec Multispeciality Hospital",
        "source": "Local Knowledge"
      },
      "geometry": {
        "type": "Point",
        "coordinates": [
          77.6489078,
          12.8859649
        ]
      },
      "id": "node/7572669027"
    },
    {
      "type": "Feature",
      "properties": {
        "@id": "node/7572669031",
        "addr:district": "Bengaluru Urban",
        "addr:full": "EWS Colony, BTM Layout, Bengaluru",
        "addr:postcode": "560076",
        "addr:state": "Karnataka",
        "amenity": "hospital",
        "name": "Sri Venkateswara Hospital",
        "source": "Local Knowledge"
      },
      "geometry": {
        "type": "Point",
        "coordinates": [
          77.6122688,
          12.9056165
        ]
      },
      "id": "node/7572669031"
    },
    {
      "type": "Feature",
      "properties": {
        "@id": "node/7572669032",
        "addr:district": "Bengaluru Urban",
        "addr:full": "Vijaya Bank Layout, Bilekahalli, Bengaluru",
        "addr:postcode": "560076",
        "addr:state": "Karnataka",
        "amenity": "hospital",
        "healthcare": "hospital",
        "name": "Rajashri Grandhim Hospitals",
        "source": "Local Knowledge"
      },
      "geometry": {
        "type": "Point",
        "coordinates": [
          77.607662,
          12.895426
        ]
      },
      "id": "node/7572669032"
    },
    {
      "type": "Feature",
      "properties": {
        "@id": "node/7572669035",
        "addr:district": "Bengaluru Urban",
        "addr:full": "Duo Heights Layout, Devarachiknahalli, Bengaluru",
        "addr:postcode": "560068",
        "addr:state": "Karnataka",
        "amenity": "hospital",
        "healthcare": "hospital",
        "name": "Goldage Hospital",
        "source": "Local Knowledge"
      },
      "geometry": {
        "type": "Point",
        "coordinates": [
          77.6040715,
          12.8908362
        ]
      },
      "id": "node/7572669035"
    },
    {
      "type": "Feature",
      "properties": {
        "@id": "node/7576958025",
        "addr:district": "Bengaluru Urban",
        "addr:full": "Srinivasnagar, Banashankari, Bengaluru",
        "addr:state": "Karnataka",
        "amenity": "hospital",
        "name": "Vinayaka Hospital",
        "source": "Local Knowledge"
      },
      "geometry": {
        "type": "Point",
        "coordinates": [
          77.549675,
          12.93753
        ]
      },
      "id": "node/7576958025"
    },
    {
      "type": "Feature",
      "properties": {
        "@id": "node/7576958028",
        "addr:district": "Bengaluru Urban",
        "addr:full": "Near Jamia Masjid, NR Road, Bengaluru",
        "addr:postcode": "560002",
        "addr:state": "Karnataka",
        "amenity": "hospital",
        "name": "Unani Hospital",
        "source": "Local Knowledge"
      },
      "geometry": {
        "type": "Point",
        "coordinates": [
          77.5790145,
          12.9633185
        ]
      },
      "id": "node/7576958028"
    },
    {
      "type": "Feature",
      "properties": {
        "@id": "node/7576958032",
        "addr:district": "Bengaluru Urban",
        "addr:full": "Austin Town, Neelasandra, Bengaluru",
        "addr:postcode": "560047",
        "addr:state": "Karnataka",
        "amenity": "hospital",
        "name": "Rahul Maternity & Child Health Centre",
        "source": "Local Knowledge"
      },
      "geometry": {
        "type": "Point",
        "coordinates": [
          77.6146819,
          12.9596227
        ]
      },
      "id": "node/7576958032"
    },
    {
      "type": "Feature",
      "properties": {
        "@id": "node/7576958033",
        "addr:district": "Bengaluru Urban",
        "addr:full": "Basavanagudi, Bengaluru",
        "addr:postcode": "560004",
        "addr:state": "Karnataka",
        "amenity": "hospital",
        "name": "Bangaluru Unani Hospital",
        "source": "Local Knowledge"
      },
      "geometry": {
        "type": "Point",
        "coordinates": [
          77.5794387,
          12.9405198
        ]
      },
      "id": "node/7576958033"
    },
    {
      "type": "Feature",
      "properties": {
        "@id": "node/7576958037",
        "addr:district": "Bengaluru Urban",
        "addr:full": "S.S. Temple Street, V V Puram, Bengaluru",
        "addr:postcode": "560004",
        "addr:state": "Karnataka",
        "amenity": "hospital",
        "name": "Medcare Hospital",
        "source": "Local Knowledge"
      },
      "geometry": {
        "type": "Point",
        "coordinates": [
          77.574203,
          12.953049
        ]
      },
      "id": "node/7576958037"
    },
    {
      "type": "Feature",
      "properties": {
        "@id": "node/7576958039",
        "addr:district": "Bengaluru Urban",
        "addr:full": "50 Feet Road, Basavanagadi, Banashankari, Bengaluru",
        "addr:postcode": "560019",
        "addr:state": "Karnataka",
        "amenity": "hospital",
        "name": "Sumanjara Hospital",
        "source": "Local Knowledge"
      },
      "geometry": {
        "type": "Point",
        "coordinates": [
          77.5601782,
          12.9417439
        ]
      },
      "id": "node/7576958039"
    },
    {
      "type": "Feature",
      "properties": {
        "@id": "node/7576958043",
        "addr:district": "Bengaluru Urban",
        "addr:full": "Mahaveer Arcade, Sirsi Road, Chamrajpet, Bengaluru",
        "addr:postcode": "560018",
        "addr:state": "Karnataka",
        "amenity": "hospital",
        "name": "Corporation Hospital",
        "source": "Local Knowledge"
      },
      "geometry": {
        "type": "Point",
        "coordinates": [
          77.560893,
          12.961345
        ]
      },
      "id": "node/7576958043"
    },
    {
      "type": "Feature",
      "properties": {
        "@id": "node/7576958045",
        "addr:district": "Bengaluru Urban",
        "addr:full": "DVG Road, Gandhi Bazaar, Basavanagudi, Bengaluru",
        "addr:postcode": "560004",
        "addr:state": "Karnataka",
        "amenity": "hospital",
        "name": "Mitralaya Hospital",
        "source": "Local Knowledge"
      },
      "geometry": {
        "type": "Point",
        "coordinates": [
          77.5712865,
          12.945591
        ]
      },
      "id": "node/7576958045"
    },
    {
      "type": "Feature",
      "properties": {
        "@id": "node/7576958048",
        "addr:district": "Bengaluru Urban",
        "addr:full": "Dasarhalli, Srinagar, Banashankari, Bengaluru",
        "addr:state": "Karnataka",
        "amenity": "hospital",
        "name": "People Tree Hospitals",
        "source": "Local Knowledge"
      },
      "geometry": {
        "type": "Point",
        "coordinates": [
          77.553598,
          12.942076
        ]
      },
      "id": "node/7576958048"
    },
    {
      "type": "Feature",
      "properties": {
        "@id": "node/7576958051",
        "addr:district": "Bengaluru Urban",
        "addr:full": "Jaya Nagar East, Jayanagar, Bengaluru",
        "addr:postcode": "560011",
        "addr:state": "Karnataka",
        "amenity": "hospital",
        "healthcare": "hospital",
        "name": "Apollo Specialty Hospital",
        "source": "Local Knowledge"
      },
      "geometry": {
        "type": "Point",
        "coordinates": [
          77.584422,
          12.936459
        ]
      },
      "id": "node/7576958051"
    },
    {
      "type": "Feature",
      "properties": {
        "@id": "node/7576958052",
        "addr:district": "Bengaluru Urban",
        "addr:full": "Sirsi Road, Chamrajpet, Bengaluru",
        "addr:postcode": "560018",
        "addr:state": "Karnataka",
        "amenity": "hospital",
        "name": "Government Hospital",
        "name:kn": "ಚಾಮರಾಜಪೇಟೆ ಸರ್ಕಾರಿ ಆಸ್ಪತ್ರೆ",
        "source": "Local Knowledge"
      },
      "geometry": {
        "type": "Point",
        "coordinates": [
          77.5613939,
          12.9609494
        ]
      },
      "id": "node/7576958052"
    },
    {
      "type": "Feature",
      "properties": {
        "@id": "node/7576958060",
        "addr:district": "Bengaluru Urban",
        "addr:full": "SBM Colony, Banashankari, Bengaluru",
        "addr:postcode": "560050",
        "addr:state": "Karnataka",
        "amenity": "hospital",
        "name": "Verna Hospital",
        "source": "Local Knowledge"
      },
      "geometry": {
        "type": "Point",
        "coordinates": [
          77.5580361,
          12.940404
        ]
      },
      "id": "node/7576958060"
    },
    {
      "type": "Feature",
      "properties": {
        "@id": "node/7576958061",
        "addr:district": "Bengaluru Urban",
        "addr:full": "Ramachandra Agrahara, Azad Nagar, Bengaluru",
        "addr:postcode": "560026",
        "addr:state": "Karnataka",
        "amenity": "hospital",
        "name": "Government Hospital, Banglore",
        "source": "Local Knowledge"
      },
      "geometry": {
        "type": "Point",
        "coordinates": [
          77.5573456,
          12.9587464
        ]
      },
      "id": "node/7576958061"
    },
    {
      "type": "Feature",
      "properties": {
        "@id": "node/7576958062",
        "addr:district": "Bengaluru Urban",
        "addr:full": "Kamalanagar, Chamrajpet, Bengaluru",
        "addr:postcode": "560018",
        "addr:state": "Karnataka",
        "amenity": "hospital",
        "name": "Royan Maternity & Child Welfare Centre",
        "source": "Local Knowledge"
      },
      "geometry": {
        "type": "Point",
        "coordinates": [
          77.568274,
          12.960311
        ]
      },
      "id": "node/7576958062"
    },
    {
      "type": "Feature",
      "properties": {
        "@id": "node/7576958064",
        "addr:district": "Bengaluru Urban",
        "addr:full": "Campbell Road, Bangalore",
        "addr:postcode": "560047",
        "addr:state": "Karnataka",
        "amenity": "hospital",
        "name": "Alisa Eye Hospital",
        "source": "Local Knowledge"
      },
      "geometry": {
        "type": "Point",
        "coordinates": [
          77.6104334,
          12.9652304
        ]
      },
      "id": "node/7576958064"
    },
    {
      "type": "Feature",
      "properties": {
        "@id": "node/7576958065",
        "addr:district": "Bengaluru Urban",
        "addr:full": "Bull Temple Road, Hanumanthnagar, Bengaluru",
        "addr:postcode": "560019",
        "addr:state": "Karnataka",
        "amenity": "hospital",
        "name": "Shekhar Hospital",
        "source": "Local Knowledge"
      },
      "geometry": {
        "type": "Point",
        "coordinates": [
          77.567404,
          12.945944
        ]
      },
      "id": "node/7576958065"
    },
    {
      "type": "Feature",
      "properties": {
        "@id": "node/7576958066",
        "addr:district": "Bengaluru Urban",
        "addr:full": "RK Mutt Layout, Kempegowda Nagar, Bengaluru",
        "addr:state": "Karnataka",
        "amenity": "hospital",
        "name": "Government Hospital",
        "name:kn": "ಸರ್ಕಾರಿ ಆಸ್ಪತ್ರೆ",
        "source": "Local Knowledge"
      },
      "geometry": {
        "type": "Point",
        "coordinates": [
          77.563226,
          12.949104
        ]
      },
      "id": "node/7576958066"
    },
    {
      "type": "Feature",
      "properties": {
        "@id": "node/7576958068",
        "addr:district": "Bengaluru Urban",
        "addr:full": "Hanumanthnagar, Banashankari, Bengaluru",
        "addr:postcode": "560019",
        "addr:state": "Karnataka",
        "amenity": "hospital",
        "name": "Jeevini Sarvodaya Hospital",
        "source": "Local Knowledge"
      },
      "geometry": {
        "type": "Point",
        "coordinates": [
          77.5641917,
          12.9415883
        ]
      },
      "id": "node/7576958068"
    },
    {
      "type": "Feature",
      "properties": {
        "@id": "node/7576958070",
        "addr:district": "Bengaluru Urban",
        "addr:full": "Shankar Mutt Road, Chikkanna Garden, Shankarapura, Bengaluru",
        "addr:postcode": "560004",
        "addr:state": "Karnataka",
        "amenity": "hospital",
        "name": "Mahaveer Ortho Care Speciality Centre",
        "source": "Local Knowledge"
      },
      "geometry": {
        "type": "Point",
        "coordinates": [
          77.5695045,
          12.9569684
        ]
      },
      "id": "node/7576958070"
    },
    {
      "type": "Feature",
      "properties": {
        "@id": "node/7576958071",
        "addr:district": "Bengaluru Urban",
        "addr:full": "Banashankari, Bengaluru",
        "addr:state": "Karnataka",
        "amenity": "hospital",
        "name": "Raghavendra Hospital",
        "source": "Local Knowledge"
      },
      "geometry": {
        "type": "Point",
        "coordinates": [
          77.554296,
          12.938787
        ]
      },
      "id": "node/7576958071"
    },
    {
      "type": "Feature",
      "properties": {
        "@id": "node/7576958074",
        "addr:district": "Bengaluru Urban",
        "addr:full": "Srinivasnagar, Banashankari, Bengaluru",
        "addr:state": "Karnataka",
        "amenity": "hospital",
        "name": "Apaara Multi Speciality",
        "source": "Local Knowledge"
      },
      "geometry": {
        "type": "Point",
        "coordinates": [
          77.551329,
          12.938453
        ]
      },
      "id": "node/7576958074"
    },
    {
      "type": "Feature",
      "properties": {
        "@id": "node/7576958078",
        "addr:district": "Bengaluru Urban",
        "addr:full": "Krishna Rajendra Road, Basavanagudi, Bengaluru",
        "addr:postcode": "560004",
        "addr:state": "Karnataka",
        "amenity": "hospital",
        "healthcare": "hospital",
        "name": "Khincha Orthopaedic Centre",
        "source": "Local Knowledge"
      },
      "geometry": {
        "type": "Point",
        "coordinates": [
          77.573989,
          12.939882
        ]
      },
      "id": "node/7576958078"
    },
    {
      "type": "Feature",
      "properties": {
        "@id": "node/7576958080",
        "addr:district": "Bengaluru Urban",
        "addr:full": "RK Mutt Layout, Gavipura, Kempegowda Nagar, Bengaluru",
        "addr:state": "Karnataka",
        "amenity": "hospital",
        "name": "Parameshwari Hospital",
        "source": "Local Knowledge"
      },
      "geometry": {
        "type": "Point",
        "coordinates": [
          77.563543,
          12.948971
        ]
      },
      "id": "node/7576958080"
    },
    {
      "type": "Feature",
      "properties": {
        "@id": "node/7576958083",
        "addr:district": "Bengaluru Urban",
        "addr:full": "Giri Nagar, Banashankari, Bengaluru",
        "addr:state": "Karnataka",
        "amenity": "hospital",
        "name": "Drishti Nethralaya",
        "name:kn": "ದೃಷ್ಟಿ ನೇತ್ರಾಲಯ",
        "source": "Local Knowledge"
      },
      "geometry": {
        "type": "Point",
        "coordinates": [
          77.5506328,
          12.9422541
        ]
      },
      "id": "node/7576958083"
    },
    {
      "type": "Feature",
      "properties": {
        "@id": "node/7576958084",
        "addr:district": "Bengaluru Urban",
        "addr:full": "Sampangi Rama Nagar, Bengaluru",
        "addr:postcode": "560002",
        "addr:state": "Karnataka",
        "amenity": "hospital",
        "name": "Furtde Hospital",
        "source": "Local Knowledge"
      },
      "geometry": {
        "type": "Point",
        "coordinates": [
          77.5894756,
          12.9654649
        ]
      },
      "id": "node/7576958084"
    },
    {
      "type": "Feature",
      "properties": {
        "@id": "node/7576958086",
        "addr:district": "Bengaluru Urban",
        "addr:full": "Santhusapet, Bengaluru",
        "addr:postcode": "560053",
        "addr:state": "Karnataka",
        "amenity": "hospital",
        "name": "Manavarthapet Pregnancy Hospital",
        "source": "Local Knowledge"
      },
      "geometry": {
        "type": "Point",
        "coordinates": [
          77.5734571,
          12.9702549
        ]
      },
      "id": "node/7576958086"
    },
    {
      "type": "Feature",
      "properties": {
        "@id": "node/7576958089",
        "addr:district": "Bengaluru Urban",
        "addr:full": "Basavanagudi, Bengaluru",
        "addr:postcode": "560004",
        "addr:state": "Karnataka",
        "amenity": "hospital",
        "healthcare": "hospital",
        "name": "Trinity Hospital and Heart Foundation",
        "source": "Local Knowledge"
      },
      "geometry": {
        "type": "Point",
        "coordinates": [
          77.5796583,
          12.9434996
        ]
      },
      "id": "node/7576958089"
    },
    {
      "type": "Feature",
      "properties": {
        "@id": "node/7576958091",
        "addr:district": "Bengaluru Urban",
        "addr:full": "Chamrajpet, Bengaluru",
        "addr:postcode": "560018",
        "addr:state": "Karnataka",
        "amenity": "hospital",
        "name": "Spandana Heart Centre",
        "source": "Local Knowledge"
      },
      "geometry": {
        "type": "Point",
        "coordinates": [
          77.566486,
          12.957222
        ]
      },
      "id": "node/7576958091"
    },
    {
      "type": "Feature",
      "properties": {
        "@id": "node/7576958092",
        "addr:district": "Bengaluru Urban",
        "addr:full": "Victoria Layout, Bengaluru",
        "addr:postcode": "560047",
        "addr:state": "Karnataka",
        "amenity": "hospital",
        "name": "Shas Eye Care",
        "source": "Local Knowledge"
      },
      "geometry": {
        "type": "Point",
        "coordinates": [
          77.614714,
          12.960296
        ]
      },
      "id": "node/7576958092"
    },
    {
      "type": "Feature",
      "properties": {
        "@id": "node/7576958093",
        "addr:district": "Bengaluru Urban",
        "addr:full": "M N Krishna Rao Park Road, Basavanagudi, Bengaluru",
        "addr:postcode": "560070",
        "addr:state": "Karnataka",
        "amenity": "hospital",
        "healthcare": "hospital",
        "name": "Matha Pitha Hospital",
        "source": "Local Knowledge"
      },
      "geometry": {
        "type": "Point",
        "coordinates": [
          77.575634,
          12.9420276
        ]
      },
      "id": "node/7576958093"
    },
    {
      "type": "Feature",
      "properties": {
        "@id": "node/7576958095",
        "addr:district": "Bengaluru Urban",
        "addr:full": "JM Road, Upparpete, Bengaluru",
        "addr:postcode": "560053",
        "addr:state": "Karnataka",
        "amenity": "hospital",
        "healthcare": "hospital",
        "name": "ESI Hospital",
        "operator": "Employees' State Insurance",
        "operator:short": "ESI",
        "operator:wikidata": "Q3595726",
        "source": "Local Knowledge"
      },
      "geometry": {
        "type": "Point",
        "coordinates": [
          77.573351,
          12.972126
        ]
      },
      "id": "node/7576958095"
    },
    {
      "type": "Feature",
      "properties": {
        "@id": "node/7576958096",
        "addr:district": "Bengaluru Urban",
        "addr:full": "Chamrajpet, Bengaluru",
        "addr:postcode": "560018",
        "addr:state": "Karnataka",
        "amenity": "hospital",
        "name": "Herige Hospital",
        "source": "Local Knowledge"
      },
      "geometry": {
        "type": "Point",
        "coordinates": [
          77.5609696,
          12.960972
        ]
      },
      "id": "node/7576958096"
    },
    {
      "type": "Feature",
      "properties": {
        "@id": "node/7576958106",
        "addr:district": "Bengaluru Urban",
        "addr:full": "Richmond Road, Shanthala Nagar, Ashok Nagar, Bengaluru",
        "addr:postcode": "560025",
        "addr:state": "Karnataka",
        "amenity": "hospital",
        "name": "Gleneagles Global Hospitals",
        "source": "Local Knowledge",
        "wheelchair": "yes"
      },
      "geometry": {
        "type": "Point",
        "coordinates": [
          77.5999044,
          12.9654497
        ]
      },
      "id": "node/7576958106"
    },
    {
      "type": "Feature",
      "properties": {
        "@id": "node/7576958116",
        "addr:district": "Bengaluru Urban",
        "addr:full": "Ashwath Nagar, Sampangi Rama Nagara, Bengaluru",
        "addr:postcode": "560002",
        "addr:state": "Karnataka",
        "amenity": "hospital",
        "name": "Punarjyoti Eye Hospital",
        "source": "Local Knowledge"
      },
      "geometry": {
        "type": "Point",
        "coordinates": [
          77.589928,
          12.9658901
        ]
      },
      "id": "node/7576958116"
    },
    {
      "type": "Feature",
      "properties": {
        "@id": "node/7576958117",
        "addr:district": "Bengaluru Urban",
        "addr:full": "Vanivilas Road, Gandhi Bazaar, Basavanagudi, Bengaluru",
        "addr:postcode": "560004",
        "addr:state": "Karnataka",
        "amenity": "hospital",
        "name": "Swastik Eye Hospital",
        "source": "Local Knowledge"
      },
      "geometry": {
        "type": "Point",
        "coordinates": [
          77.5696395,
          12.9479647
        ]
      },
      "id": "node/7576958117"
    },
    {
      "type": "Feature",
      "properties": {
        "@id": "node/7576958118",
        "addr:district": "Bengaluru Urban",
        "addr:full": "Rashtriya Vidyalaya Road, Basavanagudi, Bengaluru",
        "addr:postcode": "560004",
        "addr:state": "Karnataka",
        "amenity": "hospital",
        "healthcare": "hospital",
        "name": "Dave Gray Hospital",
        "source": "Local Knowledge"
      },
      "geometry": {
        "type": "Point",
        "coordinates": [
          77.5799015,
          12.9458294
        ]
      },
      "id": "node/7576958118"
    },
    {
      "type": "Feature",
      "properties": {
        "@id": "node/7576958120",
        "addr:district": "Bengaluru Urban",
        "addr:full": "Sampangi Rama Nagara, Bengaluru",
        "addr:postcode": "560027",
        "addr:state": "Karnataka",
        "amenity": "hospital",
        "name": "Dr. Rudrappa's Hospital",
        "source": "Local Knowledge"
      },
      "geometry": {
        "type": "Point",
        "coordinates": [
          77.5954946,
          12.9650303
        ]
      },
      "id": "node/7576958120"
    },
    {
      "type": "Feature",
      "properties": {
        "@id": "node/7577248184",
        "addr:district": "Bengaluru Urban",
        "addr:full": "Varadharaja Nagar, Varadarajaswamy Layout, Singapura, Bengaluru",
        "addr:postcode": "560097",
        "addr:state": "Karnataka",
        "amenity": "hospital",
        "name": "Aveksha Hospital",
        "source": "Local Knowledge"
      },
      "geometry": {
        "type": "Point",
        "coordinates": [
          77.54091,
          13.081777
        ]
      },
      "id": "node/7577248184"
    },
    {
      "type": "Feature",
      "properties": {
        "@id": "node/7577248186",
        "addr:district": "Bengaluru Urban",
        "addr:full": "HRBR Layout, Banaswadi, Bengaluru",
        "addr:postcode": "560043",
        "addr:state": "Karnataka",
        "amenity": "hospital",
        "name": "Shishuka Children's Speciality Hospital",
        "source": "Local Knowledge"
      },
      "geometry": {
        "type": "Point",
        "coordinates": [
          77.6535352,
          13.0193799
        ]
      },
      "id": "node/7577248186"
    },
    {
      "type": "Feature",
      "properties": {
        "@id": "node/7577248193",
        "addr:district": "Bengaluru Urban",
        "addr:full": "Lal Bahadur Nagar, Kasturi Nagar, Bengaluru",
        "addr:postcode": "560043",
        "addr:state": "Karnataka",
        "amenity": "hospital",
        "name": "Skin Remediez",
        "source": "Local Knowledge"
      },
      "geometry": {
        "type": "Point",
        "coordinates": [
          77.6579493,
          13.0091103
        ]
      },
      "id": "node/7577248193"
    },
    {
      "type": "Feature",
      "properties": {
        "@id": "node/7577248218",
        "addr:district": "Bengaluru Urban",
        "addr:full": "Mariyannapalya, Thanisandra, Bengaluru",
        "addr:postcode": "560024",
        "addr:state": "Karnataka",
        "amenity": "hospital",
        "check_date": "2024-07-05",
        "name": "Navya Hospital",
        "source": "Local Knowledge"
      },
      "geometry": {
        "type": "Point",
        "coordinates": [
          77.6120857,
          13.0524836
        ]
      },
      "id": "node/7577248218"
    },
    {
      "type": "Feature",
      "properties": {
        "@id": "node/7577248221",
        "addr:district": "Bengaluru Urban",
        "addr:full": "HRBR Layout, Kalyan Nagar, Bengaluru",
        "addr:postcode": "560043",
        "addr:state": "Karnataka",
        "amenity": "hospital",
        "name": "Ovum Birthing Centre",
        "source": "Local Knowledge"
      },
      "geometry": {
        "type": "Point",
        "coordinates": [
          77.6516628,
          13.0201491
        ]
      },
      "id": "node/7577248221"
    },
    {
      "type": "Feature",
      "properties": {
        "@id": "node/7577248224",
        "addr:district": "Bengaluru Urban",
        "addr:full": "Hebbal Kempapura, Bengaluru",
        "addr:postcode": "560024",
        "addr:state": "Karnataka",
        "amenity": "hospital",
        "check_date": "2024-07-08",
        "name": "Icon Hospital",
        "source": "Local Knowledge"
      },
      "geometry": {
        "type": "Point",
        "coordinates": [
          77.6041042,
          13.0528211
        ]
      },
      "id": "node/7577248224"
    },
    {
      "type": "Feature",
      "properties": {
        "@id": "node/7577248227",
        "addr:district": "Bengaluru Urban",
        "addr:full": "HBR Layout, Bengaluru",
        "addr:postcode": "560043",
        "addr:state": "Karnataka",
        "amenity": "hospital",
        "name": "Medicure Hospital",
        "source": "Local Knowledge"
      },
      "geometry": {
        "type": "Point",
        "coordinates": [
          77.6298629,
          13.0283463
        ]
      },
      "id": "node/7577248227"
    },
    {
      "type": "Feature",
      "properties": {
        "@id": "node/7577248235",
        "addr:district": "Bengaluru Urban",
        "addr:full": "OMBR Layout, Banaswadi, Bengaluru",
        "addr:postcode": "560043",
        "addr:state": "Karnataka",
        "amenity": "hospital",
        "name": "Motherhood Women & Children Hospital",
        "source": "Local Knowledge"
      },
      "geometry": {
        "type": "Point",
        "coordinates": [
          77.6525909,
          13.0102697
        ]
      },
      "id": "node/7577248235"
    },
    {
      "type": "Feature",
      "properties": {
        "@id": "node/7577248239",
        "addr:district": "Bengaluru Urban",
        "addr:full": "Abbasia Colony, Adityanagar, Vidyaranyapura, Bengaluru",
        "addr:postcode": "560097",
        "addr:state": "Karnataka",
        "amenity": "hospital",
        "name": "Santhamma Hospital",
        "source": "Local Knowledge"
      },
      "geometry": {
        "type": "Point",
        "coordinates": [
          77.5535728,
          13.0866852
        ]
      },
      "id": "node/7577248239"
    },
    {
      "type": "Feature",
      "properties": {
        "@id": "node/7577248246",
        "addr:district": "Bengaluru Urban",
        "addr:full": "HBR Layout, Kalyan Nagar, Bengaluru",
        "addr:postcode": "560043",
        "addr:state": "Karnataka",
        "amenity": "hospital",
        "name": "Feran Hospital",
        "source": "Local Knowledge"
      },
      "geometry": {
        "type": "Point",
        "coordinates": [
          77.6302142,
          13.0263661
        ]
      },
      "id": "node/7577248246"
    },
    {
      "type": "Feature",
      "properties": {
        "@id": "node/7577248254",
        "addr:district": "Bengaluru Urban",
        "addr:full": "Ramamurthy Nagar, Kuvempu Nagar, Bellandur, Bengaluru",
        "addr:postcode": "560043",
        "addr:state": "Karnataka",
        "amenity": "hospital",
        "name": "Super Specialty Eye Hospital",
        "source": "Local Knowledge"
      },
      "geometry": {
        "type": "Point",
        "coordinates": [
          77.6604049,
          13.0166883
        ]
      },
      "id": "node/7577248254"
    },
    {
      "type": "Feature",
      "properties": {
        "@id": "node/7577248260",
        "addr:district": "Bengaluru Urban",
        "addr:full": "Balaji Layout, Subbaiahnapalya, Banaswadi, Bengaluru",
        "addr:postcode": "560043",
        "addr:state": "Karnataka",
        "amenity": "hospital",
        "name": "Endocrine Speciality Centre",
        "source": "Local Knowledge"
      },
      "geometry": {
        "type": "Point",
        "coordinates": [
          77.648529,
          13.013761
        ]
      },
      "id": "node/7577248260"
    },
    {
      "type": "Feature",
      "properties": {
        "@id": "node/7577248262",
        "addr:district": "Bengaluru Urban",
        "addr:full": "Vinayak Nagar, Vidyaranyapura, Bengaluru",
        "addr:postcode": "560097",
        "addr:state": "Karnataka",
        "amenity": "hospital",
        "name": "Shree Sai Hospital",
        "source": "Local Knowledge"
      },
      "geometry": {
        "type": "Point",
        "coordinates": [
          77.5455057,
          13.0885791
        ]
      },
      "id": "node/7577248262"
    },
    {
      "type": "Feature",
      "properties": {
        "@id": "node/7577248265",
        "addr:district": "Bengaluru Urban",
        "addr:full": "Swami Vivekananda Layout, Amrutahalli, Bengaluru",
        "addr:postcode": "560092",
        "addr:state": "Karnataka",
        "amenity": "hospital",
        "name": "Axis Hospital",
        "source": "Local Knowledge"
      },
      "geometry": {
        "type": "Point",
        "coordinates": [
          77.604213,
          13.065863
        ]
      },
      "id": "node/7577248265"
    },
    {
      "type": "Feature",
      "properties": {
        "@id": "node/7577248266",
        "addr:district": "Bengaluru Urban",
        "addr:full": "HRBR Layout, Banaswadi, Bengaluru",
        "addr:postcode": "560043",
        "addr:state": "Karnataka",
        "amenity": "hospital",
        "check_date": "2024-08-17",
        "name": "Anjani Women's Day Care Hospital",
        "source": "Local Knowledge"
      },
      "geometry": {
        "type": "Point",
        "coordinates": [
          77.647187,
          13.0188119
        ]
      },
      "id": "node/7577248266"
    },
    {
      "type": "Feature",
      "properties": {
        "@id": "node/7577248269",
        "addr:district": "Bengaluru Urban",
        "addr:full": "Talacauvery Layout, Sneha Nagar, Byatarayanapura, Bengaluru",
        "addr:postcode": "560092",
        "addr:state": "Karnataka",
        "amenity": "hospital",
        "healthcare": "hospital",
        "name": "Eswar Women and Day Care Hospital",
        "source": "Local Knowledge"
      },
      "geometry": {
        "type": "Point",
        "coordinates": [
          77.5992844,
          13.0658472
        ]
      },
      "id": "node/7577248269"
    },
    {
      "type": "Feature",
      "properties": {
        "@id": "node/7577248275",
        "addr:district": "Bengaluru Urban",
        "addr:full": "HBR Layout, Bengaluru",
        "addr:postcode": "560043",
        "addr:state": "Karnataka",
        "amenity": "hospital",
        "name": "CDEC Hospital",
        "source": "Local Knowledge"
      },
      "geometry": {
        "type": "Point",
        "coordinates": [
          77.6281742,
          13.026989
        ]
      },
      "id": "node/7577248275"
    },
    {
      "type": "Feature",
      "properties": {
        "@id": "node/7577248277",
        "addr:district": "Bengaluru Urban",
        "addr:full": "Kadugondanahalli, Bengaluru",
        "addr:postcode": "560045",
        "addr:state": "Karnataka",
        "amenity": "hospital",
        "name": "Pranam Dental Hospital",
        "source": "Local Knowledge"
      },
      "geometry": {
        "type": "Point",
        "coordinates": [
          77.620568,
          13.029101
        ]
      },
      "id": "node/7577248277"
    },
    {
      "type": "Feature",
      "properties": {
        "@id": "node/7577248278",
        "addr:district": "Bengaluru Urban",
        "addr:full": "Chikka Banaswadi, Banaswadi, Bengaluru",
        "addr:postcode": "560043",
        "addr:state": "Karnataka",
        "amenity": "hospital",
        "name": "Milaan Hospital",
        "source": "Local Knowledge"
      },
      "geometry": {
        "type": "Point",
        "coordinates": [
          77.6476418,
          13.0109537
        ]
      },
      "id": "node/7577248278"
    },
    {
      "type": "Feature",
      "properties": {
        "@id": "node/7577248279",
        "addr:district": "Bengaluru Urban",
        "addr:full": "Nanjappa Garden, Horamavu, Bengaluru",
        "addr:postcode": "560043",
        "addr:state": "Karnataka",
        "amenity": "hospital",
        "name": "Cloudnine Hospital",
        "source": "Local Knowledge"
      },
      "geometry": {
        "type": "Point",
        "coordinates": [
          77.654053,
          13.020084
        ]
      },
      "id": "node/7577248279"
    },
    {
      "type": "Feature",
      "properties": {
        "@id": "node/7579683177",
        "addr:district": "Bengaluru Urban",
        "addr:full": "Kogilu Main Road, Maruthi Nagar, Yelahanka, Bengaluru",
        "addr:postcode": "560064",
        "addr:state": "Karnataka",
        "amenity": "hospital",
        "name": "NDR Multi Speciality Hospital",
        "source": "Local Knowledge"
      },
      "geometry": {
        "type": "Point",
        "coordinates": [
          77.6027864,
          13.1051735
        ]
      },
      "id": "node/7579683177"
    },
    {
      "type": "Feature",
      "properties": {
        "@id": "node/7579683193",
        "addr:district": "Bengaluru Urban",
        "addr:full": "Dwarka Nagar, Bengaluru",
        "addr:postcode": "560064",
        "addr:state": "Karnataka",
        "amenity": "hospital",
        "name": "Valens Hospitals",
        "source": "Local Knowledge"
      },
      "geometry": {
        "type": "Point",
        "coordinates": [
          77.6176084,
          13.120977
        ]
      },
      "id": "node/7579683193"
    },
    {
      "type": "Feature",
      "properties": {
        "@id": "node/7579683203",
        "addr:district": "Bengaluru Urban",
        "addr:full": "Yelahanka New Town, Bengaluru",
        "addr:postcode": "560064",
        "addr:state": "Karnataka",
        "amenity": "hospital",
        "name": "Bengalure Hospital",
        "source": "Local Knowledge"
      },
      "geometry": {
        "type": "Point",
        "coordinates": [
          77.5754898,
          13.1039081
        ]
      },
      "id": "node/7579683203"
    },
    {
      "type": "Feature",
      "properties": {
        "@id": "node/7579683213",
        "addr:district": "Bengaluru Urban",
        "addr:full": "Agrahara Badavane, Bengaluru",
        "addr:postcode": "560064",
        "addr:state": "Karnataka",
        "amenity": "hospital",
        "name": "Amruth Hospital",
        "name:kn": "ಅಮೃತ ಆಸ್ಪತ್ರೆ",
        "source": "Local Knowledge"
      },
      "geometry": {
        "type": "Point",
        "coordinates": [
          77.627895,
          13.102578
        ]
      },
      "id": "node/7579683213"
    },
    {
      "type": "Feature",
      "properties": {
        "@id": "node/7579683215",
        "addr:district": "Bengaluru Urban",
        "addr:full": "Udaya Layout, Yelahanka New Town, Bengaluru",
        "addr:postcode": "560106",
        "addr:state": "Karnataka",
        "amenity": "hospital",
        "name": "Rangalakshmi Netralaya",
        "source": "Local Knowledge"
      },
      "geometry": {
        "type": "Point",
        "coordinates": [
          77.576716,
          13.098943
        ]
      },
      "id": "node/7579683215"
    },
    {
      "type": "Feature",
      "properties": {
        "@id": "node/7579683217",
        "addr:district": "Bengaluru Urban",
        "addr:full": "Saralaya Layout, Kattigenahalli, Bengaluru",
        "addr:postcode": "560064",
        "addr:state": "Karnataka",
        "amenity": "hospital",
        "name": "Saralaya Hospital",
        "source": "Local Knowledge"
      },
      "geometry": {
        "type": "Point",
        "coordinates": [
          77.629478,
          13.121743
        ]
      },
      "id": "node/7579683217"
    },
    {
      "type": "Feature",
      "properties": {
        "@id": "node/7579683219",
        "addr:district": "Bengaluru Urban",
        "addr:full": "BB Road, Yelahanka, Bengaluru",
        "addr:postcode": "560064",
        "addr:state": "Karnataka",
        "amenity": "hospital",
        "name": "Apurva Hospital",
        "source": "Local Knowledge"
      },
      "geometry": {
        "type": "Point",
        "coordinates": [
          77.59858,
          13.101335
        ]
      },
      "id": "node/7579683219"
    },
    {
      "type": "Feature",
      "properties": {
        "@id": "node/7579683220",
        "addr:district": "Bengaluru Urban",
        "addr:full": "Vinayak Nagar, Kattigenahalli, Bengaluru",
        "addr:postcode": "560063",
        "addr:state": "Karnataka",
        "amenity": "hospital",
        "name": "Om Shakthi Hospital",
        "source": "Local Knowledge"
      },
      "geometry": {
        "type": "Point",
        "coordinates": [
          77.6126077,
          13.1215701
        ]
      },
      "id": "node/7579683220"
    },
    {
      "type": "Feature",
      "properties": {
        "@id": "node/7579683225",
        "addr:district": "Bengaluru Urban",
        "addr:full": "Kogilu Layout, Srinivaspur, Bengaluru",
        "addr:postcode": "560064",
        "addr:state": "Karnataka",
        "amenity": "hospital",
        "name": "Shadab Hospital",
        "source": "Local Knowledge"
      },
      "geometry": {
        "type": "Point",
        "coordinates": [
          77.6278506,
          13.1025229
        ]
      },
      "id": "node/7579683225"
    },
    {
      "type": "Feature",
      "properties": {
        "@id": "node/7579683228",
        "addr:district": "Bengaluru Urban",
        "addr:full": "Yelahanka New Town, Bengaluru",
        "addr:postcode": "560064",
        "addr:state": "Karnataka",
        "amenity": "hospital",
        "name": "Rainbow Health Care",
        "source": "Local Knowledge"
      },
      "geometry": {
        "type": "Point",
        "coordinates": [
          77.5760891,
          13.0997321
        ]
      },
      "id": "node/7579683228"
    },
    {
      "type": "Feature",
      "properties": {
        "@id": "node/7579683232",
        "addr:district": "Bengaluru Urban",
        "addr:full": "Gandhi Nagar, Yelahanka, Bengaluru",
        "addr:postcode": "560064",
        "addr:state": "Karnataka",
        "amenity": "hospital",
        "name": "Jayalakshmi Hospital",
        "source": "Local Knowledge"
      },
      "geometry": {
        "type": "Point",
        "coordinates": [
          77.596219,
          13.098909
        ]
      },
      "id": "node/7579683232"
    },
    {
      "type": "Feature",
      "properties": {
        "@id": "node/7579683237",
        "addr:district": "Bengaluru Urban",
        "addr:full": "Gandhi Nagar, Yelahanka, Bengaluru",
        "addr:postcode": "560064",
        "addr:state": "Karnataka",
        "amenity": "hospital",
        "name": "NDR Orthopaedic",
        "source": "Local Knowledge"
      },
      "geometry": {
        "type": "Point",
        "coordinates": [
          77.595603,
          13.10051
        ]
      },
      "id": "node/7579683237"
    },
    {
      "type": "Feature",
      "properties": {
        "@id": "node/7579683240",
        "addr:district": "Bengaluru Urban",
        "addr:full": "Kattigenahalli, Bengaluru",
        "addr:postcode": "560064",
        "addr:state": "Karnataka",
        "amenity": "hospital",
        "name": "Sri Arogya Hospital",
        "source": "Local Knowledge"
      },
      "geometry": {
        "type": "Point",
        "coordinates": [
          77.6250507,
          13.1215659
        ]
      },
      "id": "node/7579683240"
    },
    {
      "type": "Feature",
      "properties": {
        "@id": "node/7579683247",
        "addr:district": "Bengaluru Urban",
        "addr:full": "Bagalur Main Road, Vinayak Nagar, Kattigenahalli, Bengaluru",
        "addr:postcode": "560064",
        "addr:state": "Karnataka",
        "amenity": "hospital",
        "name": "Sapthagiri Hospital",
        "source": "Local Knowledge"
      },
      "geometry": {
        "type": "Point",
        "coordinates": [
          77.6174817,
          13.1213668
        ]
      },
      "id": "node/7579683247"
    },
    {
      "type": "Feature",
      "properties": {
        "@id": "node/7579683251",
        "addr:district": "Bengaluru Urban",
        "addr:full": "Gandhi Nagar, Yelahanka, Bengaluru",
        "addr:postcode": "560064",
        "addr:state": "Karnataka",
        "amenity": "hospital",
        "name": "Pavan Hospitals",
        "source": "Local Knowledge"
      },
      "geometry": {
        "type": "Point",
        "coordinates": [
          77.596139,
          13.0981485
        ]
      },
      "id": "node/7579683251"
    },
    {
      "type": "Feature",
      "properties": {
        "@id": "node/7579683252",
        "addr:district": "Bengaluru Urban",
        "addr:full": "Chikka Bommasandra, Yelahanka, Bengaluru",
        "addr:postcode": "560065",
        "addr:state": "Karnataka",
        "amenity": "hospital",
        "name": "Kushi Hospital",
        "source": "Local Knowledge"
      },
      "geometry": {
        "type": "Point",
        "coordinates": [
          77.5804166,
          13.0938081
        ]
      },
      "id": "node/7579683252"
    },
    {
      "type": "Feature",
      "properties": {
        "@id": "node/7579683258",
        "addr:district": "Bengaluru Urban",
        "addr:full": "Kogilu Layout, Srinivaspur, Bengaluru",
        "addr:postcode": "560064",
        "addr:state": "Karnataka",
        "amenity": "hospital",
        "name": "Varsha Hospital",
        "source": "Local Knowledge"
      },
      "geometry": {
        "type": "Point",
        "coordinates": [
          77.6297932,
          13.1026581
        ]
      },
      "id": "node/7579683258"
    },
    {
      "type": "Feature",
      "properties": {
        "@id": "node/7579683261",
        "addr:district": "Bengaluru Urban",
        "addr:full": "Yelahanka New Town, Bengaluru",
        "addr:postcode": "560064",
        "addr:state": "Karnataka",
        "amenity": "hospital",
        "name": "Just Smiles",
        "source": "Local Knowledge"
      },
      "geometry": {
        "type": "Point",
        "coordinates": [
          77.5826843,
          13.098668
        ]
      },
      "id": "node/7579683261"
    },
    {
      "type": "Feature",
      "properties": {
        "@id": "node/7579924711",
        "addr:district": "Bengaluru Urban",
        "addr:full": "Maruti Nagar, Brindavan Nagar, BTM Layout, Bengaluru",
        "addr:postcode": "560029",
        "addr:state": "Karnataka",
        "amenity": "hospital",
        "name": "Lavis Hospital",
        "source": "Local Knowledge"
      },
      "geometry": {
        "type": "Point",
        "coordinates": [
          77.609021,
          12.925461
        ]
      },
      "id": "node/7579924711"
    },
    {
      "type": "Feature",
      "properties": {
        "@id": "node/7579924715",
        "addr:district": "Bengaluru Urban",
        "addr:full": "Banashankari, Bengaluru",
        "addr:postcode": "560070",
        "addr:state": "Karnataka",
        "amenity": "hospital",
        "healthcare": "hospital",
        "name": "Sevakshetra Hospital",
        "name:kn": "ಸೇವಾಕ್ಷೇತ್ರ ಆಸ್ಪತ್ರೆ",
        "source": "Local Knowledge"
      },
      "geometry": {
        "type": "Point",
        "coordinates": [
          77.5724702,
          12.9215119
        ]
      },
      "id": "node/7579924715"
    },
    {
      "type": "Feature",
      "properties": {
        "@id": "node/7579924725",
        "addr:district": "Bengaluru Urban",
        "addr:full": "Uttarahalli, Bengaluru",
        "addr:postcode": "560011",
        "addr:state": "Karnataka",
        "amenity": "hospital",
        "name": "Perfetual Help Hospital",
        "source": "Local Knowledge"
      },
      "geometry": {
        "type": "Point",
        "coordinates": [
          77.5425258,
          12.9055752
        ]
      },
      "id": "node/7579924725"
    },
    {
      "type": "Feature",
      "properties": {
        "@id": "node/7579924729",
        "addr:district": "Bengaluru Urban",
        "addr:full": "Mahadeshwara Nagar, BTM Layout, Bengaluru",
        "addr:postcode": "560076",
        "addr:state": "Karnataka",
        "amenity": "hospital",
        "name": "Shree Vaishnavi Heart Centre and Multi Speciality",
        "source": "Local Knowledge"
      },
      "geometry": {
        "type": "Point",
        "coordinates": [
          77.6098276,
          12.9121632
        ]
      },
      "id": "node/7579924729"
    },
    {
      "type": "Feature",
      "properties": {
        "@id": "node/7579924731",
        "addr:district": "Bengaluru Urban",
        "addr:floor": "3",
        "addr:full": "BTM, Bengaluru",
        "addr:postcode": "560076",
        "addr:state": "Karnataka",
        "amenity": "hospital",
        "check_date": "2023-12-27",
        "emergency": "no",
        "healthcare": "hospital",
        "internet_access": "no",
        "level": "3",
        "name": "Marigold Hospital",
        "operator:type": "private",
        "payment:cash": "yes",
        "payment:credit_cards": "yes",
        "payment:debit_cards": "yes",
        "source": "Local Knowledge",
        "wheelchair": "limited"
      },
      "geometry": {
        "type": "Point",
        "coordinates": [
          77.6045369,
          12.9136262
        ]
      },
      "id": "node/7579924731"
    },
    {
      "type": "Feature",
      "properties": {
        "@id": "node/7579924732",
        "addr:district": "Bengaluru Urban",
        "addr:full": "Vidyapeeta Layout, Basavanagudi, Bengaluru",
        "addr:postcode": "560050",
        "addr:state": "Karnataka",
        "amenity": "hospital",
        "name": "Bharathi Hospitals",
        "source": "Local Knowledge"
      },
      "geometry": {
        "type": "Point",
        "coordinates": [
          77.5622345,
          12.9334096
        ]
      },
      "id": "node/7579924732"
    },
    {
      "type": "Feature",
      "properties": {
        "@id": "node/7579924738",
        "addr:district": "Bengaluru Urban",
        "addr:full": "Sidharata Colony, Santhosapuram, Koramangala, Bengaluru",
        "addr:postcode": "560034",
        "addr:state": "Karnataka",
        "amenity": "hospital",
        "healthcare": "hospital",
        "name": "Devi Hospital",
        "source": "Local Knowledge"
      },
      "geometry": {
        "type": "Point",
        "coordinates": [
          77.6198634,
          12.9239445
        ]
      },
      "id": "node/7579924738"
    },
    {
      "type": "Feature",
      "properties": {
        "@id": "node/7579924744",
        "addr:district": "Bengaluru Urban",
        "addr:full": "Banashankari, Bengaluru",
        "addr:postcode": "560070",
        "addr:state": "Karnataka",
        "amenity": "hospital",
        "name": "Devagiri Hospital",
        "source": "Local Knowledge"
      },
      "geometry": {
        "type": "Point",
        "coordinates": [
          77.565797,
          12.924153
        ]
      },
      "id": "node/7579924744"
    },
    {
      "type": "Feature",
      "properties": {
        "@id": "node/7579924753",
        "addr:district": "Bengaluru Urban",
        "addr:full": "Bannerghatta Main Road, BTM, Bengaluru",
        "addr:postcode": "560076",
        "addr:state": "Karnataka",
        "amenity": "hospital",
        "healthcare": "hospital",
        "name": "Pothys Hospital",
        "source": "Local Knowledge"
      },
      "geometry": {
        "type": "Point",
        "coordinates": [
          77.6034098,
          12.9159348
        ]
      },
      "id": "node/7579924753"
    },
    {
      "type": "Feature",
      "properties": {
        "@id": "node/7579924754",
        "addr:district": "Bengaluru Urban",
        "addr:full": "J.P. Nagar, Bengaluru",
        "addr:postcode": "560078",
        "addr:state": "Karnataka",
        "amenity": "hospital",
        "healthcare": "hospital",
        "name": "Center for Liver Disease Hospital",
        "source": "Local Knowledge"
      },
      "geometry": {
        "type": "Point",
        "coordinates": [
          77.593019,
          12.916234
        ]
      },
      "id": "node/7579924754"
    },
    {
      "type": "Feature",
      "properties": {
        "@id": "node/7579924760",
        "addr:district": "Bengaluru Urban",
        "addr:full": "Banashankari, Bengaluru",
        "addr:postcode": "560085",
        "addr:state": "Karnataka",
        "amenity": "hospital",
        "name": "Sudha Prevention Centre",
        "source": "Local Knowledge"
      },
      "geometry": {
        "type": "Point",
        "coordinates": [
          77.5467101,
          12.9254569
        ]
      },
      "id": "node/7579924760"
    },
    {
      "type": "Feature",
      "properties": {
        "@id": "node/7579924762",
        "addr:district": "Bengaluru Urban",
        "addr:full": "Jayanagar, Bengaluru",
        "addr:postcode": "560082",
        "addr:state": "Karnataka",
        "amenity": "hospital",
        "name": "Sahasra Hospital",
        "name:kn": "ಸಹಸ್ರ ಆಸ್ಪತ್ರೆ",
        "source": "Local Knowledge"
      },
      "geometry": {
        "type": "Point",
        "coordinates": [
          77.5746118,
          12.920651
        ]
      },
      "id": "node/7579924762"
    },
    {
      "type": "Feature",
      "properties": {
        "@id": "node/7579924766",
        "addr:district": "Bengaluru Urban",
        "addr:full": "Brindavan Nagar, S.G. Palya, Bengaluru",
        "addr:postcode": "560029",
        "addr:state": "Karnataka",
        "amenity": "hospital",
        "name": "Health India Hospital",
        "source": "Local Knowledge"
      },
      "geometry": {
        "type": "Point",
        "coordinates": [
          77.6090995,
          12.9265183
        ]
      },
      "id": "node/7579924766"
    },
    {
      "type": "Feature",
      "properties": {
        "@id": "node/7579924768",
        "addr:district": "Bengaluru Urban",
        "addr:full": "Jayanagar, Bengaluru",
        "addr:postcode": "560070",
        "addr:state": "Karnataka",
        "amenity": "hospital",
        "name": "Shanti Hospital",
        "name:kn": "ಶಾಂತಿ ಆಸ್ಪತ್ರೆ",
        "source": "Local Knowledge"
      },
      "geometry": {
        "type": "Point",
        "coordinates": [
          77.5772991,
          12.9202202
        ]
      },
      "id": "node/7579924768"
    },
    {
      "type": "Feature",
      "properties": {
        "@id": "node/7579924779",
        "addr:district": "Bengaluru Urban",
        "addr:full": "Taverekere, Bengaluru",
        "addr:postcode": "560029",
        "addr:state": "Karnataka",
        "amenity": "hospital",
        "name": "Spurthy Hospital",
        "source": "Local Knowledge"
      },
      "geometry": {
        "type": "Point",
        "coordinates": [
          77.611355,
          12.923857
        ]
      },
      "id": "node/7579924779"
    },
    {
      "type": "Feature",
      "properties": {
        "@id": "node/7579924780",
        "addr:district": "Bengaluru Urban",
        "addr:full": "TMC Layout, Jayanagar, Bengaluru",
        "addr:postcode": "560011",
        "addr:state": "Karnataka",
        "amenity": "hospital",
        "healthcare": "hospital",
        "name": "Apollo Cradle Maternity & Children's Hospital",
        "source": "Local Knowledge",
        "wheelchair": "yes"
      },
      "geometry": {
        "type": "Point",
        "coordinates": [
          77.585258,
          12.916885
        ]
      },
      "id": "node/7579924780"
    },
    {
      "type": "Feature",
      "properties": {
        "@id": "node/7579924783",
        "addr:district": "Bengaluru Urban",
        "addr:full": "Simhadri layout, Uttarahalli Hobli, Bengaluru",
        "addr:postcode": "560061",
        "addr:state": "Karnataka",
        "amenity": "hospital",
        "name": "St. Martha's Hospital",
        "source": "Local Knowledge"
      },
      "geometry": {
        "type": "Point",
        "coordinates": [
          77.542548,
          12.906113
        ]
      },
      "id": "node/7579924783"
    },
    {
      "type": "Feature",
      "properties": {
        "@id": "node/7976310624",
        "amenity": "hospital",
        "description": "Cardiac speciality",
        "name": "Chinmaya Hrudayalaya",
        "name:kn": "ಚಿನ್ಮಯ ಹೃದಯಲಯ"
      },
      "geometry": {
        "type": "Point",
        "coordinates": [
          77.6459447,
          12.9778121
        ]
      },
      "id": "node/7976310624"
    },
    {
      "type": "Feature",
      "properties": {
        "@id": "node/8188038457",
        "addr:full": "Jamia Masjid Rd, Mohammed Sab Palya, Vidyaranyapura, Bengaluru, Karnataka",
        "addr:state": "Karnataka",
        "amenity": "hospital",
        "name": "Government Hospital",
        "name:kn": "ಸರ್ಕಾರಿ ಆಸ್ಪತ್ರೆ"
      },
      "geometry": {
        "type": "Point",
        "coordinates": [
          77.5535057,
          13.0803204
        ]
      },
      "id": "node/8188038457"
    },
    {
      "type": "Feature",
      "properties": {
        "@id": "node/8188038463",
        "addr:full": "OPP HDFC BANK,VIDYARANYAPURA Main Road, Opposite HDFC Bank, Vidyaranyapura Main Road Near NTI Ground, NTI Layout, Vidyaranyapura, Bengaluru, Karnataka",
        "addr:state": "Karnataka",
        "amenity": "hospital",
        "name": "Bangalore Healthcare Center Pranav Ayurveda Hospital"
      },
      "geometry": {
        "type": "Point",
        "coordinates": [
          77.5581038,
          13.0770012
        ]
      },
      "id": "node/8188038463"
    },
    {
      "type": "Feature",
      "properties": {
        "@id": "node/8188038473",
        "addr:full": "KVP Nagar, Jalahalli, Bengaluru, Karnataka",
        "addr:state": "Karnataka",
        "amenity": "hospital",
        "name": "Government Hospital",
        "name:kn": "ಸರ್ಕಾರಿ ಆಸ್ಪತ್ರೆ"
      },
      "geometry": {
        "type": "Point",
        "coordinates": [
          77.5388968,
          13.070554
        ]
      },
      "id": "node/8188038473"
    },
    {
      "type": "Feature",
      "properties": {
        "@id": "node/8188038495",
        "addr:full": "Bus Stop, Bus Stop, Bonemill, Hesarghatta Main Rd, Soundarya Layout, Bengaluru, Karnataka",
        "addr:state": "Karnataka",
        "amenity": "hospital",
        "healthcare": "hospital",
        "name": "Kruthika Hospital"
      },
      "geometry": {
        "type": "Point",
        "coordinates": [
          77.5041964,
          13.0650144
        ]
      },
      "id": "node/8188038495"
    },
    {
      "type": "Feature",
      "properties": {
        "@id": "node/8188038499",
        "addr:full": "342, 6th Cross, Brindavan Layout, Shetty Halli, Jalahalli West, Bengaluru, Karnataka",
        "addr:state": "Karnataka",
        "amenity": "hospital",
        "name": "Dr Saju George Kottakkal"
      },
      "geometry": {
        "type": "Point",
        "coordinates": [
          77.5177637,
          13.0621628
        ]
      },
      "id": "node/8188038499"
    },
    {
      "type": "Feature",
      "properties": {
        "@id": "node/8188038523",
        "addr:full": "144, Kammagondana Halli Main Rd, Kammagondahalli, Jalahalli, Bengaluru, Karnataka",
        "addr:state": "Karnataka",
        "amenity": "hospital",
        "name": "Fathima Hospital"
      },
      "geometry": {
        "type": "Point",
        "coordinates": [
          77.5329456,
          13.0559513
        ]
      },
      "id": "node/8188038523"
    },
    {
      "type": "Feature",
      "properties": {
        "@id": "node/8188038553",
        "addr:full": "Vidya Nagar, Peenya, Bengaluru, Karnataka",
        "addr:state": "Karnataka",
        "amenity": "hospital",
        "name": "Esi Dispensary"
      },
      "geometry": {
        "type": "Point",
        "coordinates": [
          77.5065494,
          13.0439933
        ]
      },
      "id": "node/8188038553"
    },
    {
      "type": "Feature",
      "properties": {
        "@id": "node/8188038578",
        "addr:full": "Bengaluru, Nalagadderanahalli, Peenya, Bengaluru, Karnataka",
        "addr:state": "Karnataka",
        "amenity": "hospital",
        "name": "Ashwini Hospital",
        "name:kn": "ಅಶ್ವಿನಿ ಆಸ್ಪತ್ರೆ"
      },
      "geometry": {
        "type": "Point",
        "coordinates": [
          77.5055985,
          13.0313399
        ]
      },
      "id": "node/8188038578"
    },
    {
      "type": "Feature",
      "properties": {
        "@id": "node/8188038584",
        "addr:full": "KIADB Housing Complex, Peenya, Yeshwanthpur Suburb II Stage, KIADB Housing Complex, Peenya, Bengaluru, Karnataka",
        "addr:state": "Karnataka",
        "amenity": "hospital",
        "name": "Esi Hospital Peenya 1st Stage"
      },
      "geometry": {
        "type": "Point",
        "coordinates": [
          77.5231858,
          13.0280728
        ]
      },
      "id": "node/8188038584"
    },
    {
      "type": "Feature",
      "properties": {
        "@id": "node/8188038659",
        "addr:full": "260/1, Abhiram, Near 17th Cross, Sampige Road, Malleswaram, Ranganathapura, Malleshwaram, Bengaluru, Karnataka",
        "addr:state": "Karnataka",
        "amenity": "hospital",
        "healthcare": "hospital",
        "name": "Nayanalaya Super Speciality Eye Care Centre"
      },
      "geometry": {
        "type": "Point",
        "coordinates": [
          77.571159,
          13.006795
        ]
      },
      "id": "node/8188038659"
    },
    {
      "type": "Feature",
      "properties": {
        "@id": "node/8188038670",
        "addr:full": "17, 3rd, 15th-16th Cross, Temple Road, Malleshwaram Bengaluru, Vyalikaval, Kodandarampura, Malleshwaram, Bengaluru, Karnataka",
        "addr:state": "Karnataka",
        "amenity": "hospital",
        "healthcare": "hospital",
        "name": "Srinidhi Health Centre"
      },
      "geometry": {
        "type": "Point",
        "coordinates": [
          77.5725746,
          13.005821
        ]
      },
      "id": "node/8188038670"
    },
    {
      "type": "Feature",
      "properties": {
        "@id": "node/8188038674",
        "addr:full": "1/1, 15th Cross 1st Temple Road, Behind-Hotel Adigas Sampige, Malleshwaram, Vyalikaval, Kodandarampura, Malleshwaram, Bengaluru, Karnataka",
        "addr:state": "Karnataka",
        "amenity": "hospital",
        "healthcare": "hospital",
        "name": "Orthopedic & Eye Care Center"
      },
      "geometry": {
        "type": "Point",
        "coordinates": [
          77.5719519,
          13.0054934
        ]
      },
      "id": "node/8188038674"
    },
    {
      "type": "Feature",
      "properties": {
        "@id": "node/8188038681",
        "addr:full": "8/3, E Block, I Block, I Stage, Rajajinagar, E block, 2nd Stage, Rajajinagar, Bengaluru, Karnataka",
        "addr:state": "Karnataka",
        "amenity": "hospital",
        "healthcare": "hospital",
        "name": "ESI Hospital",
        "operator": "Employees' State Insurance",
        "operator:short": "ESI",
        "operator:wikidata": "Q3595726"
      },
      "geometry": {
        "type": "Point",
        "coordinates": [
          77.5540033,
          13.004596
        ]
      },
      "id": "node/8188038681"
    },
    {
      "type": "Feature",
      "properties": {
        "@id": "node/8188038683",
        "addr:full": "5/19, 1st Main, Vyalikaval, Lower Palace Orchards, Guttahalli, Bengaluru, Karnataka",
        "addr:state": "Karnataka",
        "amenity": "hospital",
        "healthcare": "hospital",
        "healthcare:speciality": "orthopaedics",
        "name": "Ramani Orthopaedic Hospital"
      },
      "geometry": {
        "type": "Point",
        "coordinates": [
          77.5785238,
          13.0044307
        ]
      },
      "id": "node/8188038683"
    },
    {
      "type": "Feature",
      "properties": {
        "@id": "node/8188038684",
        "addr:full": "233, 1st A Main Rd, West of Chord Road 2nd Stage, 2nd Stage, Mahalakshmipuram, Bengaluru, Karnataka",
        "addr:state": "Karnataka",
        "amenity": "hospital",
        "healthcare": "hospital",
        "name": "Atharva Ayurdhama Ayurvedic Hospital"
      },
      "geometry": {
        "type": "Point",
        "coordinates": [
          77.547749,
          13.004314
        ]
      },
      "id": "node/8188038684"
    },
    {
      "type": "Feature",
      "properties": {
        "@id": "node/8188038691",
        "addr:full": "11th Cross Rd, HN Layout, Malleshwaram, Bengaluru, Karnataka",
        "addr:state": "Karnataka",
        "amenity": "hospital",
        "healthcare": "hospital",
        "name": "RICH CARE HOMEOPATHY"
      },
      "geometry": {
        "type": "Point",
        "coordinates": [
          77.5721683,
          13.0015461
        ]
      },
      "id": "node/8188038691"
    },
    {
      "type": "Feature",
      "properties": {
        "@id": "node/8188038705",
        "addr:full": "69/26, 19th Main, 19th Cross, Rajajinagar 1st Block, 1st Block, Rajajinagar, Bengaluru, Karnataka",
        "addr:state": "Karnataka",
        "amenity": "hospital",
        "healthcare": "hospital",
        "name": "Poornayu Ayurveda Hospital"
      },
      "geometry": {
        "type": "Point",
        "coordinates": [
          77.551173,
          12.998238
        ]
      },
      "id": "node/8188038705"
    },
    {
      "type": "Feature",
      "properties": {
        "@id": "node/8188038706",
        "addr:full": "79/10, Nandi Durga Rd, Byadarahalli, Benson Town, Bengaluru, Karnataka",
        "addr:state": "Karnataka",
        "amenity": "hospital",
        "name": "Appllo Diagnostic"
      },
      "geometry": {
        "type": "Point",
        "coordinates": [
          77.6008126,
          12.9981064
        ]
      },
      "id": "node/8188038706"
    },
    {
      "type": "Feature",
      "properties": {
        "@id": "node/8188038712",
        "addr:full": "Sangeetha Apts, Malleshwaram, Bengaluru, Karnataka",
        "addr:state": "Karnataka",
        "amenity": "hospital",
        "healthcare": "hospital",
        "name": "Supra Diagnostics Spine Care And Ortho Care Hospital"
      },
      "geometry": {
        "type": "Point",
        "coordinates": [
          77.5730038,
          12.9969996
        ]
      },
      "id": "node/8188038712"
    },
    {
      "type": "Feature",
      "properties": {
        "@id": "node/8188038718",
        "addr:full": "89, 5th Cross Rd, Behind Police Station, Malleshwaram, Bengaluru, Karnataka",
        "addr:state": "Karnataka",
        "amenity": "hospital",
        "healthcare": "hospital",
        "name": "K.C.General Hospital"
      },
      "geometry": {
        "type": "Point",
        "coordinates": [
          77.5693714,
          12.9960244
        ]
      },
      "id": "node/8188038718"
    },
    {
      "type": "Feature",
      "properties": {
        "@id": "node/8188038735",
        "addr:full": "620/A/1, 12th Main Rd, 2nd Block, Rajajinagar, Bengaluru, Karnataka",
        "addr:state": "Karnataka",
        "amenity": "hospital",
        "healthcare": "hospital",
        "name": "ESIC Model Hospital"
      },
      "geometry": {
        "type": "Point",
        "coordinates": [
          77.5539007,
          12.9916924
        ]
      },
      "id": "node/8188038735"
    },
    {
      "type": "Feature",
      "properties": {
        "@id": "node/8188038742",
        "addr:full": "172/A, 8th Main Rd, 2nd Block, Rajajinagar, Bengaluru, Karnataka",
        "addr:state": "Karnataka",
        "amenity": "hospital",
        "healthcare": "hospital",
        "name": "Government Hospital",
        "name:kn": "ಸರ್ಕಾರಿ ಆಸ್ಪತ್ರೆ"
      },
      "geometry": {
        "type": "Point",
        "coordinates": [
          77.5566355,
          12.9905045
        ]
      },
      "id": "node/8188038742"
    },
    {
      "type": "Feature",
      "properties": {
        "@id": "node/8188038743",
        "addr:full": "3rd Block, Rajajinagar, Bengaluru, Karnataka",
        "addr:state": "Karnataka",
        "amenity": "hospital",
        "healthcare": "hospital",
        "name": "Esi Hospital Bangalore",
        "operator": "Employees' State Insurance",
        "operator:short": "ESI",
        "operator:wikidata": "Q3595726"
      },
      "geometry": {
        "type": "Point",
        "coordinates": [
          77.5530924,
          12.9904985
        ]
      },
      "id": "node/8188038743"
    },
    {
      "type": "Feature",
      "properties": {
        "@id": "node/8188038786",
        "addr:full": "20th Main Rd, 5 Block, 3rd Block, Rajajinagar, Bengaluru, Karnataka",
        "addr:state": "Karnataka",
        "amenity": "hospital",
        "name": "Government Hospital",
        "name:kn": "ಸರ್ಕಾರಿ ಆಸ್ಪತ್ರೆ"
      },
      "geometry": {
        "type": "Point",
        "coordinates": [
          77.5551801,
          12.9844963
        ]
      },
      "id": "node/8188038786"
    },
    {
      "type": "Feature",
      "properties": {
        "@id": "node/8188038795",
        "addr:full": "72/3 CIIQ, Magadi Main Road, Bel Layout, 2nd Phase, Near Karnataka Bank, Byadarahalli, Balaji Layout, Bedarahalli, Bengaluru, Karnataka",
        "addr:state": "Karnataka",
        "amenity": "hospital",
        "name": "Anupama Hospital",
        "name:kn": "ಅನುಪಮ ಆಸ್ಪತ್ರೆ"
      },
      "geometry": {
        "type": "Point",
        "coordinates": [
          77.4787872,
          12.9831814
        ]
      },
      "id": "node/8188038795"
    },
    {
      "type": "Feature",
      "properties": {
        "@id": "node/8364348296",
        "amenity": "hospital",
        "name": "Sun Orthopaedic center"
      },
      "geometry": {
        "type": "Point",
        "coordinates": [
          77.5549236,
          13.0332219
        ]
      },
      "id": "node/8364348296"
    },
    {
      "type": "Feature",
      "properties": {
        "@id": "node/8428403226",
        "amenity": "hospital",
        "healthcare": "hospital",
        "name": "St. Johns hospital Emergency ward"
      },
      "geometry": {
        "type": "Point",
        "coordinates": [
          77.6186159,
          12.9305937
        ]
      },
      "id": "node/8428403226"
    },
    {
      "type": "Feature",
      "properties": {
        "@id": "node/8776646948",
        "addr:city": "Bangalore",
        "addr:housenumber": "64/2, Sarakki Main Rd, Sarakki Nagar,",
        "addr:postcode": "560078",
        "addr:street": "4th Cross Road",
        "amenity": "hospital",
        "healthcare": "hospital",
        "healthcare:speciality": "physiotherapy;physiotherapist",
        "name": "Healing Hands Advanced Physiotherapy Clinic",
        "operator": "www.hhphysio.com",
        "operator:type": "private"
      },
      "geometry": {
        "type": "Point",
        "coordinates": [
          77.5714903,
          12.9128623
        ]
      },
      "id": "node/8776646948"
    },
    {
      "type": "Feature",
      "properties": {
        "@id": "node/8873805759",
        "amenity": "hospital",
        "name": "Narayan Multispeciality clinic"
      },
      "geometry": {
        "type": "Point",
        "coordinates": [
          77.5828703,
          12.9288444
        ]
      },
      "id": "node/8873805759"
    },
    {
      "type": "Feature",
      "properties": {
        "@id": "node/9192967331",
        "amenity": "hospital",
        "name": "Adarsh Hospital",
        "name:kn": "ಆದರ್ಶ ಆಸ್ಪತ್ರೆ"
      },
      "geometry": {
        "type": "Point",
        "coordinates": [
          77.4847891,
          12.9208444
        ]
      },
      "id": "node/9192967331"
    },
    {
      "type": "Feature",
      "properties": {
        "@id": "node/9276855256",
        "amenity": "hospital",
        "healthcare": "hospital",
        "name": "clinic"
      },
      "geometry": {
        "type": "Point",
        "coordinates": [
          77.586437,
          12.9395279
        ]
      },
      "id": "node/9276855256"
    },
    {
      "type": "Feature",
      "properties": {
        "@id": "node/9527967835",
        "amenity": "hospital",
        "name": "Shree Manyata Hospitals"
      },
      "geometry": {
        "type": "Point",
        "coordinates": [
          77.6316369,
          13.0544507
        ]
      },
      "id": "node/9527967835"
    },
    {
      "type": "Feature",
      "properties": {
        "@id": "node/9730853893",
        "amenity": "hospital",
        "healthcare": "hospital",
        "name": "Kidwai Cancer Institute Radiation Block"
      },
      "geometry": {
        "type": "Point",
        "coordinates": [
          77.5971575,
          12.9355966
        ]
      },
      "id": "node/9730853893"
    },
    {
      "type": "Feature",
      "properties": {
        "@id": "node/9739831278",
        "amenity": "hospital",
        "name": "Altius Hospital"
      },
      "geometry": {
        "type": "Point",
        "coordinates": [
          77.6291947,
          13.0344639
        ]
      },
      "id": "node/9739831278"
    },
    {
      "type": "Feature",
      "properties": {
        "@id": "node/9830781726",
        "amenity": "hospital",
        "name": "Maya Hospital"
      },
      "geometry": {
        "type": "Point",
        "coordinates": [
          77.7046741,
          12.9365283
        ]
      },
      "id": "node/9830781726"
    },
    {
      "type": "Feature",
      "properties": {
        "@id": "node/9841433907",
        "amenity": "hospital",
        "check_date": "2025-06-28",
        "healthcare": "hospital",
        "healthcare:speciality": "ophthalmology",
        "name": "Devi Eye Hospital"
      },
      "geometry": {
        "type": "Point",
        "coordinates": [
          77.7216631,
          12.9556074
        ]
      },
      "id": "node/9841433907"
    },
    {
      "type": "Feature",
      "properties": {
        "@id": "node/9874033652",
        "amenity": "hospital",
        "check_date": "2025-06-28",
        "healthcare": "hospital",
        "name": "Sahasra Hospital",
        "name:kn": "ಸಹಸ್ರ ಆಸ್ಪತ್ರೆ"
      },
      "geometry": {
        "type": "Point",
        "coordinates": [
          77.7433234,
          12.9337751
        ]
      },
      "id": "node/9874033652"
    },
    {
      "type": "Feature",
      "properties": {
        "@id": "node/9884952776",
        "addr:city": "Bengaluru",
        "addr:housenumber": "766",
        "addr:postcode": "560062",
        "addr:street": "Narayana Nagar, 1st Block, Doddakallasandra Village, Kanakapura Road",
        "amenity": "hospital",
        "check_date": "2024-10-19",
        "description": "Maternity & Kids Hospital",
        "emergency": "yes",
        "healthcare": "hospital",
        "healthcare:speciality": "gynaecology;pulmonology;paediatrics;dermatology;dentistry;physiotherapy;fertility",
        "name": "Cloudnine Hospital",
        "operator:type": "private",
        "phone": "9972999729",
        "website": "https://www.cloudninecare.com"
      },
      "geometry": {
        "type": "Point",
        "coordinates": [
          77.5500857,
          12.8832909
        ]
      },
      "id": "node/9884952776"
    },
    {
      "type": "Feature",
      "properties": {
        "@id": "node/9934012104",
        "amenity": "hospital",
        "healthcare": "hospital",
        "healthcare:speciality": "dentist",
        "name": "My Dentist",
        "operator": "Dr Katta R Venkatesh",
        "operator:type": "public"
      },
      "geometry": {
        "type": "Point",
        "coordinates": [
          77.5460604,
          12.9429852
        ]
      },
      "id": "node/9934012104"
    },
    {
      "type": "Feature",
      "properties": {
        "@id": "node/10051271572",
        "amenity": "hospital",
        "check_date": "2025-06-29",
        "healthcare": "hospital",
        "healthcare:speciality": "ent",
        "name": "Siddanth Hospital"
      },
      "geometry": {
        "type": "Point",
        "coordinates": [
          77.7305782,
          12.9563317
        ]
      },
      "id": "node/10051271572"
    },
    {
      "type": "Feature",
      "properties": {
        "@id": "node/10137293053",
        "amenity": "hospital",
        "healthcare": "hospital",
        "name": "Apollo Pharmacy"
      },
      "geometry": {
        "type": "Point",
        "coordinates": [
          77.6766068,
          12.9263862
        ]
      },
      "id": "node/10137293053"
    },
    {
      "type": "Feature",
      "properties": {
        "@id": "node/10731125349",
        "amenity": "hospital",
        "name": "Suraksha Hospital"
      },
      "geometry": {
        "type": "Point",
        "coordinates": [
          77.628791,
          13.048083
        ]
      },
      "id": "node/10731125349"
    },
    {
      "type": "Feature",
      "properties": {
        "@id": "node/10963251389",
        "addr:city": "Bengaluru",
        "addr:postcode": "560102",
        "addr:street": "HARLUR MAIN ROAD ,OPP.OZONE EVERGREEN SOCIETY GATE 1",
        "amenity": "hospital",
        "emergency": "yes",
        "healthcare": "hospital",
        "healthcare:speciality": "dentist",
        "name": "The Local Dentist",
        "operator": "DENTAL CLINIC",
        "operator:type": "business"
      },
      "geometry": {
        "type": "Point",
        "coordinates": [
          77.663997,
          12.9094156
        ]
      },
      "id": "node/10963251389"
    },
    {
      "type": "Feature",
      "properties": {
        "@id": "node/11031908387",
        "addr:city": "Basaveshwara Nagar, Bangalore",
        "addr:housenumber": "629",
        "addr:postcode": "560079",
        "addr:street": "8th B Main Road, 3rd Stage, 2nd Block, Basaveshwaranagara",
        "amenity": "hospital",
        "healthcare": "hospital",
        "healthcare:speciality": "gynaecology;orthodontics;dentist;vaccination;plastic_surgery",
        "name": "Janani Clinics",
        "operator": "Dr. V. Jeevan Prakash",
        "operator:type": "private",
        "phone": "9036817877"
      },
      "geometry": {
        "type": "Point",
        "coordinates": [
          77.5437825,
          12.9918503
        ]
      },
      "id": "node/11031908387"
    },
    {
      "type": "Feature",
      "properties": {
        "@id": "node/11085582504",
        "addr:city": "bangalore",
        "addr:postcode": "560103",
        "addr:street": "24th Main Rd, Vanganahalli, 1st Sector, HSR Layout 5th Sector, Bengaluru,",
        "amenity": "hospital",
        "healthcare": "hospital",
        "name": "Lotus Hospital"
      },
      "geometry": {
        "type": "Point",
        "coordinates": [
          77.6491563,
          12.9144825
        ]
      },
      "id": "node/11085582504"
    },
    {
      "type": "Feature",
      "properties": {
        "@id": "node/11272209797",
        "amenity": "hospital",
        "check_date": "2023-10-18",
        "healthcare": "hospital",
        "healthcare:speciality": "gynaecology",
        "name": "Ayaans Hospital",
        "wheelchair": "yes"
      },
      "geometry": {
        "type": "Point",
        "coordinates": [
          77.6435889,
          12.9782618
        ]
      },
      "id": "node/11272209797"
    },
    {
      "type": "Feature",
      "properties": {
        "@id": "node/11295071515",
        "amenity": "hospital",
        "check_date": "2023-10-28",
        "healthcare": "hospital",
        "name": "NIMHANS Department Of Psychiatric and Neuro Rehabilitation",
        "operator:type": "government",
        "wheelchair": "yes"
      },
      "geometry": {
        "type": "Point",
        "coordinates": [
          77.5954768,
          12.9400516
        ]
      },
      "id": "node/11295071515"
    },
    {
      "type": "Feature",
      "properties": {
        "@id": "node/11295217457",
        "amenity": "hospital",
        "check_date": "2023-10-28",
        "healthcare": "hospital",
        "healthcare:speciality": "neurology",
        "name": "Nimhans Mr-pet Center",
        "operator:type": "government",
        "wheelchair": "yes"
      },
      "geometry": {
        "type": "Point",
        "coordinates": [
          77.5967825,
          12.9396498
        ]
      },
      "id": "node/11295217457"
    },
    {
      "type": "Feature",
      "properties": {
        "@id": "node/11295246682",
        "amenity": "hospital",
        "check_date": "2023-10-28",
        "healthcare": "hospital",
        "name": "NIMHANS Physiotherapy Center",
        "operator:type": "government",
        "wheelchair": "yes"
      },
      "geometry": {
        "type": "Point",
        "coordinates": [
          77.5954721,
          12.9402037
        ]
      },
      "id": "node/11295246682"
    },
    {
      "type": "Feature",
      "properties": {
        "@id": "node/11299121541",
        "amenity": "hospital",
        "healthcare": "hospital",
        "name": "Zymus Hospitals"
      },
      "geometry": {
        "type": "Point",
        "coordinates": [
          77.5450234,
          12.8784742
        ]
      },
      "id": "node/11299121541"
    },
    {
      "type": "Feature",
      "properties": {
        "@id": "node/11303711371",
        "amenity": "hospital",
        "check_date": "2023-11-01",
        "healthcare": "hospital",
        "level": "0;1;2",
        "name": "Cadabam's Hospitals",
        "wheelchair": "yes"
      },
      "geometry": {
        "type": "Point",
        "coordinates": [
          77.5869281,
          12.906071
        ]
      },
      "id": "node/11303711371"
    },
    {
      "type": "Feature",
      "properties": {
        "@id": "node/11385217932",
        "addr:district": "Bengaluru Urban",
        "addr:full": "No 23, 80 Feet Road, Gurukrupa Layout",
        "addr:postcode": "560072",
        "addr:state": "Karnataka",
        "addr:subdistrict": "Nagarbhavi",
        "amenity": "hospital",
        "healthcare": "hospital",
        "healthcare:speciality": "multi speciality",
        "name": "Fortis Hospital, Nagarbhavi",
        "name:kn": "ಫೋರ್ಟಿಸ್ ಆಸ್ಪತ್ರೆ",
        "operator:type": "private",
        "source": "OpenGovernmentData",
        "website": "https://www.fortishealthcare.com/"
      },
      "geometry": {
        "type": "Point",
        "coordinates": [
          77.5112481,
          12.9596032
        ]
      },
      "id": "node/11385217932"
    },
    {
      "type": "Feature",
      "properties": {
        "@id": "node/11407254183",
        "amenity": "hospital",
        "name": "MEDSTAR Speciality Hospital"
      },
      "geometry": {
        "type": "Point",
        "coordinates": [
          77.5860405,
          13.058128
        ]
      },
      "id": "node/11407254183"
    },
    {
      "type": "Feature",
      "properties": {
        "@id": "node/11684501144",
        "amenity": "hospital",
        "check_date": "2024-03-02",
        "healthcare": "hospital",
        "name": "Span Health Center"
      },
      "geometry": {
        "type": "Point",
        "coordinates": [
          77.6271297,
          12.9774449
        ]
      },
      "id": "node/11684501144"
    },
    {
      "type": "Feature",
      "properties": {
        "@id": "node/11700164026",
        "addr:city": "Electronic city post",
        "addr:housenumber": "13-14/1",
        "addr:postcode": "560100",
        "addr:street": "Haralur Road",
        "amenity": "hospital",
        "healthcare": "dentist",
        "healthcare:speciality": "dentist",
        "name": "Smile Smart Dental & Implant Centre",
        "operator": "Smile Smart Dental",
        "operator:type": "private"
      },
      "geometry": {
        "type": "Point",
        "coordinates": [
          77.6552588,
          12.8804891
        ]
      },
      "id": "node/11700164026"
    },
    {
      "type": "Feature",
      "properties": {
        "@id": "node/11710491602",
        "amenity": "hospital",
        "check_date": "2024-03-10",
        "description": "Multi-speciality hospital",
        "healthcare": "hospital",
        "name": "Uvin Care Hospital"
      },
      "geometry": {
        "type": "Point",
        "coordinates": [
          77.6282837,
          12.9778346
        ]
      },
      "id": "node/11710491602"
    },
    {
      "type": "Feature",
      "properties": {
        "@id": "node/11782289126",
        "amenity": "hospital",
        "check_date": "2024-04-03",
        "healthcare": "hospital",
        "name": "Sai Sparsh Hospital",
        "source": "survey"
      },
      "geometry": {
        "type": "Point",
        "coordinates": [
          77.6368614,
          12.8933895
        ]
      },
      "id": "node/11782289126"
    },
    {
      "type": "Feature",
      "properties": {
        "@id": "node/11813227397",
        "amenity": "hospital",
        "name": "Bengaluru City Hospital"
      },
      "geometry": {
        "type": "Point",
        "coordinates": [
          77.5707809,
          12.9075935
        ]
      },
      "id": "node/11813227397"
    },
    {
      "type": "Feature",
      "properties": {
        "@id": "node/11853321328",
        "amenity": "hospital",
        "check_date": "2024-04-27",
        "healthcare": "hospital",
        "name": "Aspire Hospital"
      },
      "geometry": {
        "type": "Point",
        "coordinates": [
          77.6145878,
          12.9971683
        ]
      },
      "id": "node/11853321328"
    },
    {
      "type": "Feature",
      "properties": {
        "@id": "node/11869384815",
        "addr:street": "Kanakapura Road",
        "amenity": "hospital",
        "description": "Multi speciality hospital",
        "name": "Dhee Hospital",
        "website": "https://dheehospitals.com/"
      },
      "geometry": {
        "type": "Point",
        "coordinates": [
          77.550214,
          12.8835095
        ]
      },
      "id": "node/11869384815"
    },
    {
      "type": "Feature",
      "properties": {
        "@id": "node/11903094814",
        "amenity": "hospital",
        "name": "Sai Thunga Hospitals"
      },
      "geometry": {
        "type": "Point",
        "coordinates": [
          77.6481809,
          12.9240012
        ]
      },
      "id": "node/11903094814"
    },
    {
      "type": "Feature",
      "properties": {
        "@id": "node/11932360089",
        "amenity": "hospital",
        "check_date": "2024-05-25",
        "healthcare": "hospital",
        "name": "Esha Hospital"
      },
      "geometry": {
        "type": "Point",
        "coordinates": [
          77.567378,
          13.098072
        ]
      },
      "id": "node/11932360089"
    },
    {
      "type": "Feature",
      "properties": {
        "@id": "node/11946809268",
        "amenity": "hospital",
        "healthcare": "hospital",
        "name": "Chirag Global Hospital"
      },
      "geometry": {
        "type": "Point",
        "coordinates": [
          77.6037517,
          12.9058817
        ]
      },
      "id": "node/11946809268"
    },
    {
      "type": "Feature",
      "properties": {
        "@id": "node/11949327621",
        "amenity": "hospital",
        "check_date": "2024-06-01",
        "healthcare": "hospital",
        "name": "Manipal Hospital OPD",
        "phone": "18001025555"
      },
      "geometry": {
        "type": "Point",
        "coordinates": [
          77.592227,
          13.0624568
        ]
      },
      "id": "node/11949327621"
    },
    {
      "type": "Feature",
      "properties": {
        "@id": "node/11965775664",
        "amenity": "hospital",
        "check_date": "2024-06-09",
        "healthcare": "hospital",
        "name": "PMC Hospital"
      },
      "geometry": {
        "type": "Point",
        "coordinates": [
          77.5545009,
          13.0065047
        ]
      },
      "id": "node/11965775664"
    },
    {
      "type": "Feature",
      "properties": {
        "@id": "node/11982389397",
        "amenity": "hospital",
        "check_date": "2024-06-15",
        "healthcare": "hospital",
        "name": "New Varalakshmi Hospital"
      },
      "geometry": {
        "type": "Point",
        "coordinates": [
          77.5550964,
          12.9988382
        ]
      },
      "id": "node/11982389397"
    },
    {
      "type": "Feature",
      "properties": {
        "@id": "node/12056743550",
        "amenity": "hospital",
        "name": "Ashwini Hospital"
      },
      "geometry": {
        "type": "Point",
        "coordinates": [
          77.5978974,
          13.0988482
        ]
      },
      "id": "node/12056743550"
    },
    {
      "type": "Feature",
      "properties": {
        "@id": "node/12103684982",
        "amenity": "hospital",
        "check_date": "2024-08-11",
        "healthcare": "hospital",
        "name": "Apollo Cradle Children's Hospital"
      },
      "geometry": {
        "type": "Point",
        "coordinates": [
          77.5536287,
          13.002768
        ]
      },
      "id": "node/12103684982"
    },
    {
      "type": "Feature",
      "properties": {
        "@id": "node/12117952601",
        "addr:street": "Bellary Road",
        "amenity": "hospital",
        "name": "Motherhood Children's Hospital",
        "opening_hours": "24/7"
      },
      "geometry": {
        "type": "Point",
        "coordinates": [
          77.5930638,
          13.0620051
        ]
      },
      "id": "node/12117952601"
    },
    {
      "type": "Feature",
      "properties": {
        "@id": "node/12144434658",
        "amenity": "hospital",
        "check_date": "2024-08-29",
        "healthcare": "hospital",
        "name": "Abiramm Hospital",
        "source": "survey"
      },
      "geometry": {
        "type": "Point",
        "coordinates": [
          77.6515698,
          12.8728525
        ]
      },
      "id": "node/12144434658"
    },
    {
      "type": "Feature",
      "properties": {
        "@id": "node/12240737170",
        "amenity": "hospital",
        "name": "Netradhama"
      },
      "geometry": {
        "type": "Point",
        "coordinates": [
          77.5510293,
          12.99743
        ]
      },
      "id": "node/12240737170"
    },
    {
      "type": "Feature",
      "properties": {
        "@id": "node/12270754747",
        "amenity": "hospital",
        "check_date": "2024-10-20",
        "healthcare": "hospital",
        "name": "Sri Sai Hospital"
      },
      "geometry": {
        "type": "Point",
        "coordinates": [
          77.6542581,
          12.871395
        ]
      },
      "id": "node/12270754747"
    },
    {
      "type": "Feature",
      "properties": {
        "@id": "node/12270754755",
        "amenity": "hospital",
        "check_date": "2024-10-20",
        "healthcare": "hospital"
      },
      "geometry": {
        "type": "Point",
        "coordinates": [
          77.6492549,
          12.8841477
        ]
      },
      "id": "node/12270754755"
    },
    {
      "type": "Feature",
      "properties": {
        "@id": "node/12270754757",
        "amenity": "hospital",
        "check_date": "2024-10-20",
        "healthcare": "hospital",
        "name": "Raksha Hospital"
      },
      "geometry": {
        "type": "Point",
        "coordinates": [
          77.6505317,
          12.8892622
        ]
      },
      "id": "node/12270754757"
    },
    {
      "type": "Feature",
      "properties": {
        "@id": "node/12389587601",
        "addr:housenumber": "4",
        "addr:postcode": "560047",
        "addr:street": "Mother Teresa Road",
        "amenity": "hospital",
        "name": "St Philomenas Hospital OPD Building",
        "phone": "08040164346;08040164300",
        "website": "https://www.stphilomenashospital.com/",
        "wheelchair": "yes"
      },
      "geometry": {
        "type": "Point",
        "coordinates": [
          77.6109015,
          12.9658506
        ]
      },
      "id": "node/12389587601"
    },
    {
      "type": "Feature",
      "properties": {
        "@id": "node/12438173201",
        "amenity": "hospital",
        "check_date": "2024-12-21",
        "healthcare": "hospital",
        "name": "Hiremath Hospital"
      },
      "geometry": {
        "type": "Point",
        "coordinates": [
          77.5358965,
          12.9754354
        ]
      },
      "id": "node/12438173201"
    },
    {
      "type": "Feature",
      "properties": {
        "@id": "node/12460939644",
        "amenity": "hospital",
        "check_date": "2024-12-29",
        "healthcare": "hospital",
        "name": "Gawai Hospital",
        "wheelchair": "yes"
      },
      "geometry": {
        "type": "Point",
        "coordinates": [
          77.6075693,
          12.9962739
        ]
      },
      "id": "node/12460939644"
    },
    {
      "type": "Feature",
      "properties": {
        "@id": "node/12500298573",
        "amenity": "hospital",
        "branch": "Whitefield",
        "check_date": "2025-07-12",
        "healthcare": "hospital",
        "name": "Dr. Agarwal's Eye Hospital",
        "operator": "Dr. Agarwal's Eye Hospital",
        "operator:type": "private",
        "operator:wikidata": "Q17052044"
      },
      "geometry": {
        "type": "Point",
        "coordinates": [
          77.7500478,
          12.9678752
        ]
      },
      "id": "node/12500298573"
    },
    {
      "type": "Feature",
      "properties": {
        "@id": "node/12508687328",
        "addr:city": "Bengaluru",
        "addr:district": "Bengaluru Urban",
        "addr:full": "640, 12Th Main, 80 Ft Road, 4Th Block, Koramangala",
        "addr:housenumber": "640",
        "addr:postcode": "560034",
        "addr:state": "Karnataka",
        "addr:street": "640, 12Th Main, 80 Ft Road, 4Th Block, Koramangala",
        "amenity": "hospital",
        "healthcare": "hospital",
        "name": "Beams Hospitals Private Limited"
      },
      "geometry": {
        "type": "Point",
        "coordinates": [
          77.6296323,
          12.9342277
        ]
      },
      "id": "node/12508687328"
    },
    {
      "type": "Feature",
      "properties": {
        "@id": "node/12541779301",
        "amenity": "hospital",
        "name": "H Siddiah Referral Hospital"
      },
      "geometry": {
        "type": "Point",
        "coordinates": [
          77.5824398,
          12.9569057
        ]
      },
      "id": "node/12541779301"
    },
    {
      "type": "Feature",
      "properties": {
        "@id": "node/12570033453",
        "amenity": "hospital",
        "check_date": "2025-07-11",
        "healthcare": "hospital",
        "name": "Suraksha Hospitsls",
        "opening_hours": "24/7"
      },
      "geometry": {
        "type": "Point",
        "coordinates": [
          77.7467408,
          12.939978
        ]
      },
      "id": "node/12570033453"
    },
    {
      "type": "Feature",
      "properties": {
        "@id": "node/12620153411",
        "amenity": "hospital",
        "check_date": "2025-06-01",
        "healthcare": "hospital",
        "name": "Aria",
        "phone": "+91 90907 86110"
      },
      "geometry": {
        "type": "Point",
        "coordinates": [
          77.7475266,
          12.9433908
        ]
      },
      "id": "node/12620153411"
    },
    {
      "type": "Feature",
      "properties": {
        "@id": "node/12651764011",
        "addr:city": "Bengaluru",
        "addr:postcode": "560056",
        "addr:street": "Ullal Main Road",
        "amenity": "hospital",
        "healthcare": "hospital",
        "healthcare:speciality": "gynaecology",
        "mobile": "09980816643",
        "name": "Shri Mokambika Women's Clinic, Child care and Nethralaya",
        "note": "Plus Code: XF2X+QJ Bengaluru, Karnataka"
      },
      "geometry": {
        "type": "Point",
        "coordinates": [
          77.4989075,
          12.9519863
        ]
      },
      "id": "node/12651764011"
    },
    {
      "type": "Feature",
      "properties": {
        "@id": "node/12651764012",
        "addr:city": "Bengaluru",
        "addr:postcode": "560056",
        "addr:street": "Ullal Main Road",
        "amenity": "hospital",
        "healthcare": "hospital",
        "healthcare:speciality": "diagnostic_centre;blood_check;scanning;x-ray;ecg;laboratory",
        "mobile": "9972629415",
        "name": "Suraksha Diagnostic Centre",
        "opening_hours": "Mo-Sa 07:00-21:00,Su 07:00-14:00"
      },
      "geometry": {
        "type": "Point",
        "coordinates": [
          77.4990341,
          12.9519538
        ]
      },
      "id": "node/12651764012"
    },
    {
      "type": "Feature",
      "properties": {
        "@id": "node/12651832969",
        "amenity": "hospital",
        "check_date": "2025-03-11",
        "healthcare": "hospital",
        "name": "Cloud Nine"
      },
      "geometry": {
        "type": "Point",
        "coordinates": [
          77.7414284,
          12.9566829
        ]
      },
      "id": "node/12651832969"
    },
    {
      "type": "Feature",
      "properties": {
        "@id": "node/12676261338",
        "amenity": "hospital",
        "check_date": "2025-03-18",
        "healthcare": "hospital",
        "name": "Jindal Charitable Hospital"
      },
      "geometry": {
        "type": "Point",
        "coordinates": [
          77.5539724,
          12.9937247
        ]
      },
      "id": "node/12676261338"
    },
    {
      "type": "Feature",
      "properties": {
        "@id": "node/12737013801",
        "addr:housenumber": "13",
        "addr:postcode": "560047",
        "addr:street": "Palmgrove Road, Stage 2, Xavier Layout, Victoria Layout",
        "amenity": "hospital",
        "name": "Hosmat Hospitals",
        "phone": "+918025593796",
        "website": "https://www.hosmathospitals.com/"
      },
      "geometry": {
        "type": "Point",
        "coordinates": [
          77.6143018,
          12.9644726
        ]
      },
      "id": "node/12737013801"
    },
    {
      "type": "Feature",
      "properties": {
        "@id": "node/12765777977",
        "amenity": "hospital",
        "healthcare": "hospital",
        "healthcare:speciality": "gastroenterology;oncology",
        "name": "Bangalore Gastro Centre",
        "phone": "080 46 888 888",
        "website": "https://www.bangaloregastrocentre.com/"
      },
      "geometry": {
        "type": "Point",
        "coordinates": [
          77.6523087,
          12.9160037
        ]
      },
      "id": "node/12765777977"
    },
    {
      "type": "Feature",
      "properties": {
        "@id": "node/12767981104",
        "amenity": "hospital",
        "name": "Narayana Nethralaya",
        "opening_hours": "Mo-Sa 08:30-18:00",
        "phone": "08066121658",
        "website": "https://www.narayananethralaya.org/"
      },
      "geometry": {
        "type": "Point",
        "coordinates": [
          77.7092104,
          12.980602
        ]
      },
      "id": "node/12767981104"
    },
    {
      "type": "Feature",
      "properties": {
        "@id": "node/12767981105",
        "amenity": "hospital",
        "name": "Nethradhama",
        "opening_hours": "Mo-Sa 09:00-20:00,Su 09:00-13:00",
        "phone": "080 62646800",
        "website": "https://nethradhama.org/"
      },
      "geometry": {
        "type": "Point",
        "coordinates": [
          77.7258334,
          12.9762006
        ]
      },
      "id": "node/12767981105"
    },
    {
      "type": "Feature",
      "properties": {
        "@id": "node/12879028441",
        "amenity": "hospital",
        "check_date": "2025-06-01",
        "healthcare": "hospital",
        "name": "Sree Venkateshwara Hospital"
      },
      "geometry": {
        "type": "Point",
        "coordinates": [
          77.7472104,
          12.9388501
        ]
      },
      "id": "node/12879028441"
    },
    {
      "type": "Feature",
      "properties": {
        "@id": "node/12917084092",
        "amenity": "hospital",
        "name": "AMC Multispeciality Hospital"
      },
      "geometry": {
        "type": "Point",
        "coordinates": [
          77.5764082,
          12.9296701
        ]
      },
      "id": "node/12917084092"
    },
    {
      "type": "Feature",
      "properties": {
        "@id": "node/12956090274",
        "addr:city": "Bangalore",
        "addr:district": "Bengaluru",
        "addr:housenumber": "224",
        "addr:postcode": "560034",
        "addr:street": "5th cross, 4th block",
        "amenity": "hospital",
        "emergency": "no",
        "healthcare": "hospital",
        "healthcare:speciality": "dentistry;prosthodontist;pediatric_dentist;implants;orthodontics;invisalign;root_canal_treatment",
        "name": "Proteeth Dental",
        "operator": "Dr Saranya, Dr Dipen",
        "operator:type": "private"
      },
      "geometry": {
        "type": "Point",
        "coordinates": [
          77.6284665,
          12.9346221
        ]
      },
      "id": "node/12956090274"
    },
    {
      "type": "Feature",
      "properties": {
        "@id": "node/12959840781",
        "amenity": "hospital",
        "check_date": "2025-06-29",
        "healthcare": "hospital",
        "name": "Trilife Hospital",
        "name:en": "Trilife Hospital",
        "operator:type": "private"
      },
      "geometry": {
        "type": "Point",
        "coordinates": [
          77.6429262,
          13.0170153
        ]
      },
      "id": "node/12959840781"
    },
    {
      "type": "Feature",
      "properties": {
        "@id": "node/12995318310",
        "amenity": "hospital",
        "check_date": "2025-07-12",
        "healthcare": "hospital",
        "name": "Big Hospitals"
      },
      "geometry": {
        "type": "Point",
        "coordinates": [
          77.5848675,
          12.9405054
        ]
      },
      "id": "node/12995318310"
    },
    {
      "type": "Feature",
      "properties": {
        "@id": "node/13065064242",
        "amenity": "hospital",
        "healthcare": "hospital",
        "name": "Motherhood"
      },
      "geometry": {
        "type": "Point",
        "coordinates": [
          77.6516186,
          13.0202419
        ]
      },
      "id": "node/13065064242"
    },
    {
      "type": "Feature",
      "properties": {
        "@id": "node/13072628554",
        "amenity": "hospital",
        "check_date": "2025-08-15",
        "healthcare": "hospital",
        "name": "NASA Hospitals"
      },
      "geometry": {
        "type": "Point",
        "coordinates": [
          77.6597392,
          13.0058328
        ]
      },
      "id": "node/13072628554"
    },
    {
      "type": "Feature",
      "properties": {
        "@id": "node/13164592436",
        "addr:city": "Bangalore",
        "addr:district": "Bengaluru Urban",
        "addr:housenumber": "426",
        "addr:postcode": "560043",
        "addr:street": "CMR Main Rd, 3rd Cross,2nd Block HRBR Layout, Kalyan nagar",
        "amenity": "hospital",
        "healthcare": "hospital",
        "name": "Bangalore Orthopeadic And Surgical Hospital",
        "operator": "Novosalus Technology",
        "operator:type": "private"
      },
      "geometry": {
        "type": "Point",
        "coordinates": [
          77.6385853,
          13.0219385
        ]
      },
      "id": "node/13164592436"
    },
    {
      "type": "Feature",
      "properties": {
        "@id": "node/13257391201",
        "addr:postcode": "560061",
        "addr:street": "Dr. Vishnuvardhan Road",
        "amenity": "hospital",
        "name": "Nano Hospitals"
      },
      "geometry": {
        "type": "Point",
        "coordinates": [
          77.5460762,
          12.9070989
        ]
      },
      "id": "node/13257391201"
    },
    {
      "type": "Feature",
      "properties": {
        "@id": "node/13666515767",
        "addr:city": "Bengaluru",
        "addr:district": "BENGALURU URBAN",
        "addr:postcode": "560103",
        "addr:street": "akra World Hospital - SY NO 52/2, 52/3, Devarabeesanahalli, Varthur Hobli Opp Intel, Outer Ring Rd, Marathahalli",
        "alt_name": "Dr Ramesh Dalwai",
        "amenity": "hospital",
        "healthcare": "hospital",
        "healthcare:speciality": "orthopaedic_surgeon;pine_surgery",
        "name": "Sakra World Hospital",
        "website": "https://www.dalwaispine.com/"
      },
      "geometry": {
        "type": "Point",
        "coordinates": [
          77.6852483,
          12.932315
        ]
      },
      "id": "node/13666515767"
    }
  ]
}